time	well	position	DATE	TECAN	sample	REP	conc_ara	tmp	k	n0	r	t_mid	t_gen	auc_l	auc_e	sigma	note	OD
0	Well 104	A4	12072022	40	WT (Amp plasmid)	1	0% arabinose	10	0.000775	0.006025345	0.040310311	-3.415526758	17.19528258	0.045454352	0.0354575	0.003132276	questionable fit (k < n0)	0.09285
0.25	Well 104	A4	12072022	40	WT (Amp plasmid)	1	0% arabinose	10	0.000775	0.006025345	0.040310311	-3.415526758	17.19528258	0.045454352	0.0354575	0.003132276	questionable fit (k < n0)	0.093225
0.5	Well 104	A4	12072022	40	WT (Amp plasmid)	1	0% arabinose	10	0.000775	0.006025345	0.040310311	-3.415526758	17.19528258	0.045454352	0.0354575	0.003132276	questionable fit (k < n0)	0.09385
0.75	Well 104	A4	12072022	40	WT (Amp plasmid)	1	0% arabinose	10	0.000775	0.006025345	0.040310311	-3.415526758	17.19528258	0.045454352	0.0354575	0.003132276	questionable fit (k < n0)	0.09465
1	Well 104	A4	12072022	40	WT (Amp plasmid)	1	0% arabinose	10	0.000775	0.006025345	0.040310311	-3.415526758	17.19528258	0.045454352	0.0354575	0.003132276	questionable fit (k < n0)	0.095875
1.25	Well 104	A4	12072022	40	WT (Amp plasmid)	1	0% arabinose	10	0.000775	0.006025345	0.040310311	-3.415526758	17.19528258	0.045454352	0.0354575	0.003132276	questionable fit (k < n0)	0.097125
1.5	Well 104	A4	12072022	40	WT (Amp plasmid)	1	0% arabinose	10	0.000775	0.006025345	0.040310311	-3.415526758	17.19528258	0.045454352	0.0354575	0.003132276	questionable fit (k < n0)	0.098675
1.75	Well 104	A4	12072022	40	WT (Amp plasmid)	1	0% arabinose	10	0.000775	0.006025345	0.040310311	-3.415526758	17.19528258	0.045454352	0.0354575	0.003132276	questionable fit (k < n0)	0.10035
2	Well 104	A4	12072022	40	WT (Amp plasmid)	1	0% arabinose	10	0.000775	0.006025345	0.040310311	-3.415526758	17.19528258	0.045454352	0.0354575	0.003132276	questionable fit (k < n0)	0.10183
2.25	Well 104	A4	12072022	40	WT (Amp plasmid)	1	0% arabinose	10	0.000775	0.006025345	0.040310311	-3.415526758	17.19528258	0.045454352	0.0354575	0.003132276	questionable fit (k < n0)	0.10303
2.5	Well 104	A4	12072022	40	WT (Amp plasmid)	1	0% arabinose	10	0.000775	0.006025345	0.040310311	-3.415526758	17.19528258	0.045454352	0.0354575	0.003132276	questionable fit (k < n0)	0.10355
2.75	Well 104	A4	12072022	40	WT (Amp plasmid)	1	0% arabinose	10	0.000775	0.006025345	0.040310311	-3.415526758	17.19528258	0.045454352	0.0354575	0.003132276	questionable fit (k < n0)	0.1044
3	Well 104	A4	12072022	40	WT (Amp plasmid)	1	0% arabinose	10	0.000775	0.006025345	0.040310311	-3.415526758	17.19528258	0.045454352	0.0354575	0.003132276	questionable fit (k < n0)	0.10442
3.25	Well 104	A4	12072022	40	WT (Amp plasmid)	1	0% arabinose	10	0.000775	0.006025345	0.040310311	-3.415526758	17.19528258	0.045454352	0.0354575	0.003132276	questionable fit (k < n0)	0.10165
3.5	Well 104	A4	12072022	40	WT (Amp plasmid)	1	0% arabinose	10	0.000775	0.006025345	0.040310311	-3.415526758	17.19528258	0.045454352	0.0354575	0.003132276	questionable fit (k < n0)	0.09735
3.75	Well 104	A4	12072022	40	WT (Amp plasmid)	1	0% arabinose	10	0.000775	0.006025345	0.040310311	-3.415526758	17.19528258	0.045454352	0.0354575	0.003132276	questionable fit (k < n0)	0.09405
4	Well 104	A4	12072022	40	WT (Amp plasmid)	1	0% arabinose	10	0.000775	0.006025345	0.040310311	-3.415526758	17.19528258	0.045454352	0.0354575	0.003132276	questionable fit (k < n0)	0.092725
4.25	Well 104	A4	12072022	40	WT (Amp plasmid)	1	0% arabinose	10	0.000775	0.006025345	0.040310311	-3.415526758	17.19528258	0.045454352	0.0354575	0.003132276	questionable fit (k < n0)	0.09205
4.5	Well 104	A4	12072022	40	WT (Amp plasmid)	1	0% arabinose	10	0.000775	0.006025345	0.040310311	-3.415526758	17.19528258	0.045454352	0.0354575	0.003132276	questionable fit (k < n0)	0.0917
4.75	Well 104	A4	12072022	40	WT (Amp plasmid)	1	0% arabinose	10	0.000775	0.006025345	0.040310311	-3.415526758	17.19528258	0.045454352	0.0354575	0.003132276	questionable fit (k < n0)	0.0916
5	Well 104	A4	12072022	40	WT (Amp plasmid)	1	0% arabinose	10	0.000775	0.006025345	0.040310311	-3.415526758	17.19528258	0.045454352	0.0354575	0.003132276	questionable fit (k < n0)	0.091525
5.25	Well 104	A4	12072022	40	WT (Amp plasmid)	1	0% arabinose	10	0.000775	0.006025345	0.040310311	-3.415526758	17.19528258	0.045454352	0.0354575	0.003132276	questionable fit (k < n0)	0.09145
5.5	Well 104	A4	12072022	40	WT (Amp plasmid)	1	0% arabinose	10	0.000775	0.006025345	0.040310311	-3.415526758	17.19528258	0.045454352	0.0354575	0.003132276	questionable fit (k < n0)	0.09155
5.75	Well 104	A4	12072022	40	WT (Amp plasmid)	1	0% arabinose	10	0.000775	0.006025345	0.040310311	-3.415526758	17.19528258	0.045454352	0.0354575	0.003132276	questionable fit (k < n0)	0.091575
6	Well 104	A4	12072022	40	WT (Amp plasmid)	1	0% arabinose	10	0.000775	0.006025345	0.040310311	-3.415526758	17.19528258	0.045454352	0.0354575	0.003132276	questionable fit (k < n0)	0.091675
6.25	Well 104	A4	12072022	40	WT (Amp plasmid)	1	0% arabinose	10	0.000775	0.006025345	0.040310311	-3.415526758	17.19528258	0.045454352	0.0354575	0.003132276	questionable fit (k < n0)	0.0914
6.5	Well 104	A4	12072022	40	WT (Amp plasmid)	1	0% arabinose	10	0.000775	0.006025345	0.040310311	-3.415526758	17.19528258	0.045454352	0.0354575	0.003132276	questionable fit (k < n0)	0.0914
6.75	Well 104	A4	12072022	40	WT (Amp plasmid)	1	0% arabinose	10	0.000775	0.006025345	0.040310311	-3.415526758	17.19528258	0.045454352	0.0354575	0.003132276	questionable fit (k < n0)	0.0915
7	Well 104	A4	12072022	40	WT (Amp plasmid)	1	0% arabinose	10	0.000775	0.006025345	0.040310311	-3.415526758	17.19528258	0.045454352	0.0354575	0.003132276	questionable fit (k < n0)	0.091625
7.25	Well 104	A4	12072022	40	WT (Amp plasmid)	1	0% arabinose	10	0.000775	0.006025345	0.040310311	-3.415526758	17.19528258	0.045454352	0.0354575	0.003132276	questionable fit (k < n0)	0.0915
7.5	Well 104	A4	12072022	40	WT (Amp plasmid)	1	0% arabinose	10	0.000775	0.006025345	0.040310311	-3.415526758	17.19528258	0.045454352	0.0354575	0.003132276	questionable fit (k < n0)	0.09165
7.75	Well 104	A4	12072022	40	WT (Amp plasmid)	1	0% arabinose	10	0.000775	0.006025345	0.040310311	-3.415526758	17.19528258	0.045454352	0.0354575	0.003132276	questionable fit (k < n0)	0.091575
8	Well 104	A4	12072022	40	WT (Amp plasmid)	1	0% arabinose	10	0.000775	0.006025345	0.040310311	-3.415526758	17.19528258	0.045454352	0.0354575	0.003132276	questionable fit (k < n0)	0.091675
8.25	Well 104	A4	12072022	40	WT (Amp plasmid)	1	0% arabinose	10	0.000775	0.006025345	0.040310311	-3.415526758	17.19528258	0.045454352	0.0354575	0.003132276	questionable fit (k < n0)	0.0916
8.5	Well 104	A4	12072022	40	WT (Amp plasmid)	1	0% arabinose	10	0.000775	0.006025345	0.040310311	-3.415526758	17.19528258	0.045454352	0.0354575	0.003132276	questionable fit (k < n0)	0.09175
8.75	Well 104	A4	12072022	40	WT (Amp plasmid)	1	0% arabinose	10	0.000775	0.006025345	0.040310311	-3.415526758	17.19528258	0.045454352	0.0354575	0.003132276	questionable fit (k < n0)	0.091625
9	Well 104	A4	12072022	40	WT (Amp plasmid)	1	0% arabinose	10	0.000775	0.006025345	0.040310311	-3.415526758	17.19528258	0.045454352	0.0354575	0.003132276	questionable fit (k < n0)	0.09165
9.25	Well 104	A4	12072022	40	WT (Amp plasmid)	1	0% arabinose	10	0.000775	0.006025345	0.040310311	-3.415526758	17.19528258	0.045454352	0.0354575	0.003132276	questionable fit (k < n0)	0.091725
9.5	Well 104	A4	12072022	40	WT (Amp plasmid)	1	0% arabinose	10	0.000775	0.006025345	0.040310311	-3.415526758	17.19528258	0.045454352	0.0354575	0.003132276	questionable fit (k < n0)	0.091825
9.75	Well 104	A4	12072022	40	WT (Amp plasmid)	1	0% arabinose	10	0.000775	0.006025345	0.040310311	-3.415526758	17.19528258	0.045454352	0.0354575	0.003132276	questionable fit (k < n0)	0.09185
10	Well 104	A4	12072022	40	WT (Amp plasmid)	1	0% arabinose	10	0.000775	0.006025345	0.040310311	-3.415526758	17.19528258	0.045454352	0.0354575	0.003132276	questionable fit (k < n0)	0.091825
10.25	Well 104	A4	12072022	40	WT (Amp plasmid)	1	0% arabinose	10	0.000775	0.006025345	0.040310311	-3.415526758	17.19528258	0.045454352	0.0354575	0.003132276	questionable fit (k < n0)	0.091825
10.5	Well 104	A4	12072022	40	WT (Amp plasmid)	1	0% arabinose	10	0.000775	0.006025345	0.040310311	-3.415526758	17.19528258	0.045454352	0.0354575	0.003132276	questionable fit (k < n0)	0.091775
10.75	Well 104	A4	12072022	40	WT (Amp plasmid)	1	0% arabinose	10	0.000775	0.006025345	0.040310311	-3.415526758	17.19528258	0.045454352	0.0354575	0.003132276	questionable fit (k < n0)	0.091925
11	Well 104	A4	12072022	40	WT (Amp plasmid)	1	0% arabinose	10	0.000775	0.006025345	0.040310311	-3.415526758	17.19528258	0.045454352	0.0354575	0.003132276	questionable fit (k < n0)	0.0921
11.25	Well 104	A4	12072022	40	WT (Amp plasmid)	1	0% arabinose	10	0.000775	0.006025345	0.040310311	-3.415526758	17.19528258	0.045454352	0.0354575	0.003132276	questionable fit (k < n0)	0.09205
11.5	Well 104	A4	12072022	40	WT (Amp plasmid)	1	0% arabinose	10	0.000775	0.006025345	0.040310311	-3.415526758	17.19528258	0.045454352	0.0354575	0.003132276	questionable fit (k < n0)	0.092125
11.75	Well 104	A4	12072022	40	WT (Amp plasmid)	1	0% arabinose	10	0.000775	0.006025345	0.040310311	-3.415526758	17.19528258	0.045454352	0.0354575	0.003132276	questionable fit (k < n0)	0.092175
12	Well 104	A4	12072022	40	WT (Amp plasmid)	1	0% arabinose	10	0.000775	0.006025345	0.040310311	-3.415526758	17.19528258	0.045454352	0.0354575	0.003132276	questionable fit (k < n0)	0.0921
12.25	Well 104	A4	12072022	40	WT (Amp plasmid)	1	0% arabinose	10	0.000775	0.006025345	0.040310311	-3.415526758	17.19528258	0.045454352	0.0354575	0.003132276	questionable fit (k < n0)	0.092175
12.5	Well 104	A4	12072022	40	WT (Amp plasmid)	1	0% arabinose	10	0.000775	0.006025345	0.040310311	-3.415526758	17.19528258	0.045454352	0.0354575	0.003132276	questionable fit (k < n0)	0.092175
12.75	Well 104	A4	12072022	40	WT (Amp plasmid)	1	0% arabinose	10	0.000775	0.006025345	0.040310311	-3.415526758	17.19528258	0.045454352	0.0354575	0.003132276	questionable fit (k < n0)	0.09225
13	Well 104	A4	12072022	40	WT (Amp plasmid)	1	0% arabinose	10	0.000775	0.006025345	0.040310311	-3.415526758	17.19528258	0.045454352	0.0354575	0.003132276	questionable fit (k < n0)	0.092275
13.25	Well 104	A4	12072022	40	WT (Amp plasmid)	1	0% arabinose	10	0.000775	0.006025345	0.040310311	-3.415526758	17.19528258	0.045454352	0.0354575	0.003132276	questionable fit (k < n0)	0.092375
13.5	Well 104	A4	12072022	40	WT (Amp plasmid)	1	0% arabinose	10	0.000775	0.006025345	0.040310311	-3.415526758	17.19528258	0.045454352	0.0354575	0.003132276	questionable fit (k < n0)	0.0924
13.75	Well 104	A4	12072022	40	WT (Amp plasmid)	1	0% arabinose	10	0.000775	0.006025345	0.040310311	-3.415526758	17.19528258	0.045454352	0.0354575	0.003132276	questionable fit (k < n0)	0.092425
14	Well 104	A4	12072022	40	WT (Amp plasmid)	1	0% arabinose	10	0.000775	0.006025345	0.040310311	-3.415526758	17.19528258	0.045454352	0.0354575	0.003132276	questionable fit (k < n0)	0.092275
14.25	Well 104	A4	12072022	40	WT (Amp plasmid)	1	0% arabinose	10	0.000775	0.006025345	0.040310311	-3.415526758	17.19528258	0.045454352	0.0354575	0.003132276	questionable fit (k < n0)	0.092375
14.5	Well 104	A4	12072022	40	WT (Amp plasmid)	1	0% arabinose	10	0.000775	0.006025345	0.040310311	-3.415526758	17.19528258	0.045454352	0.0354575	0.003132276	questionable fit (k < n0)	0.0925
14.75	Well 104	A4	12072022	40	WT (Amp plasmid)	1	0% arabinose	10	0.000775	0.006025345	0.040310311	-3.415526758	17.19528258	0.045454352	0.0354575	0.003132276	questionable fit (k < n0)	0.092375
15	Well 104	A4	12072022	40	WT (Amp plasmid)	1	0% arabinose	10	0.000775	0.006025345	0.040310311	-3.415526758	17.19528258	0.045454352	0.0354575	0.003132276	questionable fit (k < n0)	0.09245
15.25	Well 104	A4	12072022	40	WT (Amp plasmid)	1	0% arabinose	10	0.000775	0.006025345	0.040310311	-3.415526758	17.19528258	0.045454352	0.0354575	0.003132276	questionable fit (k < n0)	0.092625
15.5	Well 104	A4	12072022	40	WT (Amp plasmid)	1	0% arabinose	10	0.000775	0.006025345	0.040310311	-3.415526758	17.19528258	0.045454352	0.0354575	0.003132276	questionable fit (k < n0)	0.0924
15.75	Well 104	A4	12072022	40	WT (Amp plasmid)	1	0% arabinose	10	0.000775	0.006025345	0.040310311	-3.415526758	17.19528258	0.045454352	0.0354575	0.003132276	questionable fit (k < n0)	0.09255
16	Well 104	A4	12072022	40	WT (Amp plasmid)	1	0% arabinose	10	0.000775	0.006025345	0.040310311	-3.415526758	17.19528258	0.045454352	0.0354575	0.003132276	questionable fit (k < n0)	0.092425
16.25	Well 104	A4	12072022	40	WT (Amp plasmid)	1	0% arabinose	10	0.000775	0.006025345	0.040310311	-3.415526758	17.19528258	0.045454352	0.0354575	0.003132276	questionable fit (k < n0)	0.09245
0	Well 105	A5	12072022	40	WT (Amp plasmid)	2	0% arabinose	10	9e-04	0.00661442	0.042272266	-3.459935371	16.39720891	0.050597498	0.039156875	0.003446071	questionable fit (k < n0)	0.092075
0.25	Well 105	A5	12072022	40	WT (Amp plasmid)	2	0% arabinose	10	9e-04	0.00661442	0.042272266	-3.459935371	16.39720891	0.050597498	0.039156875	0.003446071	questionable fit (k < n0)	0.09225
0.5	Well 105	A5	12072022	40	WT (Amp plasmid)	2	0% arabinose	10	9e-04	0.00661442	0.042272266	-3.459935371	16.39720891	0.050597498	0.039156875	0.003446071	questionable fit (k < n0)	0.0928
0.75	Well 105	A5	12072022	40	WT (Amp plasmid)	2	0% arabinose	10	9e-04	0.00661442	0.042272266	-3.459935371	16.39720891	0.050597498	0.039156875	0.003446071	questionable fit (k < n0)	0.094025
1	Well 105	A5	12072022	40	WT (Amp plasmid)	2	0% arabinose	10	9e-04	0.00661442	0.042272266	-3.459935371	16.39720891	0.050597498	0.039156875	0.003446071	questionable fit (k < n0)	0.095275
1.25	Well 105	A5	12072022	40	WT (Amp plasmid)	2	0% arabinose	10	9e-04	0.00661442	0.042272266	-3.459935371	16.39720891	0.050597498	0.039156875	0.003446071	questionable fit (k < n0)	0.096625
1.5	Well 105	A5	12072022	40	WT (Amp plasmid)	2	0% arabinose	10	9e-04	0.00661442	0.042272266	-3.459935371	16.39720891	0.050597498	0.039156875	0.003446071	questionable fit (k < n0)	0.0984
1.75	Well 105	A5	12072022	40	WT (Amp plasmid)	2	0% arabinose	10	9e-04	0.00661442	0.042272266	-3.459935371	16.39720891	0.050597498	0.039156875	0.003446071	questionable fit (k < n0)	0.10008
2	Well 105	A5	12072022	40	WT (Amp plasmid)	2	0% arabinose	10	9e-04	0.00661442	0.042272266	-3.459935371	16.39720891	0.050597498	0.039156875	0.003446071	questionable fit (k < n0)	0.10167
2.25	Well 105	A5	12072022	40	WT (Amp plasmid)	2	0% arabinose	10	9e-04	0.00661442	0.042272266	-3.459935371	16.39720891	0.050597498	0.039156875	0.003446071	questionable fit (k < n0)	0.10283
2.5	Well 105	A5	12072022	40	WT (Amp plasmid)	2	0% arabinose	10	9e-04	0.00661442	0.042272266	-3.459935371	16.39720891	0.050597498	0.039156875	0.003446071	questionable fit (k < n0)	0.10368
2.75	Well 105	A5	12072022	40	WT (Amp plasmid)	2	0% arabinose	10	9e-04	0.00661442	0.042272266	-3.459935371	16.39720891	0.050597498	0.039156875	0.003446071	questionable fit (k < n0)	0.10463
3	Well 105	A5	12072022	40	WT (Amp plasmid)	2	0% arabinose	10	9e-04	0.00661442	0.042272266	-3.459935371	16.39720891	0.050597498	0.039156875	0.003446071	questionable fit (k < n0)	0.1045
3.25	Well 105	A5	12072022	40	WT (Amp plasmid)	2	0% arabinose	10	9e-04	0.00661442	0.042272266	-3.459935371	16.39720891	0.050597498	0.039156875	0.003446071	questionable fit (k < n0)	0.1013
3.5	Well 105	A5	12072022	40	WT (Amp plasmid)	2	0% arabinose	10	9e-04	0.00661442	0.042272266	-3.459935371	16.39720891	0.050597498	0.039156875	0.003446071	questionable fit (k < n0)	0.096475
3.75	Well 105	A5	12072022	40	WT (Amp plasmid)	2	0% arabinose	10	9e-04	0.00661442	0.042272266	-3.459935371	16.39720891	0.050597498	0.039156875	0.003446071	questionable fit (k < n0)	0.093075
4	Well 105	A5	12072022	40	WT (Amp plasmid)	2	0% arabinose	10	9e-04	0.00661442	0.042272266	-3.459935371	16.39720891	0.050597498	0.039156875	0.003446071	questionable fit (k < n0)	0.091675
4.25	Well 105	A5	12072022	40	WT (Amp plasmid)	2	0% arabinose	10	9e-04	0.00661442	0.042272266	-3.459935371	16.39720891	0.050597498	0.039156875	0.003446071	questionable fit (k < n0)	0.091
4.5	Well 105	A5	12072022	40	WT (Amp plasmid)	2	0% arabinose	10	9e-04	0.00661442	0.042272266	-3.459935371	16.39720891	0.050597498	0.039156875	0.003446071	questionable fit (k < n0)	0.09055
4.75	Well 105	A5	12072022	40	WT (Amp plasmid)	2	0% arabinose	10	9e-04	0.00661442	0.042272266	-3.459935371	16.39720891	0.050597498	0.039156875	0.003446071	questionable fit (k < n0)	0.0903
5	Well 105	A5	12072022	40	WT (Amp plasmid)	2	0% arabinose	10	9e-04	0.00661442	0.042272266	-3.459935371	16.39720891	0.050597498	0.039156875	0.003446071	questionable fit (k < n0)	0.090325
5.25	Well 105	A5	12072022	40	WT (Amp plasmid)	2	0% arabinose	10	9e-04	0.00661442	0.042272266	-3.459935371	16.39720891	0.050597498	0.039156875	0.003446071	questionable fit (k < n0)	0.09045
5.5	Well 105	A5	12072022	40	WT (Amp plasmid)	2	0% arabinose	10	9e-04	0.00661442	0.042272266	-3.459935371	16.39720891	0.050597498	0.039156875	0.003446071	questionable fit (k < n0)	0.09025
5.75	Well 105	A5	12072022	40	WT (Amp plasmid)	2	0% arabinose	10	9e-04	0.00661442	0.042272266	-3.459935371	16.39720891	0.050597498	0.039156875	0.003446071	questionable fit (k < n0)	0.090325
6	Well 105	A5	12072022	40	WT (Amp plasmid)	2	0% arabinose	10	9e-04	0.00661442	0.042272266	-3.459935371	16.39720891	0.050597498	0.039156875	0.003446071	questionable fit (k < n0)	0.090275
6.25	Well 105	A5	12072022	40	WT (Amp plasmid)	2	0% arabinose	10	9e-04	0.00661442	0.042272266	-3.459935371	16.39720891	0.050597498	0.039156875	0.003446071	questionable fit (k < n0)	0.090275
6.5	Well 105	A5	12072022	40	WT (Amp plasmid)	2	0% arabinose	10	9e-04	0.00661442	0.042272266	-3.459935371	16.39720891	0.050597498	0.039156875	0.003446071	questionable fit (k < n0)	0.090175
6.75	Well 105	A5	12072022	40	WT (Amp plasmid)	2	0% arabinose	10	9e-04	0.00661442	0.042272266	-3.459935371	16.39720891	0.050597498	0.039156875	0.003446071	questionable fit (k < n0)	0.090275
7	Well 105	A5	12072022	40	WT (Amp plasmid)	2	0% arabinose	10	9e-04	0.00661442	0.042272266	-3.459935371	16.39720891	0.050597498	0.039156875	0.003446071	questionable fit (k < n0)	0.090375
7.25	Well 105	A5	12072022	40	WT (Amp plasmid)	2	0% arabinose	10	9e-04	0.00661442	0.042272266	-3.459935371	16.39720891	0.050597498	0.039156875	0.003446071	questionable fit (k < n0)	0.090325
7.5	Well 105	A5	12072022	40	WT (Amp plasmid)	2	0% arabinose	10	9e-04	0.00661442	0.042272266	-3.459935371	16.39720891	0.050597498	0.039156875	0.003446071	questionable fit (k < n0)	0.0904
7.75	Well 105	A5	12072022	40	WT (Amp plasmid)	2	0% arabinose	10	9e-04	0.00661442	0.042272266	-3.459935371	16.39720891	0.050597498	0.039156875	0.003446071	questionable fit (k < n0)	0.090375
8	Well 105	A5	12072022	40	WT (Amp plasmid)	2	0% arabinose	10	9e-04	0.00661442	0.042272266	-3.459935371	16.39720891	0.050597498	0.039156875	0.003446071	questionable fit (k < n0)	0.09045
8.25	Well 105	A5	12072022	40	WT (Amp plasmid)	2	0% arabinose	10	9e-04	0.00661442	0.042272266	-3.459935371	16.39720891	0.050597498	0.039156875	0.003446071	questionable fit (k < n0)	0.090475
8.5	Well 105	A5	12072022	40	WT (Amp plasmid)	2	0% arabinose	10	9e-04	0.00661442	0.042272266	-3.459935371	16.39720891	0.050597498	0.039156875	0.003446071	questionable fit (k < n0)	0.09055
8.75	Well 105	A5	12072022	40	WT (Amp plasmid)	2	0% arabinose	10	9e-04	0.00661442	0.042272266	-3.459935371	16.39720891	0.050597498	0.039156875	0.003446071	questionable fit (k < n0)	0.090425
9	Well 105	A5	12072022	40	WT (Amp plasmid)	2	0% arabinose	10	9e-04	0.00661442	0.042272266	-3.459935371	16.39720891	0.050597498	0.039156875	0.003446071	questionable fit (k < n0)	0.090475
9.25	Well 105	A5	12072022	40	WT (Amp plasmid)	2	0% arabinose	10	9e-04	0.00661442	0.042272266	-3.459935371	16.39720891	0.050597498	0.039156875	0.003446071	questionable fit (k < n0)	0.0905
9.5	Well 105	A5	12072022	40	WT (Amp plasmid)	2	0% arabinose	10	9e-04	0.00661442	0.042272266	-3.459935371	16.39720891	0.050597498	0.039156875	0.003446071	questionable fit (k < n0)	0.090625
9.75	Well 105	A5	12072022	40	WT (Amp plasmid)	2	0% arabinose	10	9e-04	0.00661442	0.042272266	-3.459935371	16.39720891	0.050597498	0.039156875	0.003446071	questionable fit (k < n0)	0.0908
10	Well 105	A5	12072022	40	WT (Amp plasmid)	2	0% arabinose	10	9e-04	0.00661442	0.042272266	-3.459935371	16.39720891	0.050597498	0.039156875	0.003446071	questionable fit (k < n0)	0.090725
10.25	Well 105	A5	12072022	40	WT (Amp plasmid)	2	0% arabinose	10	9e-04	0.00661442	0.042272266	-3.459935371	16.39720891	0.050597498	0.039156875	0.003446071	questionable fit (k < n0)	0.090675
10.5	Well 105	A5	12072022	40	WT (Amp plasmid)	2	0% arabinose	10	9e-04	0.00661442	0.042272266	-3.459935371	16.39720891	0.050597498	0.039156875	0.003446071	questionable fit (k < n0)	0.09055
10.75	Well 105	A5	12072022	40	WT (Amp plasmid)	2	0% arabinose	10	9e-04	0.00661442	0.042272266	-3.459935371	16.39720891	0.050597498	0.039156875	0.003446071	questionable fit (k < n0)	0.0907
11	Well 105	A5	12072022	40	WT (Amp plasmid)	2	0% arabinose	10	9e-04	0.00661442	0.042272266	-3.459935371	16.39720891	0.050597498	0.039156875	0.003446071	questionable fit (k < n0)	0.090725
11.25	Well 105	A5	12072022	40	WT (Amp plasmid)	2	0% arabinose	10	9e-04	0.00661442	0.042272266	-3.459935371	16.39720891	0.050597498	0.039156875	0.003446071	questionable fit (k < n0)	0.090925
11.5	Well 105	A5	12072022	40	WT (Amp plasmid)	2	0% arabinose	10	9e-04	0.00661442	0.042272266	-3.459935371	16.39720891	0.050597498	0.039156875	0.003446071	questionable fit (k < n0)	0.091075
11.75	Well 105	A5	12072022	40	WT (Amp plasmid)	2	0% arabinose	10	9e-04	0.00661442	0.042272266	-3.459935371	16.39720891	0.050597498	0.039156875	0.003446071	questionable fit (k < n0)	0.091075
12	Well 105	A5	12072022	40	WT (Amp plasmid)	2	0% arabinose	10	9e-04	0.00661442	0.042272266	-3.459935371	16.39720891	0.050597498	0.039156875	0.003446071	questionable fit (k < n0)	0.091
12.25	Well 105	A5	12072022	40	WT (Amp plasmid)	2	0% arabinose	10	9e-04	0.00661442	0.042272266	-3.459935371	16.39720891	0.050597498	0.039156875	0.003446071	questionable fit (k < n0)	0.091025
12.5	Well 105	A5	12072022	40	WT (Amp plasmid)	2	0% arabinose	10	9e-04	0.00661442	0.042272266	-3.459935371	16.39720891	0.050597498	0.039156875	0.003446071	questionable fit (k < n0)	0.091
12.75	Well 105	A5	12072022	40	WT (Amp plasmid)	2	0% arabinose	10	9e-04	0.00661442	0.042272266	-3.459935371	16.39720891	0.050597498	0.039156875	0.003446071	questionable fit (k < n0)	0.091075
13	Well 105	A5	12072022	40	WT (Amp plasmid)	2	0% arabinose	10	9e-04	0.00661442	0.042272266	-3.459935371	16.39720891	0.050597498	0.039156875	0.003446071	questionable fit (k < n0)	0.09115
13.25	Well 105	A5	12072022	40	WT (Amp plasmid)	2	0% arabinose	10	9e-04	0.00661442	0.042272266	-3.459935371	16.39720891	0.050597498	0.039156875	0.003446071	questionable fit (k < n0)	0.09125
13.5	Well 105	A5	12072022	40	WT (Amp plasmid)	2	0% arabinose	10	9e-04	0.00661442	0.042272266	-3.459935371	16.39720891	0.050597498	0.039156875	0.003446071	questionable fit (k < n0)	0.09125
13.75	Well 105	A5	12072022	40	WT (Amp plasmid)	2	0% arabinose	10	9e-04	0.00661442	0.042272266	-3.459935371	16.39720891	0.050597498	0.039156875	0.003446071	questionable fit (k < n0)	0.0912
14	Well 105	A5	12072022	40	WT (Amp plasmid)	2	0% arabinose	10	9e-04	0.00661442	0.042272266	-3.459935371	16.39720891	0.050597498	0.039156875	0.003446071	questionable fit (k < n0)	0.091125
14.25	Well 105	A5	12072022	40	WT (Amp plasmid)	2	0% arabinose	10	9e-04	0.00661442	0.042272266	-3.459935371	16.39720891	0.050597498	0.039156875	0.003446071	questionable fit (k < n0)	0.09115
14.5	Well 105	A5	12072022	40	WT (Amp plasmid)	2	0% arabinose	10	9e-04	0.00661442	0.042272266	-3.459935371	16.39720891	0.050597498	0.039156875	0.003446071	questionable fit (k < n0)	0.091225
14.75	Well 105	A5	12072022	40	WT (Amp plasmid)	2	0% arabinose	10	9e-04	0.00661442	0.042272266	-3.459935371	16.39720891	0.050597498	0.039156875	0.003446071	questionable fit (k < n0)	0.09135
15	Well 105	A5	12072022	40	WT (Amp plasmid)	2	0% arabinose	10	9e-04	0.00661442	0.042272266	-3.459935371	16.39720891	0.050597498	0.039156875	0.003446071	questionable fit (k < n0)	0.0914
15.25	Well 105	A5	12072022	40	WT (Amp plasmid)	2	0% arabinose	10	9e-04	0.00661442	0.042272266	-3.459935371	16.39720891	0.050597498	0.039156875	0.003446071	questionable fit (k < n0)	0.091325
15.5	Well 105	A5	12072022	40	WT (Amp plasmid)	2	0% arabinose	10	9e-04	0.00661442	0.042272266	-3.459935371	16.39720891	0.050597498	0.039156875	0.003446071	questionable fit (k < n0)	0.091325
15.75	Well 105	A5	12072022	40	WT (Amp plasmid)	2	0% arabinose	10	9e-04	0.00661442	0.042272266	-3.459935371	16.39720891	0.050597498	0.039156875	0.003446071	questionable fit (k < n0)	0.091375
16	Well 105	A5	12072022	40	WT (Amp plasmid)	2	0% arabinose	10	9e-04	0.00661442	0.042272266	-3.459935371	16.39720891	0.050597498	0.039156875	0.003446071	questionable fit (k < n0)	0.091375
16.25	Well 105	A5	12072022	40	WT (Amp plasmid)	2	0% arabinose	10	9e-04	0.00661442	0.042272266	-3.459935371	16.39720891	0.050597498	0.039156875	0.003446071	questionable fit (k < n0)	0.0913
0	Well 106	A6	12072022	40	WT (Amp plasmid)	3	0% arabinose	10	9e-04	0.007305341	0.042803767	-3.071541569	16.19360239	0.052230061	0.040233125	0.003508656	questionable fit (k < n0)	0.092125
0.25	Well 106	A6	12072022	40	WT (Amp plasmid)	3	0% arabinose	10	9e-04	0.007305341	0.042803767	-3.071541569	16.19360239	0.052230061	0.040233125	0.003508656	questionable fit (k < n0)	0.092625
0.5	Well 106	A6	12072022	40	WT (Amp plasmid)	3	0% arabinose	10	9e-04	0.007305341	0.042803767	-3.071541569	16.19360239	0.052230061	0.040233125	0.003508656	questionable fit (k < n0)	0.0931
0.75	Well 106	A6	12072022	40	WT (Amp plasmid)	3	0% arabinose	10	9e-04	0.007305341	0.042803767	-3.071541569	16.19360239	0.052230061	0.040233125	0.003508656	questionable fit (k < n0)	0.094225
1	Well 106	A6	12072022	40	WT (Amp plasmid)	3	0% arabinose	10	9e-04	0.007305341	0.042803767	-3.071541569	16.19360239	0.052230061	0.040233125	0.003508656	questionable fit (k < n0)	0.0955
1.25	Well 106	A6	12072022	40	WT (Amp plasmid)	3	0% arabinose	10	9e-04	0.007305341	0.042803767	-3.071541569	16.19360239	0.052230061	0.040233125	0.003508656	questionable fit (k < n0)	0.096825
1.5	Well 106	A6	12072022	40	WT (Amp plasmid)	3	0% arabinose	10	9e-04	0.007305341	0.042803767	-3.071541569	16.19360239	0.052230061	0.040233125	0.003508656	questionable fit (k < n0)	0.098775
1.75	Well 106	A6	12072022	40	WT (Amp plasmid)	3	0% arabinose	10	9e-04	0.007305341	0.042803767	-3.071541569	16.19360239	0.052230061	0.040233125	0.003508656	questionable fit (k < n0)	0.1005
2	Well 106	A6	12072022	40	WT (Amp plasmid)	3	0% arabinose	10	9e-04	0.007305341	0.042803767	-3.071541569	16.19360239	0.052230061	0.040233125	0.003508656	questionable fit (k < n0)	0.10205
2.25	Well 106	A6	12072022	40	WT (Amp plasmid)	3	0% arabinose	10	9e-04	0.007305341	0.042803767	-3.071541569	16.19360239	0.052230061	0.040233125	0.003508656	questionable fit (k < n0)	0.10333
2.5	Well 106	A6	12072022	40	WT (Amp plasmid)	3	0% arabinose	10	9e-04	0.007305341	0.042803767	-3.071541569	16.19360239	0.052230061	0.040233125	0.003508656	questionable fit (k < n0)	0.10408
2.75	Well 106	A6	12072022	40	WT (Amp plasmid)	3	0% arabinose	10	9e-04	0.007305341	0.042803767	-3.071541569	16.19360239	0.052230061	0.040233125	0.003508656	questionable fit (k < n0)	0.10488
3	Well 106	A6	12072022	40	WT (Amp plasmid)	3	0% arabinose	10	9e-04	0.007305341	0.042803767	-3.071541569	16.19360239	0.052230061	0.040233125	0.003508656	questionable fit (k < n0)	0.10495
3.25	Well 106	A6	12072022	40	WT (Amp plasmid)	3	0% arabinose	10	9e-04	0.007305341	0.042803767	-3.071541569	16.19360239	0.052230061	0.040233125	0.003508656	questionable fit (k < n0)	0.10128
3.5	Well 106	A6	12072022	40	WT (Amp plasmid)	3	0% arabinose	10	9e-04	0.007305341	0.042803767	-3.071541569	16.19360239	0.052230061	0.040233125	0.003508656	questionable fit (k < n0)	0.096475
3.75	Well 106	A6	12072022	40	WT (Amp plasmid)	3	0% arabinose	10	9e-04	0.007305341	0.042803767	-3.071541569	16.19360239	0.052230061	0.040233125	0.003508656	questionable fit (k < n0)	0.093175
4	Well 106	A6	12072022	40	WT (Amp plasmid)	3	0% arabinose	10	9e-04	0.007305341	0.042803767	-3.071541569	16.19360239	0.052230061	0.040233125	0.003508656	questionable fit (k < n0)	0.091825
4.25	Well 106	A6	12072022	40	WT (Amp plasmid)	3	0% arabinose	10	9e-04	0.007305341	0.042803767	-3.071541569	16.19360239	0.052230061	0.040233125	0.003508656	questionable fit (k < n0)	0.091075
4.5	Well 106	A6	12072022	40	WT (Amp plasmid)	3	0% arabinose	10	9e-04	0.007305341	0.042803767	-3.071541569	16.19360239	0.052230061	0.040233125	0.003508656	questionable fit (k < n0)	0.090575
4.75	Well 106	A6	12072022	40	WT (Amp plasmid)	3	0% arabinose	10	9e-04	0.007305341	0.042803767	-3.071541569	16.19360239	0.052230061	0.040233125	0.003508656	questionable fit (k < n0)	0.09035
5	Well 106	A6	12072022	40	WT (Amp plasmid)	3	0% arabinose	10	9e-04	0.007305341	0.042803767	-3.071541569	16.19360239	0.052230061	0.040233125	0.003508656	questionable fit (k < n0)	0.090325
5.25	Well 106	A6	12072022	40	WT (Amp plasmid)	3	0% arabinose	10	9e-04	0.007305341	0.042803767	-3.071541569	16.19360239	0.052230061	0.040233125	0.003508656	questionable fit (k < n0)	0.090375
5.5	Well 106	A6	12072022	40	WT (Amp plasmid)	3	0% arabinose	10	9e-04	0.007305341	0.042803767	-3.071541569	16.19360239	0.052230061	0.040233125	0.003508656	questionable fit (k < n0)	0.090425
5.75	Well 106	A6	12072022	40	WT (Amp plasmid)	3	0% arabinose	10	9e-04	0.007305341	0.042803767	-3.071541569	16.19360239	0.052230061	0.040233125	0.003508656	questionable fit (k < n0)	0.090475
6	Well 106	A6	12072022	40	WT (Amp plasmid)	3	0% arabinose	10	9e-04	0.007305341	0.042803767	-3.071541569	16.19360239	0.052230061	0.040233125	0.003508656	questionable fit (k < n0)	0.0905
6.25	Well 106	A6	12072022	40	WT (Amp plasmid)	3	0% arabinose	10	9e-04	0.007305341	0.042803767	-3.071541569	16.19360239	0.052230061	0.040233125	0.003508656	questionable fit (k < n0)	0.090425
6.5	Well 106	A6	12072022	40	WT (Amp plasmid)	3	0% arabinose	10	9e-04	0.007305341	0.042803767	-3.071541569	16.19360239	0.052230061	0.040233125	0.003508656	questionable fit (k < n0)	0.090225
6.75	Well 106	A6	12072022	40	WT (Amp plasmid)	3	0% arabinose	10	9e-04	0.007305341	0.042803767	-3.071541569	16.19360239	0.052230061	0.040233125	0.003508656	questionable fit (k < n0)	0.09025
7	Well 106	A6	12072022	40	WT (Amp plasmid)	3	0% arabinose	10	9e-04	0.007305341	0.042803767	-3.071541569	16.19360239	0.052230061	0.040233125	0.003508656	questionable fit (k < n0)	0.09025
7.25	Well 106	A6	12072022	40	WT (Amp plasmid)	3	0% arabinose	10	9e-04	0.007305341	0.042803767	-3.071541569	16.19360239	0.052230061	0.040233125	0.003508656	questionable fit (k < n0)	0.09045
7.5	Well 106	A6	12072022	40	WT (Amp plasmid)	3	0% arabinose	10	9e-04	0.007305341	0.042803767	-3.071541569	16.19360239	0.052230061	0.040233125	0.003508656	questionable fit (k < n0)	0.090425
7.75	Well 106	A6	12072022	40	WT (Amp plasmid)	3	0% arabinose	10	9e-04	0.007305341	0.042803767	-3.071541569	16.19360239	0.052230061	0.040233125	0.003508656	questionable fit (k < n0)	0.0905
8	Well 106	A6	12072022	40	WT (Amp plasmid)	3	0% arabinose	10	9e-04	0.007305341	0.042803767	-3.071541569	16.19360239	0.052230061	0.040233125	0.003508656	questionable fit (k < n0)	0.090525
8.25	Well 106	A6	12072022	40	WT (Amp plasmid)	3	0% arabinose	10	9e-04	0.007305341	0.042803767	-3.071541569	16.19360239	0.052230061	0.040233125	0.003508656	questionable fit (k < n0)	0.090475
8.5	Well 106	A6	12072022	40	WT (Amp plasmid)	3	0% arabinose	10	9e-04	0.007305341	0.042803767	-3.071541569	16.19360239	0.052230061	0.040233125	0.003508656	questionable fit (k < n0)	0.090475
8.75	Well 106	A6	12072022	40	WT (Amp plasmid)	3	0% arabinose	10	9e-04	0.007305341	0.042803767	-3.071541569	16.19360239	0.052230061	0.040233125	0.003508656	questionable fit (k < n0)	0.09045
9	Well 106	A6	12072022	40	WT (Amp plasmid)	3	0% arabinose	10	9e-04	0.007305341	0.042803767	-3.071541569	16.19360239	0.052230061	0.040233125	0.003508656	questionable fit (k < n0)	0.090475
9.25	Well 106	A6	12072022	40	WT (Amp plasmid)	3	0% arabinose	10	9e-04	0.007305341	0.042803767	-3.071541569	16.19360239	0.052230061	0.040233125	0.003508656	questionable fit (k < n0)	0.0908
9.5	Well 106	A6	12072022	40	WT (Amp plasmid)	3	0% arabinose	10	9e-04	0.007305341	0.042803767	-3.071541569	16.19360239	0.052230061	0.040233125	0.003508656	questionable fit (k < n0)	0.0907
9.75	Well 106	A6	12072022	40	WT (Amp plasmid)	3	0% arabinose	10	9e-04	0.007305341	0.042803767	-3.071541569	16.19360239	0.052230061	0.040233125	0.003508656	questionable fit (k < n0)	0.090825
10	Well 106	A6	12072022	40	WT (Amp plasmid)	3	0% arabinose	10	9e-04	0.007305341	0.042803767	-3.071541569	16.19360239	0.052230061	0.040233125	0.003508656	questionable fit (k < n0)	0.0907
10.25	Well 106	A6	12072022	40	WT (Amp plasmid)	3	0% arabinose	10	9e-04	0.007305341	0.042803767	-3.071541569	16.19360239	0.052230061	0.040233125	0.003508656	questionable fit (k < n0)	0.0908
10.5	Well 106	A6	12072022	40	WT (Amp plasmid)	3	0% arabinose	10	9e-04	0.007305341	0.042803767	-3.071541569	16.19360239	0.052230061	0.040233125	0.003508656	questionable fit (k < n0)	0.0907
10.75	Well 106	A6	12072022	40	WT (Amp plasmid)	3	0% arabinose	10	9e-04	0.007305341	0.042803767	-3.071541569	16.19360239	0.052230061	0.040233125	0.003508656	questionable fit (k < n0)	0.090825
11	Well 106	A6	12072022	40	WT (Amp plasmid)	3	0% arabinose	10	9e-04	0.007305341	0.042803767	-3.071541569	16.19360239	0.052230061	0.040233125	0.003508656	questionable fit (k < n0)	0.09075
11.25	Well 106	A6	12072022	40	WT (Amp plasmid)	3	0% arabinose	10	9e-04	0.007305341	0.042803767	-3.071541569	16.19360239	0.052230061	0.040233125	0.003508656	questionable fit (k < n0)	0.091025
11.5	Well 106	A6	12072022	40	WT (Amp plasmid)	3	0% arabinose	10	9e-04	0.007305341	0.042803767	-3.071541569	16.19360239	0.052230061	0.040233125	0.003508656	questionable fit (k < n0)	0.0911
11.75	Well 106	A6	12072022	40	WT (Amp plasmid)	3	0% arabinose	10	9e-04	0.007305341	0.042803767	-3.071541569	16.19360239	0.052230061	0.040233125	0.003508656	questionable fit (k < n0)	0.091125
12	Well 106	A6	12072022	40	WT (Amp plasmid)	3	0% arabinose	10	9e-04	0.007305341	0.042803767	-3.071541569	16.19360239	0.052230061	0.040233125	0.003508656	questionable fit (k < n0)	0.091125
12.25	Well 106	A6	12072022	40	WT (Amp plasmid)	3	0% arabinose	10	9e-04	0.007305341	0.042803767	-3.071541569	16.19360239	0.052230061	0.040233125	0.003508656	questionable fit (k < n0)	0.09095
12.5	Well 106	A6	12072022	40	WT (Amp plasmid)	3	0% arabinose	10	9e-04	0.007305341	0.042803767	-3.071541569	16.19360239	0.052230061	0.040233125	0.003508656	questionable fit (k < n0)	0.09115
12.75	Well 106	A6	12072022	40	WT (Amp plasmid)	3	0% arabinose	10	9e-04	0.007305341	0.042803767	-3.071541569	16.19360239	0.052230061	0.040233125	0.003508656	questionable fit (k < n0)	0.0912
13	Well 106	A6	12072022	40	WT (Amp plasmid)	3	0% arabinose	10	9e-04	0.007305341	0.042803767	-3.071541569	16.19360239	0.052230061	0.040233125	0.003508656	questionable fit (k < n0)	0.091275
13.25	Well 106	A6	12072022	40	WT (Amp plasmid)	3	0% arabinose	10	9e-04	0.007305341	0.042803767	-3.071541569	16.19360239	0.052230061	0.040233125	0.003508656	questionable fit (k < n0)	0.091525
13.5	Well 106	A6	12072022	40	WT (Amp plasmid)	3	0% arabinose	10	9e-04	0.007305341	0.042803767	-3.071541569	16.19360239	0.052230061	0.040233125	0.003508656	questionable fit (k < n0)	0.091325
13.75	Well 106	A6	12072022	40	WT (Amp plasmid)	3	0% arabinose	10	9e-04	0.007305341	0.042803767	-3.071541569	16.19360239	0.052230061	0.040233125	0.003508656	questionable fit (k < n0)	0.091275
14	Well 106	A6	12072022	40	WT (Amp plasmid)	3	0% arabinose	10	9e-04	0.007305341	0.042803767	-3.071541569	16.19360239	0.052230061	0.040233125	0.003508656	questionable fit (k < n0)	0.091125
14.25	Well 106	A6	12072022	40	WT (Amp plasmid)	3	0% arabinose	10	9e-04	0.007305341	0.042803767	-3.071541569	16.19360239	0.052230061	0.040233125	0.003508656	questionable fit (k < n0)	0.091225
14.5	Well 106	A6	12072022	40	WT (Amp plasmid)	3	0% arabinose	10	9e-04	0.007305341	0.042803767	-3.071541569	16.19360239	0.052230061	0.040233125	0.003508656	questionable fit (k < n0)	0.091175
14.75	Well 106	A6	12072022	40	WT (Amp plasmid)	3	0% arabinose	10	9e-04	0.007305341	0.042803767	-3.071541569	16.19360239	0.052230061	0.040233125	0.003508656	questionable fit (k < n0)	0.0912
15	Well 106	A6	12072022	40	WT (Amp plasmid)	3	0% arabinose	10	9e-04	0.007305341	0.042803767	-3.071541569	16.19360239	0.052230061	0.040233125	0.003508656	questionable fit (k < n0)	0.091375
15.25	Well 106	A6	12072022	40	WT (Amp plasmid)	3	0% arabinose	10	9e-04	0.007305341	0.042803767	-3.071541569	16.19360239	0.052230061	0.040233125	0.003508656	questionable fit (k < n0)	0.091425
15.5	Well 106	A6	12072022	40	WT (Amp plasmid)	3	0% arabinose	10	9e-04	0.007305341	0.042803767	-3.071541569	16.19360239	0.052230061	0.040233125	0.003508656	questionable fit (k < n0)	0.091375
15.75	Well 106	A6	12072022	40	WT (Amp plasmid)	3	0% arabinose	10	9e-04	0.007305341	0.042803767	-3.071541569	16.19360239	0.052230061	0.040233125	0.003508656	questionable fit (k < n0)	0.0916
16	Well 106	A6	12072022	40	WT (Amp plasmid)	3	0% arabinose	10	9e-04	0.007305341	0.042803767	-3.071541569	16.19360239	0.052230061	0.040233125	0.003508656	questionable fit (k < n0)	0.09145
16.25	Well 106	A6	12072022	40	WT (Amp plasmid)	3	0% arabinose	10	9e-04	0.007305341	0.042803767	-3.071541569	16.19360239	0.052230061	0.040233125	0.003508656	questionable fit (k < n0)	0.0915
0	Well 116	B4	12072022	40	WT (Amp plasmid)	1	0.01% arabinose	10	1.046559311	0.001047924	1.255620952	5.499629642	0.552035373	15.17466515	11.2667125	0.014995268	NA	0.09195
0.25	Well 116	B4	12072022	40	WT (Amp plasmid)	1	0.01% arabinose	10	1.046559311	0.001047924	1.255620952	5.499629642	0.552035373	15.17466515	11.2667125	0.014995268	NA	0.092275
0.5	Well 116	B4	12072022	40	WT (Amp plasmid)	1	0.01% arabinose	10	1.046559311	0.001047924	1.255620952	5.499629642	0.552035373	15.17466515	11.2667125	0.014995268	NA	0.092975
0.75	Well 116	B4	12072022	40	WT (Amp plasmid)	1	0.01% arabinose	10	1.046559311	0.001047924	1.255620952	5.499629642	0.552035373	15.17466515	11.2667125	0.014995268	NA	0.0944
1	Well 116	B4	12072022	40	WT (Amp plasmid)	1	0.01% arabinose	10	1.046559311	0.001047924	1.255620952	5.499629642	0.552035373	15.17466515	11.2667125	0.014995268	NA	0.096925
1.25	Well 116	B4	12072022	40	WT (Amp plasmid)	1	0.01% arabinose	10	1.046559311	0.001047924	1.255620952	5.499629642	0.552035373	15.17466515	11.2667125	0.014995268	NA	0.10003
1.5	Well 116	B4	12072022	40	WT (Amp plasmid)	1	0.01% arabinose	10	1.046559311	0.001047924	1.255620952	5.499629642	0.552035373	15.17466515	11.2667125	0.014995268	NA	0.10425
1.75	Well 116	B4	12072022	40	WT (Amp plasmid)	1	0.01% arabinose	10	1.046559311	0.001047924	1.255620952	5.499629642	0.552035373	15.17466515	11.2667125	0.014995268	NA	0.1086
2	Well 116	B4	12072022	40	WT (Amp plasmid)	1	0.01% arabinose	10	1.046559311	0.001047924	1.255620952	5.499629642	0.552035373	15.17466515	11.2667125	0.014995268	NA	0.1141
2.25	Well 116	B4	12072022	40	WT (Amp plasmid)	1	0.01% arabinose	10	1.046559311	0.001047924	1.255620952	5.499629642	0.552035373	15.17466515	11.2667125	0.014995268	NA	0.11998
2.5	Well 116	B4	12072022	40	WT (Amp plasmid)	1	0.01% arabinose	10	1.046559311	0.001047924	1.255620952	5.499629642	0.552035373	15.17466515	11.2667125	0.014995268	NA	0.12677
2.75	Well 116	B4	12072022	40	WT (Amp plasmid)	1	0.01% arabinose	10	1.046559311	0.001047924	1.255620952	5.499629642	0.552035373	15.17466515	11.2667125	0.014995268	NA	0.13553
3	Well 116	B4	12072022	40	WT (Amp plasmid)	1	0.01% arabinose	10	1.046559311	0.001047924	1.255620952	5.499629642	0.552035373	15.17466515	11.2667125	0.014995268	NA	0.14747
3.25	Well 116	B4	12072022	40	WT (Amp plasmid)	1	0.01% arabinose	10	1.046559311	0.001047924	1.255620952	5.499629642	0.552035373	15.17466515	11.2667125	0.014995268	NA	0.1619
3.5	Well 116	B4	12072022	40	WT (Amp plasmid)	1	0.01% arabinose	10	1.046559311	0.001047924	1.255620952	5.499629642	0.552035373	15.17466515	11.2667125	0.014995268	NA	0.17885
3.75	Well 116	B4	12072022	40	WT (Amp plasmid)	1	0.01% arabinose	10	1.046559311	0.001047924	1.255620952	5.499629642	0.552035373	15.17466515	11.2667125	0.014995268	NA	0.1977
4	Well 116	B4	12072022	40	WT (Amp plasmid)	1	0.01% arabinose	10	1.046559311	0.001047924	1.255620952	5.499629642	0.552035373	15.17466515	11.2667125	0.014995268	NA	0.2252
4.25	Well 116	B4	12072022	40	WT (Amp plasmid)	1	0.01% arabinose	10	1.046559311	0.001047924	1.255620952	5.499629642	0.552035373	15.17466515	11.2667125	0.014995268	NA	0.26063
4.5	Well 116	B4	12072022	40	WT (Amp plasmid)	1	0.01% arabinose	10	1.046559311	0.001047924	1.255620952	5.499629642	0.552035373	15.17466515	11.2667125	0.014995268	NA	0.3074
4.75	Well 116	B4	12072022	40	WT (Amp plasmid)	1	0.01% arabinose	10	1.046559311	0.001047924	1.255620952	5.499629642	0.552035373	15.17466515	11.2667125	0.014995268	NA	0.37275
5	Well 116	B4	12072022	40	WT (Amp plasmid)	1	0.01% arabinose	10	1.046559311	0.001047924	1.255620952	5.499629642	0.552035373	15.17466515	11.2667125	0.014995268	NA	0.44488
5.25	Well 116	B4	12072022	40	WT (Amp plasmid)	1	0.01% arabinose	10	1.046559311	0.001047924	1.255620952	5.499629642	0.552035373	15.17466515	11.2667125	0.014995268	NA	0.53053
5.5	Well 116	B4	12072022	40	WT (Amp plasmid)	1	0.01% arabinose	10	1.046559311	0.001047924	1.255620952	5.499629642	0.552035373	15.17466515	11.2667125	0.014995268	NA	0.61985
5.75	Well 116	B4	12072022	40	WT (Amp plasmid)	1	0.01% arabinose	10	1.046559311	0.001047924	1.255620952	5.499629642	0.552035373	15.17466515	11.2667125	0.014995268	NA	0.70083
6	Well 116	B4	12072022	40	WT (Amp plasmid)	1	0.01% arabinose	10	1.046559311	0.001047924	1.255620952	5.499629642	0.552035373	15.17466515	11.2667125	0.014995268	NA	0.80993
6.25	Well 116	B4	12072022	40	WT (Amp plasmid)	1	0.01% arabinose	10	1.046559311	0.001047924	1.255620952	5.499629642	0.552035373	15.17466515	11.2667125	0.014995268	NA	0.86975
6.5	Well 116	B4	12072022	40	WT (Amp plasmid)	1	0.01% arabinose	10	1.046559311	0.001047924	1.255620952	5.499629642	0.552035373	15.17466515	11.2667125	0.014995268	NA	0.914
6.75	Well 116	B4	12072022	40	WT (Amp plasmid)	1	0.01% arabinose	10	1.046559311	0.001047924	1.255620952	5.499629642	0.552035373	15.17466515	11.2667125	0.014995268	NA	0.9504
7	Well 116	B4	12072022	40	WT (Amp plasmid)	1	0.01% arabinose	10	1.046559311	0.001047924	1.255620952	5.499629642	0.552035373	15.17466515	11.2667125	0.014995268	NA	0.98102
7.25	Well 116	B4	12072022	40	WT (Amp plasmid)	1	0.01% arabinose	10	1.046559311	0.001047924	1.255620952	5.499629642	0.552035373	15.17466515	11.2667125	0.014995268	NA	1.0084
7.5	Well 116	B4	12072022	40	WT (Amp plasmid)	1	0.01% arabinose	10	1.046559311	0.001047924	1.255620952	5.499629642	0.552035373	15.17466515	11.2667125	0.014995268	NA	1.0334
7.75	Well 116	B4	12072022	40	WT (Amp plasmid)	1	0.01% arabinose	10	1.046559311	0.001047924	1.255620952	5.499629642	0.552035373	15.17466515	11.2667125	0.014995268	NA	1.056
8	Well 116	B4	12072022	40	WT (Amp plasmid)	1	0.01% arabinose	10	1.046559311	0.001047924	1.255620952	5.499629642	0.552035373	15.17466515	11.2667125	0.014995268	NA	1.0777
8.25	Well 116	B4	12072022	40	WT (Amp plasmid)	1	0.01% arabinose	10	1.046559311	0.001047924	1.255620952	5.499629642	0.552035373	15.17466515	11.2667125	0.014995268	NA	1.0947
8.5	Well 116	B4	12072022	40	WT (Amp plasmid)	1	0.01% arabinose	10	1.046559311	0.001047924	1.255620952	5.499629642	0.552035373	15.17466515	11.2667125	0.014995268	NA	1.125
8.75	Well 116	B4	12072022	40	WT (Amp plasmid)	1	0.01% arabinose	10	1.046559311	0.001047924	1.255620952	5.499629642	0.552035373	15.17466515	11.2667125	0.014995268	NA	1.1451
9	Well 116	B4	12072022	40	WT (Amp plasmid)	1	0.01% arabinose	10	1.046559311	0.001047924	1.255620952	5.499629642	0.552035373	15.17466515	11.2667125	0.014995268	NA	1.1551
9.25	Well 116	B4	12072022	40	WT (Amp plasmid)	1	0.01% arabinose	10	1.046559311	0.001047924	1.255620952	5.499629642	0.552035373	15.17466515	11.2667125	0.014995268	NA	1.1595
9.5	Well 116	B4	12072022	40	WT (Amp plasmid)	1	0.01% arabinose	10	1.046559311	0.001047924	1.255620952	5.499629642	0.552035373	15.17466515	11.2667125	0.014995268	NA	1.1594
9.75	Well 116	B4	12072022	40	WT (Amp plasmid)	1	0.01% arabinose	10	1.046559311	0.001047924	1.255620952	5.499629642	0.552035373	15.17466515	11.2667125	0.014995268	NA	1.1584
10	Well 116	B4	12072022	40	WT (Amp plasmid)	1	0.01% arabinose	10	1.046559311	0.001047924	1.255620952	5.499629642	0.552035373	15.17466515	11.2667125	0.014995268	NA	1.1563
10.25	Well 116	B4	12072022	40	WT (Amp plasmid)	1	0.01% arabinose	10	1.046559311	0.001047924	1.255620952	5.499629642	0.552035373	15.17466515	11.2667125	0.014995268	NA	1.1543
10.5	Well 116	B4	12072022	40	WT (Amp plasmid)	1	0.01% arabinose	10	1.046559311	0.001047924	1.255620952	5.499629642	0.552035373	15.17466515	11.2667125	0.014995268	NA	1.1521
10.75	Well 116	B4	12072022	40	WT (Amp plasmid)	1	0.01% arabinose	10	1.046559311	0.001047924	1.255620952	5.499629642	0.552035373	15.17466515	11.2667125	0.014995268	NA	1.1504
11	Well 116	B4	12072022	40	WT (Amp plasmid)	1	0.01% arabinose	10	1.046559311	0.001047924	1.255620952	5.499629642	0.552035373	15.17466515	11.2667125	0.014995268	NA	1.1485
11.25	Well 116	B4	12072022	40	WT (Amp plasmid)	1	0.01% arabinose	10	1.046559311	0.001047924	1.255620952	5.499629642	0.552035373	15.17466515	11.2667125	0.014995268	NA	1.1471
11.5	Well 116	B4	12072022	40	WT (Amp plasmid)	1	0.01% arabinose	10	1.046559311	0.001047924	1.255620952	5.499629642	0.552035373	15.17466515	11.2667125	0.014995268	NA	1.1457
11.75	Well 116	B4	12072022	40	WT (Amp plasmid)	1	0.01% arabinose	10	1.046559311	0.001047924	1.255620952	5.499629642	0.552035373	15.17466515	11.2667125	0.014995268	NA	1.1438
12	Well 116	B4	12072022	40	WT (Amp plasmid)	1	0.01% arabinose	10	1.046559311	0.001047924	1.255620952	5.499629642	0.552035373	15.17466515	11.2667125	0.014995268	NA	1.1414
12.25	Well 116	B4	12072022	40	WT (Amp plasmid)	1	0.01% arabinose	10	1.046559311	0.001047924	1.255620952	5.499629642	0.552035373	15.17466515	11.2667125	0.014995268	NA	1.1398
12.5	Well 116	B4	12072022	40	WT (Amp plasmid)	1	0.01% arabinose	10	1.046559311	0.001047924	1.255620952	5.499629642	0.552035373	15.17466515	11.2667125	0.014995268	NA	1.1383
12.75	Well 116	B4	12072022	40	WT (Amp plasmid)	1	0.01% arabinose	10	1.046559311	0.001047924	1.255620952	5.499629642	0.552035373	15.17466515	11.2667125	0.014995268	NA	1.1366
13	Well 116	B4	12072022	40	WT (Amp plasmid)	1	0.01% arabinose	10	1.046559311	0.001047924	1.255620952	5.499629642	0.552035373	15.17466515	11.2667125	0.014995268	NA	1.1357
13.25	Well 116	B4	12072022	40	WT (Amp plasmid)	1	0.01% arabinose	10	1.046559311	0.001047924	1.255620952	5.499629642	0.552035373	15.17466515	11.2667125	0.014995268	NA	1.1337
13.5	Well 116	B4	12072022	40	WT (Amp plasmid)	1	0.01% arabinose	10	1.046559311	0.001047924	1.255620952	5.499629642	0.552035373	15.17466515	11.2667125	0.014995268	NA	1.1324
13.75	Well 116	B4	12072022	40	WT (Amp plasmid)	1	0.01% arabinose	10	1.046559311	0.001047924	1.255620952	5.499629642	0.552035373	15.17466515	11.2667125	0.014995268	NA	1.1305
14	Well 116	B4	12072022	40	WT (Amp plasmid)	1	0.01% arabinose	10	1.046559311	0.001047924	1.255620952	5.499629642	0.552035373	15.17466515	11.2667125	0.014995268	NA	1.1289
14.25	Well 116	B4	12072022	40	WT (Amp plasmid)	1	0.01% arabinose	10	1.046559311	0.001047924	1.255620952	5.499629642	0.552035373	15.17466515	11.2667125	0.014995268	NA	1.1282
14.5	Well 116	B4	12072022	40	WT (Amp plasmid)	1	0.01% arabinose	10	1.046559311	0.001047924	1.255620952	5.499629642	0.552035373	15.17466515	11.2667125	0.014995268	NA	1.1263
14.75	Well 116	B4	12072022	40	WT (Amp plasmid)	1	0.01% arabinose	10	1.046559311	0.001047924	1.255620952	5.499629642	0.552035373	15.17466515	11.2667125	0.014995268	NA	1.1252
15	Well 116	B4	12072022	40	WT (Amp plasmid)	1	0.01% arabinose	10	1.046559311	0.001047924	1.255620952	5.499629642	0.552035373	15.17466515	11.2667125	0.014995268	NA	1.1243
15.25	Well 116	B4	12072022	40	WT (Amp plasmid)	1	0.01% arabinose	10	1.046559311	0.001047924	1.255620952	5.499629642	0.552035373	15.17466515	11.2667125	0.014995268	NA	1.1234
15.5	Well 116	B4	12072022	40	WT (Amp plasmid)	1	0.01% arabinose	10	1.046559311	0.001047924	1.255620952	5.499629642	0.552035373	15.17466515	11.2667125	0.014995268	NA	1.122
15.75	Well 116	B4	12072022	40	WT (Amp plasmid)	1	0.01% arabinose	10	1.046559311	0.001047924	1.255620952	5.499629642	0.552035373	15.17466515	11.2667125	0.014995268	NA	1.1211
16	Well 116	B4	12072022	40	WT (Amp plasmid)	1	0.01% arabinose	10	1.046559311	0.001047924	1.255620952	5.499629642	0.552035373	15.17466515	11.2667125	0.014995268	NA	1.1204
16.25	Well 116	B4	12072022	40	WT (Amp plasmid)	1	0.01% arabinose	10	1.046559311	0.001047924	1.255620952	5.499629642	0.552035373	15.17466515	11.2667125	0.014995268	NA	1.1192
0	Well 117	B5	12072022	40	WT (Amp plasmid)	2	0.01% arabinose	10	1.057945595	0.001377374	1.223355084	5.429823563	0.566595251	15.41332736	11.45816125	0.013243227	NA	0.09215
0.25	Well 117	B5	12072022	40	WT (Amp plasmid)	2	0.01% arabinose	10	1.057945595	0.001377374	1.223355084	5.429823563	0.566595251	15.41332736	11.45816125	0.013243227	NA	0.092425
0.5	Well 117	B5	12072022	40	WT (Amp plasmid)	2	0.01% arabinose	10	1.057945595	0.001377374	1.223355084	5.429823563	0.566595251	15.41332736	11.45816125	0.013243227	NA	0.093175
0.75	Well 117	B5	12072022	40	WT (Amp plasmid)	2	0.01% arabinose	10	1.057945595	0.001377374	1.223355084	5.429823563	0.566595251	15.41332736	11.45816125	0.013243227	NA	0.094875
1	Well 117	B5	12072022	40	WT (Amp plasmid)	2	0.01% arabinose	10	1.057945595	0.001377374	1.223355084	5.429823563	0.566595251	15.41332736	11.45816125	0.013243227	NA	0.097725
1.25	Well 117	B5	12072022	40	WT (Amp plasmid)	2	0.01% arabinose	10	1.057945595	0.001377374	1.223355084	5.429823563	0.566595251	15.41332736	11.45816125	0.013243227	NA	0.10095
1.5	Well 117	B5	12072022	40	WT (Amp plasmid)	2	0.01% arabinose	10	1.057945595	0.001377374	1.223355084	5.429823563	0.566595251	15.41332736	11.45816125	0.013243227	NA	0.10557
1.75	Well 117	B5	12072022	40	WT (Amp plasmid)	2	0.01% arabinose	10	1.057945595	0.001377374	1.223355084	5.429823563	0.566595251	15.41332736	11.45816125	0.013243227	NA	0.11045
2	Well 117	B5	12072022	40	WT (Amp plasmid)	2	0.01% arabinose	10	1.057945595	0.001377374	1.223355084	5.429823563	0.566595251	15.41332736	11.45816125	0.013243227	NA	0.1163
2.25	Well 117	B5	12072022	40	WT (Amp plasmid)	2	0.01% arabinose	10	1.057945595	0.001377374	1.223355084	5.429823563	0.566595251	15.41332736	11.45816125	0.013243227	NA	0.12288
2.5	Well 117	B5	12072022	40	WT (Amp plasmid)	2	0.01% arabinose	10	1.057945595	0.001377374	1.223355084	5.429823563	0.566595251	15.41332736	11.45816125	0.013243227	NA	0.13078
2.75	Well 117	B5	12072022	40	WT (Amp plasmid)	2	0.01% arabinose	10	1.057945595	0.001377374	1.223355084	5.429823563	0.566595251	15.41332736	11.45816125	0.013243227	NA	0.14075
3	Well 117	B5	12072022	40	WT (Amp plasmid)	2	0.01% arabinose	10	1.057945595	0.001377374	1.223355084	5.429823563	0.566595251	15.41332736	11.45816125	0.013243227	NA	0.15403
3.25	Well 117	B5	12072022	40	WT (Amp plasmid)	2	0.01% arabinose	10	1.057945595	0.001377374	1.223355084	5.429823563	0.566595251	15.41332736	11.45816125	0.013243227	NA	0.17083
3.5	Well 117	B5	12072022	40	WT (Amp plasmid)	2	0.01% arabinose	10	1.057945595	0.001377374	1.223355084	5.429823563	0.566595251	15.41332736	11.45816125	0.013243227	NA	0.1893
3.75	Well 117	B5	12072022	40	WT (Amp plasmid)	2	0.01% arabinose	10	1.057945595	0.001377374	1.223355084	5.429823563	0.566595251	15.41332736	11.45816125	0.013243227	NA	0.21175
4	Well 117	B5	12072022	40	WT (Amp plasmid)	2	0.01% arabinose	10	1.057945595	0.001377374	1.223355084	5.429823563	0.566595251	15.41332736	11.45816125	0.013243227	NA	0.24238
4.25	Well 117	B5	12072022	40	WT (Amp plasmid)	2	0.01% arabinose	10	1.057945595	0.001377374	1.223355084	5.429823563	0.566595251	15.41332736	11.45816125	0.013243227	NA	0.27885
4.5	Well 117	B5	12072022	40	WT (Amp plasmid)	2	0.01% arabinose	10	1.057945595	0.001377374	1.223355084	5.429823563	0.566595251	15.41332736	11.45816125	0.013243227	NA	0.33065
4.75	Well 117	B5	12072022	40	WT (Amp plasmid)	2	0.01% arabinose	10	1.057945595	0.001377374	1.223355084	5.429823563	0.566595251	15.41332736	11.45816125	0.013243227	NA	0.40037
5	Well 117	B5	12072022	40	WT (Amp plasmid)	2	0.01% arabinose	10	1.057945595	0.001377374	1.223355084	5.429823563	0.566595251	15.41332736	11.45816125	0.013243227	NA	0.47673
5.25	Well 117	B5	12072022	40	WT (Amp plasmid)	2	0.01% arabinose	10	1.057945595	0.001377374	1.223355084	5.429823563	0.566595251	15.41332736	11.45816125	0.013243227	NA	0.56588
5.5	Well 117	B5	12072022	40	WT (Amp plasmid)	2	0.01% arabinose	10	1.057945595	0.001377374	1.223355084	5.429823563	0.566595251	15.41332736	11.45816125	0.013243227	NA	0.65025
5.75	Well 117	B5	12072022	40	WT (Amp plasmid)	2	0.01% arabinose	10	1.057945595	0.001377374	1.223355084	5.429823563	0.566595251	15.41332736	11.45816125	0.013243227	NA	0.72947
6	Well 117	B5	12072022	40	WT (Amp plasmid)	2	0.01% arabinose	10	1.057945595	0.001377374	1.223355084	5.429823563	0.566595251	15.41332736	11.45816125	0.013243227	NA	0.83213
6.25	Well 117	B5	12072022	40	WT (Amp plasmid)	2	0.01% arabinose	10	1.057945595	0.001377374	1.223355084	5.429823563	0.566595251	15.41332736	11.45816125	0.013243227	NA	0.8886
6.5	Well 117	B5	12072022	40	WT (Amp plasmid)	2	0.01% arabinose	10	1.057945595	0.001377374	1.223355084	5.429823563	0.566595251	15.41332736	11.45816125	0.013243227	NA	0.9327
6.75	Well 117	B5	12072022	40	WT (Amp plasmid)	2	0.01% arabinose	10	1.057945595	0.001377374	1.223355084	5.429823563	0.566595251	15.41332736	11.45816125	0.013243227	NA	0.96632
7	Well 117	B5	12072022	40	WT (Amp plasmid)	2	0.01% arabinose	10	1.057945595	0.001377374	1.223355084	5.429823563	0.566595251	15.41332736	11.45816125	0.013243227	NA	0.9958
7.25	Well 117	B5	12072022	40	WT (Amp plasmid)	2	0.01% arabinose	10	1.057945595	0.001377374	1.223355084	5.429823563	0.566595251	15.41332736	11.45816125	0.013243227	NA	1.0221
7.5	Well 117	B5	12072022	40	WT (Amp plasmid)	2	0.01% arabinose	10	1.057945595	0.001377374	1.223355084	5.429823563	0.566595251	15.41332736	11.45816125	0.013243227	NA	1.0458
7.75	Well 117	B5	12072022	40	WT (Amp plasmid)	2	0.01% arabinose	10	1.057945595	0.001377374	1.223355084	5.429823563	0.566595251	15.41332736	11.45816125	0.013243227	NA	1.0674
8	Well 117	B5	12072022	40	WT (Amp plasmid)	2	0.01% arabinose	10	1.057945595	0.001377374	1.223355084	5.429823563	0.566595251	15.41332736	11.45816125	0.013243227	NA	1.0884
8.25	Well 117	B5	12072022	40	WT (Amp plasmid)	2	0.01% arabinose	10	1.057945595	0.001377374	1.223355084	5.429823563	0.566595251	15.41332736	11.45816125	0.013243227	NA	1.1046
8.5	Well 117	B5	12072022	40	WT (Amp plasmid)	2	0.01% arabinose	10	1.057945595	0.001377374	1.223355084	5.429823563	0.566595251	15.41332736	11.45816125	0.013243227	NA	1.1294
8.75	Well 117	B5	12072022	40	WT (Amp plasmid)	2	0.01% arabinose	10	1.057945595	0.001377374	1.223355084	5.429823563	0.566595251	15.41332736	11.45816125	0.013243227	NA	1.1543
9	Well 117	B5	12072022	40	WT (Amp plasmid)	2	0.01% arabinose	10	1.057945595	0.001377374	1.223355084	5.429823563	0.566595251	15.41332736	11.45816125	0.013243227	NA	1.1641
9.25	Well 117	B5	12072022	40	WT (Amp plasmid)	2	0.01% arabinose	10	1.057945595	0.001377374	1.223355084	5.429823563	0.566595251	15.41332736	11.45816125	0.013243227	NA	1.1676
9.5	Well 117	B5	12072022	40	WT (Amp plasmid)	2	0.01% arabinose	10	1.057945595	0.001377374	1.223355084	5.429823563	0.566595251	15.41332736	11.45816125	0.013243227	NA	1.1664
9.75	Well 117	B5	12072022	40	WT (Amp plasmid)	2	0.01% arabinose	10	1.057945595	0.001377374	1.223355084	5.429823563	0.566595251	15.41332736	11.45816125	0.013243227	NA	1.1657
10	Well 117	B5	12072022	40	WT (Amp plasmid)	2	0.01% arabinose	10	1.057945595	0.001377374	1.223355084	5.429823563	0.566595251	15.41332736	11.45816125	0.013243227	NA	1.1633
10.25	Well 117	B5	12072022	40	WT (Amp plasmid)	2	0.01% arabinose	10	1.057945595	0.001377374	1.223355084	5.429823563	0.566595251	15.41332736	11.45816125	0.013243227	NA	1.1616
10.5	Well 117	B5	12072022	40	WT (Amp plasmid)	2	0.01% arabinose	10	1.057945595	0.001377374	1.223355084	5.429823563	0.566595251	15.41332736	11.45816125	0.013243227	NA	1.1598
10.75	Well 117	B5	12072022	40	WT (Amp plasmid)	2	0.01% arabinose	10	1.057945595	0.001377374	1.223355084	5.429823563	0.566595251	15.41332736	11.45816125	0.013243227	NA	1.1583
11	Well 117	B5	12072022	40	WT (Amp plasmid)	2	0.01% arabinose	10	1.057945595	0.001377374	1.223355084	5.429823563	0.566595251	15.41332736	11.45816125	0.013243227	NA	1.1565
11.25	Well 117	B5	12072022	40	WT (Amp plasmid)	2	0.01% arabinose	10	1.057945595	0.001377374	1.223355084	5.429823563	0.566595251	15.41332736	11.45816125	0.013243227	NA	1.1555
11.5	Well 117	B5	12072022	40	WT (Amp plasmid)	2	0.01% arabinose	10	1.057945595	0.001377374	1.223355084	5.429823563	0.566595251	15.41332736	11.45816125	0.013243227	NA	1.1545
11.75	Well 117	B5	12072022	40	WT (Amp plasmid)	2	0.01% arabinose	10	1.057945595	0.001377374	1.223355084	5.429823563	0.566595251	15.41332736	11.45816125	0.013243227	NA	1.1528
12	Well 117	B5	12072022	40	WT (Amp plasmid)	2	0.01% arabinose	10	1.057945595	0.001377374	1.223355084	5.429823563	0.566595251	15.41332736	11.45816125	0.013243227	NA	1.1511
12.25	Well 117	B5	12072022	40	WT (Amp plasmid)	2	0.01% arabinose	10	1.057945595	0.001377374	1.223355084	5.429823563	0.566595251	15.41332736	11.45816125	0.013243227	NA	1.1501
12.5	Well 117	B5	12072022	40	WT (Amp plasmid)	2	0.01% arabinose	10	1.057945595	0.001377374	1.223355084	5.429823563	0.566595251	15.41332736	11.45816125	0.013243227	NA	1.1487
12.75	Well 117	B5	12072022	40	WT (Amp plasmid)	2	0.01% arabinose	10	1.057945595	0.001377374	1.223355084	5.429823563	0.566595251	15.41332736	11.45816125	0.013243227	NA	1.1483
13	Well 117	B5	12072022	40	WT (Amp plasmid)	2	0.01% arabinose	10	1.057945595	0.001377374	1.223355084	5.429823563	0.566595251	15.41332736	11.45816125	0.013243227	NA	1.147
13.25	Well 117	B5	12072022	40	WT (Amp plasmid)	2	0.01% arabinose	10	1.057945595	0.001377374	1.223355084	5.429823563	0.566595251	15.41332736	11.45816125	0.013243227	NA	1.1463
13.5	Well 117	B5	12072022	40	WT (Amp plasmid)	2	0.01% arabinose	10	1.057945595	0.001377374	1.223355084	5.429823563	0.566595251	15.41332736	11.45816125	0.013243227	NA	1.1452
13.75	Well 117	B5	12072022	40	WT (Amp plasmid)	2	0.01% arabinose	10	1.057945595	0.001377374	1.223355084	5.429823563	0.566595251	15.41332736	11.45816125	0.013243227	NA	1.1442
14	Well 117	B5	12072022	40	WT (Amp plasmid)	2	0.01% arabinose	10	1.057945595	0.001377374	1.223355084	5.429823563	0.566595251	15.41332736	11.45816125	0.013243227	NA	1.143
14.25	Well 117	B5	12072022	40	WT (Amp plasmid)	2	0.01% arabinose	10	1.057945595	0.001377374	1.223355084	5.429823563	0.566595251	15.41332736	11.45816125	0.013243227	NA	1.143
14.5	Well 117	B5	12072022	40	WT (Amp plasmid)	2	0.01% arabinose	10	1.057945595	0.001377374	1.223355084	5.429823563	0.566595251	15.41332736	11.45816125	0.013243227	NA	1.1417
14.75	Well 117	B5	12072022	40	WT (Amp plasmid)	2	0.01% arabinose	10	1.057945595	0.001377374	1.223355084	5.429823563	0.566595251	15.41332736	11.45816125	0.013243227	NA	1.1413
15	Well 117	B5	12072022	40	WT (Amp plasmid)	2	0.01% arabinose	10	1.057945595	0.001377374	1.223355084	5.429823563	0.566595251	15.41332736	11.45816125	0.013243227	NA	1.1408
15.25	Well 117	B5	12072022	40	WT (Amp plasmid)	2	0.01% arabinose	10	1.057945595	0.001377374	1.223355084	5.429823563	0.566595251	15.41332736	11.45816125	0.013243227	NA	1.1404
15.5	Well 117	B5	12072022	40	WT (Amp plasmid)	2	0.01% arabinose	10	1.057945595	0.001377374	1.223355084	5.429823563	0.566595251	15.41332736	11.45816125	0.013243227	NA	1.1394
15.75	Well 117	B5	12072022	40	WT (Amp plasmid)	2	0.01% arabinose	10	1.057945595	0.001377374	1.223355084	5.429823563	0.566595251	15.41332736	11.45816125	0.013243227	NA	1.1388
16	Well 117	B5	12072022	40	WT (Amp plasmid)	2	0.01% arabinose	10	1.057945595	0.001377374	1.223355084	5.429823563	0.566595251	15.41332736	11.45816125	0.013243227	NA	1.1382
16.25	Well 117	B5	12072022	40	WT (Amp plasmid)	2	0.01% arabinose	10	1.057945595	0.001377374	1.223355084	5.429823563	0.566595251	15.41332736	11.45816125	0.013243227	NA	1.1376
0	Well 118	B6	12072022	40	WT (Amp plasmid)	3	0.01% arabinose	10	1.079728892	0.002249938	1.146550982	5.382644838	0.604549812	15.78081634	11.73261875	0.012772484	NA	0.0929
0.25	Well 118	B6	12072022	40	WT (Amp plasmid)	3	0.01% arabinose	10	1.079728892	0.002249938	1.146550982	5.382644838	0.604549812	15.78081634	11.73261875	0.012772484	NA	0.093025
0.5	Well 118	B6	12072022	40	WT (Amp plasmid)	3	0.01% arabinose	10	1.079728892	0.002249938	1.146550982	5.382644838	0.604549812	15.78081634	11.73261875	0.012772484	NA	0.094025
0.75	Well 118	B6	12072022	40	WT (Amp plasmid)	3	0.01% arabinose	10	1.079728892	0.002249938	1.146550982	5.382644838	0.604549812	15.78081634	11.73261875	0.012772484	NA	0.09605
1	Well 118	B6	12072022	40	WT (Amp plasmid)	3	0.01% arabinose	10	1.079728892	0.002249938	1.146550982	5.382644838	0.604549812	15.78081634	11.73261875	0.012772484	NA	0.099275
1.25	Well 118	B6	12072022	40	WT (Amp plasmid)	3	0.01% arabinose	10	1.079728892	0.002249938	1.146550982	5.382644838	0.604549812	15.78081634	11.73261875	0.012772484	NA	0.10323
1.5	Well 118	B6	12072022	40	WT (Amp plasmid)	3	0.01% arabinose	10	1.079728892	0.002249938	1.146550982	5.382644838	0.604549812	15.78081634	11.73261875	0.012772484	NA	0.10817
1.75	Well 118	B6	12072022	40	WT (Amp plasmid)	3	0.01% arabinose	10	1.079728892	0.002249938	1.146550982	5.382644838	0.604549812	15.78081634	11.73261875	0.012772484	NA	0.11378
2	Well 118	B6	12072022	40	WT (Amp plasmid)	3	0.01% arabinose	10	1.079728892	0.002249938	1.146550982	5.382644838	0.604549812	15.78081634	11.73261875	0.012772484	NA	0.12038
2.25	Well 118	B6	12072022	40	WT (Amp plasmid)	3	0.01% arabinose	10	1.079728892	0.002249938	1.146550982	5.382644838	0.604549812	15.78081634	11.73261875	0.012772484	NA	0.12805
2.5	Well 118	B6	12072022	40	WT (Amp plasmid)	3	0.01% arabinose	10	1.079728892	0.002249938	1.146550982	5.382644838	0.604549812	15.78081634	11.73261875	0.012772484	NA	0.13705
2.75	Well 118	B6	12072022	40	WT (Amp plasmid)	3	0.01% arabinose	10	1.079728892	0.002249938	1.146550982	5.382644838	0.604549812	15.78081634	11.73261875	0.012772484	NA	0.14913
3	Well 118	B6	12072022	40	WT (Amp plasmid)	3	0.01% arabinose	10	1.079728892	0.002249938	1.146550982	5.382644838	0.604549812	15.78081634	11.73261875	0.012772484	NA	0.1647
3.25	Well 118	B6	12072022	40	WT (Amp plasmid)	3	0.01% arabinose	10	1.079728892	0.002249938	1.146550982	5.382644838	0.604549812	15.78081634	11.73261875	0.012772484	NA	0.184
3.5	Well 118	B6	12072022	40	WT (Amp plasmid)	3	0.01% arabinose	10	1.079728892	0.002249938	1.146550982	5.382644838	0.604549812	15.78081634	11.73261875	0.012772484	NA	0.20488
3.75	Well 118	B6	12072022	40	WT (Amp plasmid)	3	0.01% arabinose	10	1.079728892	0.002249938	1.146550982	5.382644838	0.604549812	15.78081634	11.73261875	0.012772484	NA	0.2319
4	Well 118	B6	12072022	40	WT (Amp plasmid)	3	0.01% arabinose	10	1.079728892	0.002249938	1.146550982	5.382644838	0.604549812	15.78081634	11.73261875	0.012772484	NA	0.26358
4.25	Well 118	B6	12072022	40	WT (Amp plasmid)	3	0.01% arabinose	10	1.079728892	0.002249938	1.146550982	5.382644838	0.604549812	15.78081634	11.73261875	0.012772484	NA	0.30227
4.5	Well 118	B6	12072022	40	WT (Amp plasmid)	3	0.01% arabinose	10	1.079728892	0.002249938	1.146550982	5.382644838	0.604549812	15.78081634	11.73261875	0.012772484	NA	0.36243
4.75	Well 118	B6	12072022	40	WT (Amp plasmid)	3	0.01% arabinose	10	1.079728892	0.002249938	1.146550982	5.382644838	0.604549812	15.78081634	11.73261875	0.012772484	NA	0.43248
5	Well 118	B6	12072022	40	WT (Amp plasmid)	3	0.01% arabinose	10	1.079728892	0.002249938	1.146550982	5.382644838	0.604549812	15.78081634	11.73261875	0.012772484	NA	0.5158
5.25	Well 118	B6	12072022	40	WT (Amp plasmid)	3	0.01% arabinose	10	1.079728892	0.002249938	1.146550982	5.382644838	0.604549812	15.78081634	11.73261875	0.012772484	NA	0.6025
5.5	Well 118	B6	12072022	40	WT (Amp plasmid)	3	0.01% arabinose	10	1.079728892	0.002249938	1.146550982	5.382644838	0.604549812	15.78081634	11.73261875	0.012772484	NA	0.68047
5.75	Well 118	B6	12072022	40	WT (Amp plasmid)	3	0.01% arabinose	10	1.079728892	0.002249938	1.146550982	5.382644838	0.604549812	15.78081634	11.73261875	0.012772484	NA	0.75773
6	Well 118	B6	12072022	40	WT (Amp plasmid)	3	0.01% arabinose	10	1.079728892	0.002249938	1.146550982	5.382644838	0.604549812	15.78081634	11.73261875	0.012772484	NA	0.85115
6.25	Well 118	B6	12072022	40	WT (Amp plasmid)	3	0.01% arabinose	10	1.079728892	0.002249938	1.146550982	5.382644838	0.604549812	15.78081634	11.73261875	0.012772484	NA	0.9022
6.5	Well 118	B6	12072022	40	WT (Amp plasmid)	3	0.01% arabinose	10	1.079728892	0.002249938	1.146550982	5.382644838	0.604549812	15.78081634	11.73261875	0.012772484	NA	0.94517
6.75	Well 118	B6	12072022	40	WT (Amp plasmid)	3	0.01% arabinose	10	1.079728892	0.002249938	1.146550982	5.382644838	0.604549812	15.78081634	11.73261875	0.012772484	NA	0.9784
7	Well 118	B6	12072022	40	WT (Amp plasmid)	3	0.01% arabinose	10	1.079728892	0.002249938	1.146550982	5.382644838	0.604549812	15.78081634	11.73261875	0.012772484	NA	1.0075
7.25	Well 118	B6	12072022	40	WT (Amp plasmid)	3	0.01% arabinose	10	1.079728892	0.002249938	1.146550982	5.382644838	0.604549812	15.78081634	11.73261875	0.012772484	NA	1.0328
7.5	Well 118	B6	12072022	40	WT (Amp plasmid)	3	0.01% arabinose	10	1.079728892	0.002249938	1.146550982	5.382644838	0.604549812	15.78081634	11.73261875	0.012772484	NA	1.0553
7.75	Well 118	B6	12072022	40	WT (Amp plasmid)	3	0.01% arabinose	10	1.079728892	0.002249938	1.146550982	5.382644838	0.604549812	15.78081634	11.73261875	0.012772484	NA	1.0763
8	Well 118	B6	12072022	40	WT (Amp plasmid)	3	0.01% arabinose	10	1.079728892	0.002249938	1.146550982	5.382644838	0.604549812	15.78081634	11.73261875	0.012772484	NA	1.0971
8.25	Well 118	B6	12072022	40	WT (Amp plasmid)	3	0.01% arabinose	10	1.079728892	0.002249938	1.146550982	5.382644838	0.604549812	15.78081634	11.73261875	0.012772484	NA	1.1132
8.5	Well 118	B6	12072022	40	WT (Amp plasmid)	3	0.01% arabinose	10	1.079728892	0.002249938	1.146550982	5.382644838	0.604549812	15.78081634	11.73261875	0.012772484	NA	1.1282
8.75	Well 118	B6	12072022	40	WT (Amp plasmid)	3	0.01% arabinose	10	1.079728892	0.002249938	1.146550982	5.382644838	0.604549812	15.78081634	11.73261875	0.012772484	NA	1.1622
9	Well 118	B6	12072022	40	WT (Amp plasmid)	3	0.01% arabinose	10	1.079728892	0.002249938	1.146550982	5.382644838	0.604549812	15.78081634	11.73261875	0.012772484	NA	1.177
9.25	Well 118	B6	12072022	40	WT (Amp plasmid)	3	0.01% arabinose	10	1.079728892	0.002249938	1.146550982	5.382644838	0.604549812	15.78081634	11.73261875	0.012772484	NA	1.1828
9.5	Well 118	B6	12072022	40	WT (Amp plasmid)	3	0.01% arabinose	10	1.079728892	0.002249938	1.146550982	5.382644838	0.604549812	15.78081634	11.73261875	0.012772484	NA	1.1833
9.75	Well 118	B6	12072022	40	WT (Amp plasmid)	3	0.01% arabinose	10	1.079728892	0.002249938	1.146550982	5.382644838	0.604549812	15.78081634	11.73261875	0.012772484	NA	1.1829
10	Well 118	B6	12072022	40	WT (Amp plasmid)	3	0.01% arabinose	10	1.079728892	0.002249938	1.146550982	5.382644838	0.604549812	15.78081634	11.73261875	0.012772484	NA	1.1813
10.25	Well 118	B6	12072022	40	WT (Amp plasmid)	3	0.01% arabinose	10	1.079728892	0.002249938	1.146550982	5.382644838	0.604549812	15.78081634	11.73261875	0.012772484	NA	1.1801
10.5	Well 118	B6	12072022	40	WT (Amp plasmid)	3	0.01% arabinose	10	1.079728892	0.002249938	1.146550982	5.382644838	0.604549812	15.78081634	11.73261875	0.012772484	NA	1.1789
10.75	Well 118	B6	12072022	40	WT (Amp plasmid)	3	0.01% arabinose	10	1.079728892	0.002249938	1.146550982	5.382644838	0.604549812	15.78081634	11.73261875	0.012772484	NA	1.1781
11	Well 118	B6	12072022	40	WT (Amp plasmid)	3	0.01% arabinose	10	1.079728892	0.002249938	1.146550982	5.382644838	0.604549812	15.78081634	11.73261875	0.012772484	NA	1.1772
11.25	Well 118	B6	12072022	40	WT (Amp plasmid)	3	0.01% arabinose	10	1.079728892	0.002249938	1.146550982	5.382644838	0.604549812	15.78081634	11.73261875	0.012772484	NA	1.177
11.5	Well 118	B6	12072022	40	WT (Amp plasmid)	3	0.01% arabinose	10	1.079728892	0.002249938	1.146550982	5.382644838	0.604549812	15.78081634	11.73261875	0.012772484	NA	1.1764
11.75	Well 118	B6	12072022	40	WT (Amp plasmid)	3	0.01% arabinose	10	1.079728892	0.002249938	1.146550982	5.382644838	0.604549812	15.78081634	11.73261875	0.012772484	NA	1.175
12	Well 118	B6	12072022	40	WT (Amp plasmid)	3	0.01% arabinose	10	1.079728892	0.002249938	1.146550982	5.382644838	0.604549812	15.78081634	11.73261875	0.012772484	NA	1.1739
12.25	Well 118	B6	12072022	40	WT (Amp plasmid)	3	0.01% arabinose	10	1.079728892	0.002249938	1.146550982	5.382644838	0.604549812	15.78081634	11.73261875	0.012772484	NA	1.1735
12.5	Well 118	B6	12072022	40	WT (Amp plasmid)	3	0.01% arabinose	10	1.079728892	0.002249938	1.146550982	5.382644838	0.604549812	15.78081634	11.73261875	0.012772484	NA	1.1729
12.75	Well 118	B6	12072022	40	WT (Amp plasmid)	3	0.01% arabinose	10	1.079728892	0.002249938	1.146550982	5.382644838	0.604549812	15.78081634	11.73261875	0.012772484	NA	1.1727
13	Well 118	B6	12072022	40	WT (Amp plasmid)	3	0.01% arabinose	10	1.079728892	0.002249938	1.146550982	5.382644838	0.604549812	15.78081634	11.73261875	0.012772484	NA	1.1724
13.25	Well 118	B6	12072022	40	WT (Amp plasmid)	3	0.01% arabinose	10	1.079728892	0.002249938	1.146550982	5.382644838	0.604549812	15.78081634	11.73261875	0.012772484	NA	1.1716
13.5	Well 118	B6	12072022	40	WT (Amp plasmid)	3	0.01% arabinose	10	1.079728892	0.002249938	1.146550982	5.382644838	0.604549812	15.78081634	11.73261875	0.012772484	NA	1.1714
13.75	Well 118	B6	12072022	40	WT (Amp plasmid)	3	0.01% arabinose	10	1.079728892	0.002249938	1.146550982	5.382644838	0.604549812	15.78081634	11.73261875	0.012772484	NA	1.1706
14	Well 118	B6	12072022	40	WT (Amp plasmid)	3	0.01% arabinose	10	1.079728892	0.002249938	1.146550982	5.382644838	0.604549812	15.78081634	11.73261875	0.012772484	NA	1.1702
14.25	Well 118	B6	12072022	40	WT (Amp plasmid)	3	0.01% arabinose	10	1.079728892	0.002249938	1.146550982	5.382644838	0.604549812	15.78081634	11.73261875	0.012772484	NA	1.17
14.5	Well 118	B6	12072022	40	WT (Amp plasmid)	3	0.01% arabinose	10	1.079728892	0.002249938	1.146550982	5.382644838	0.604549812	15.78081634	11.73261875	0.012772484	NA	1.1689
14.75	Well 118	B6	12072022	40	WT (Amp plasmid)	3	0.01% arabinose	10	1.079728892	0.002249938	1.146550982	5.382644838	0.604549812	15.78081634	11.73261875	0.012772484	NA	1.1685
15	Well 118	B6	12072022	40	WT (Amp plasmid)	3	0.01% arabinose	10	1.079728892	0.002249938	1.146550982	5.382644838	0.604549812	15.78081634	11.73261875	0.012772484	NA	1.1683
15.25	Well 118	B6	12072022	40	WT (Amp plasmid)	3	0.01% arabinose	10	1.079728892	0.002249938	1.146550982	5.382644838	0.604549812	15.78081634	11.73261875	0.012772484	NA	1.1683
15.5	Well 118	B6	12072022	40	WT (Amp plasmid)	3	0.01% arabinose	10	1.079728892	0.002249938	1.146550982	5.382644838	0.604549812	15.78081634	11.73261875	0.012772484	NA	1.1675
15.75	Well 118	B6	12072022	40	WT (Amp plasmid)	3	0.01% arabinose	10	1.079728892	0.002249938	1.146550982	5.382644838	0.604549812	15.78081634	11.73261875	0.012772484	NA	1.1674
16	Well 118	B6	12072022	40	WT (Amp plasmid)	3	0.01% arabinose	10	1.079728892	0.002249938	1.146550982	5.382644838	0.604549812	15.78081634	11.73261875	0.012772484	NA	1.1669
16.25	Well 118	B6	12072022	40	WT (Amp plasmid)	3	0.01% arabinose	10	1.079728892	0.002249938	1.146550982	5.382644838	0.604549812	15.78081634	11.73261875	0.012772484	NA	1.1662
0	Well 128	C4	12072022	40	WT (Amp plasmid)	1	0.025% arabinose	10	1.061660144	0.003667128	1.268185898	4.466790029	0.546565911	16.4880933	12.48335688	0.020782264	NA	0.091925
0.25	Well 128	C4	12072022	40	WT (Amp plasmid)	1	0.025% arabinose	10	1.061660144	0.003667128	1.268185898	4.466790029	0.546565911	16.4880933	12.48335688	0.020782264	NA	0.0919
0.5	Well 128	C4	12072022	40	WT (Amp plasmid)	1	0.025% arabinose	10	1.061660144	0.003667128	1.268185898	4.466790029	0.546565911	16.4880933	12.48335688	0.020782264	NA	0.0926
0.75	Well 128	C4	12072022	40	WT (Amp plasmid)	1	0.025% arabinose	10	1.061660144	0.003667128	1.268185898	4.466790029	0.546565911	16.4880933	12.48335688	0.020782264	NA	0.094275
1	Well 128	C4	12072022	40	WT (Amp plasmid)	1	0.025% arabinose	10	1.061660144	0.003667128	1.268185898	4.466790029	0.546565911	16.4880933	12.48335688	0.020782264	NA	0.09725
1.25	Well 128	C4	12072022	40	WT (Amp plasmid)	1	0.025% arabinose	10	1.061660144	0.003667128	1.268185898	4.466790029	0.546565911	16.4880933	12.48335688	0.020782264	NA	0.10128
1.5	Well 128	C4	12072022	40	WT (Amp plasmid)	1	0.025% arabinose	10	1.061660144	0.003667128	1.268185898	4.466790029	0.546565911	16.4880933	12.48335688	0.020782264	NA	0.10675
1.75	Well 128	C4	12072022	40	WT (Amp plasmid)	1	0.025% arabinose	10	1.061660144	0.003667128	1.268185898	4.466790029	0.546565911	16.4880933	12.48335688	0.020782264	NA	0.1139
2	Well 128	C4	12072022	40	WT (Amp plasmid)	1	0.025% arabinose	10	1.061660144	0.003667128	1.268185898	4.466790029	0.546565911	16.4880933	12.48335688	0.020782264	NA	0.12292
2.25	Well 128	C4	12072022	40	WT (Amp plasmid)	1	0.025% arabinose	10	1.061660144	0.003667128	1.268185898	4.466790029	0.546565911	16.4880933	12.48335688	0.020782264	NA	0.1354
2.5	Well 128	C4	12072022	40	WT (Amp plasmid)	1	0.025% arabinose	10	1.061660144	0.003667128	1.268185898	4.466790029	0.546565911	16.4880933	12.48335688	0.020782264	NA	0.15345
2.75	Well 128	C4	12072022	40	WT (Amp plasmid)	1	0.025% arabinose	10	1.061660144	0.003667128	1.268185898	4.466790029	0.546565911	16.4880933	12.48335688	0.020782264	NA	0.18105
3	Well 128	C4	12072022	40	WT (Amp plasmid)	1	0.025% arabinose	10	1.061660144	0.003667128	1.268185898	4.466790029	0.546565911	16.4880933	12.48335688	0.020782264	NA	0.2209
3.25	Well 128	C4	12072022	40	WT (Amp plasmid)	1	0.025% arabinose	10	1.061660144	0.003667128	1.268185898	4.466790029	0.546565911	16.4880933	12.48335688	0.020782264	NA	0.2723
3.5	Well 128	C4	12072022	40	WT (Amp plasmid)	1	0.025% arabinose	10	1.061660144	0.003667128	1.268185898	4.466790029	0.546565911	16.4880933	12.48335688	0.020782264	NA	0.33927
3.75	Well 128	C4	12072022	40	WT (Amp plasmid)	1	0.025% arabinose	10	1.061660144	0.003667128	1.268185898	4.466790029	0.546565911	16.4880933	12.48335688	0.020782264	NA	0.40778
4	Well 128	C4	12072022	40	WT (Amp plasmid)	1	0.025% arabinose	10	1.061660144	0.003667128	1.268185898	4.466790029	0.546565911	16.4880933	12.48335688	0.020782264	NA	0.47685
4.25	Well 128	C4	12072022	40	WT (Amp plasmid)	1	0.025% arabinose	10	1.061660144	0.003667128	1.268185898	4.466790029	0.546565911	16.4880933	12.48335688	0.020782264	NA	0.5615
4.5	Well 128	C4	12072022	40	WT (Amp plasmid)	1	0.025% arabinose	10	1.061660144	0.003667128	1.268185898	4.466790029	0.546565911	16.4880933	12.48335688	0.020782264	NA	0.64707
4.75	Well 128	C4	12072022	40	WT (Amp plasmid)	1	0.025% arabinose	10	1.061660144	0.003667128	1.268185898	4.466790029	0.546565911	16.4880933	12.48335688	0.020782264	NA	0.71927
5	Well 128	C4	12072022	40	WT (Amp plasmid)	1	0.025% arabinose	10	1.061660144	0.003667128	1.268185898	4.466790029	0.546565911	16.4880933	12.48335688	0.020782264	NA	0.81862
5.25	Well 128	C4	12072022	40	WT (Amp plasmid)	1	0.025% arabinose	10	1.061660144	0.003667128	1.268185898	4.466790029	0.546565911	16.4880933	12.48335688	0.020782264	NA	0.87495
5.5	Well 128	C4	12072022	40	WT (Amp plasmid)	1	0.025% arabinose	10	1.061660144	0.003667128	1.268185898	4.466790029	0.546565911	16.4880933	12.48335688	0.020782264	NA	0.92607
5.75	Well 128	C4	12072022	40	WT (Amp plasmid)	1	0.025% arabinose	10	1.061660144	0.003667128	1.268185898	4.466790029	0.546565911	16.4880933	12.48335688	0.020782264	NA	0.96723
6	Well 128	C4	12072022	40	WT (Amp plasmid)	1	0.025% arabinose	10	1.061660144	0.003667128	1.268185898	4.466790029	0.546565911	16.4880933	12.48335688	0.020782264	NA	0.99833
6.25	Well 128	C4	12072022	40	WT (Amp plasmid)	1	0.025% arabinose	10	1.061660144	0.003667128	1.268185898	4.466790029	0.546565911	16.4880933	12.48335688	0.020782264	NA	1.0249
6.5	Well 128	C4	12072022	40	WT (Amp plasmid)	1	0.025% arabinose	10	1.061660144	0.003667128	1.268185898	4.466790029	0.546565911	16.4880933	12.48335688	0.020782264	NA	1.0466
6.75	Well 128	C4	12072022	40	WT (Amp plasmid)	1	0.025% arabinose	10	1.061660144	0.003667128	1.268185898	4.466790029	0.546565911	16.4880933	12.48335688	0.020782264	NA	1.0676
7	Well 128	C4	12072022	40	WT (Amp plasmid)	1	0.025% arabinose	10	1.061660144	0.003667128	1.268185898	4.466790029	0.546565911	16.4880933	12.48335688	0.020782264	NA	1.0876
7.25	Well 128	C4	12072022	40	WT (Amp plasmid)	1	0.025% arabinose	10	1.061660144	0.003667128	1.268185898	4.466790029	0.546565911	16.4880933	12.48335688	0.020782264	NA	1.1062
7.5	Well 128	C4	12072022	40	WT (Amp plasmid)	1	0.025% arabinose	10	1.061660144	0.003667128	1.268185898	4.466790029	0.546565911	16.4880933	12.48335688	0.020782264	NA	1.1225
7.75	Well 128	C4	12072022	40	WT (Amp plasmid)	1	0.025% arabinose	10	1.061660144	0.003667128	1.268185898	4.466790029	0.546565911	16.4880933	12.48335688	0.020782264	NA	1.1543
8	Well 128	C4	12072022	40	WT (Amp plasmid)	1	0.025% arabinose	10	1.061660144	0.003667128	1.268185898	4.466790029	0.546565911	16.4880933	12.48335688	0.020782264	NA	1.1776
8.25	Well 128	C4	12072022	40	WT (Amp plasmid)	1	0.025% arabinose	10	1.061660144	0.003667128	1.268185898	4.466790029	0.546565911	16.4880933	12.48335688	0.020782264	NA	1.1849
8.5	Well 128	C4	12072022	40	WT (Amp plasmid)	1	0.025% arabinose	10	1.061660144	0.003667128	1.268185898	4.466790029	0.546565911	16.4880933	12.48335688	0.020782264	NA	1.1882
8.75	Well 128	C4	12072022	40	WT (Amp plasmid)	1	0.025% arabinose	10	1.061660144	0.003667128	1.268185898	4.466790029	0.546565911	16.4880933	12.48335688	0.020782264	NA	1.1882
9	Well 128	C4	12072022	40	WT (Amp plasmid)	1	0.025% arabinose	10	1.061660144	0.003667128	1.268185898	4.466790029	0.546565911	16.4880933	12.48335688	0.020782264	NA	1.1875
9.25	Well 128	C4	12072022	40	WT (Amp plasmid)	1	0.025% arabinose	10	1.061660144	0.003667128	1.268185898	4.466790029	0.546565911	16.4880933	12.48335688	0.020782264	NA	1.1864
9.5	Well 128	C4	12072022	40	WT (Amp plasmid)	1	0.025% arabinose	10	1.061660144	0.003667128	1.268185898	4.466790029	0.546565911	16.4880933	12.48335688	0.020782264	NA	1.1847
9.75	Well 128	C4	12072022	40	WT (Amp plasmid)	1	0.025% arabinose	10	1.061660144	0.003667128	1.268185898	4.466790029	0.546565911	16.4880933	12.48335688	0.020782264	NA	1.1797
10	Well 128	C4	12072022	40	WT (Amp plasmid)	1	0.025% arabinose	10	1.061660144	0.003667128	1.268185898	4.466790029	0.546565911	16.4880933	12.48335688	0.020782264	NA	1.1786
10.25	Well 128	C4	12072022	40	WT (Amp plasmid)	1	0.025% arabinose	10	1.061660144	0.003667128	1.268185898	4.466790029	0.546565911	16.4880933	12.48335688	0.020782264	NA	1.1752
10.5	Well 128	C4	12072022	40	WT (Amp plasmid)	1	0.025% arabinose	10	1.061660144	0.003667128	1.268185898	4.466790029	0.546565911	16.4880933	12.48335688	0.020782264	NA	1.1727
10.75	Well 128	C4	12072022	40	WT (Amp plasmid)	1	0.025% arabinose	10	1.061660144	0.003667128	1.268185898	4.466790029	0.546565911	16.4880933	12.48335688	0.020782264	NA	1.1699
11	Well 128	C4	12072022	40	WT (Amp plasmid)	1	0.025% arabinose	10	1.061660144	0.003667128	1.268185898	4.466790029	0.546565911	16.4880933	12.48335688	0.020782264	NA	1.1676
11.25	Well 128	C4	12072022	40	WT (Amp plasmid)	1	0.025% arabinose	10	1.061660144	0.003667128	1.268185898	4.466790029	0.546565911	16.4880933	12.48335688	0.020782264	NA	1.1654
11.5	Well 128	C4	12072022	40	WT (Amp plasmid)	1	0.025% arabinose	10	1.061660144	0.003667128	1.268185898	4.466790029	0.546565911	16.4880933	12.48335688	0.020782264	NA	1.1629
11.75	Well 128	C4	12072022	40	WT (Amp plasmid)	1	0.025% arabinose	10	1.061660144	0.003667128	1.268185898	4.466790029	0.546565911	16.4880933	12.48335688	0.020782264	NA	1.1602
12	Well 128	C4	12072022	40	WT (Amp plasmid)	1	0.025% arabinose	10	1.061660144	0.003667128	1.268185898	4.466790029	0.546565911	16.4880933	12.48335688	0.020782264	NA	1.1565
12.25	Well 128	C4	12072022	40	WT (Amp plasmid)	1	0.025% arabinose	10	1.061660144	0.003667128	1.268185898	4.466790029	0.546565911	16.4880933	12.48335688	0.020782264	NA	1.1533
12.5	Well 128	C4	12072022	40	WT (Amp plasmid)	1	0.025% arabinose	10	1.061660144	0.003667128	1.268185898	4.466790029	0.546565911	16.4880933	12.48335688	0.020782264	NA	1.1504
12.75	Well 128	C4	12072022	40	WT (Amp plasmid)	1	0.025% arabinose	10	1.061660144	0.003667128	1.268185898	4.466790029	0.546565911	16.4880933	12.48335688	0.020782264	NA	1.1474
13	Well 128	C4	12072022	40	WT (Amp plasmid)	1	0.025% arabinose	10	1.061660144	0.003667128	1.268185898	4.466790029	0.546565911	16.4880933	12.48335688	0.020782264	NA	1.1449
13.25	Well 128	C4	12072022	40	WT (Amp plasmid)	1	0.025% arabinose	10	1.061660144	0.003667128	1.268185898	4.466790029	0.546565911	16.4880933	12.48335688	0.020782264	NA	1.1419
13.5	Well 128	C4	12072022	40	WT (Amp plasmid)	1	0.025% arabinose	10	1.061660144	0.003667128	1.268185898	4.466790029	0.546565911	16.4880933	12.48335688	0.020782264	NA	1.1389
13.75	Well 128	C4	12072022	40	WT (Amp plasmid)	1	0.025% arabinose	10	1.061660144	0.003667128	1.268185898	4.466790029	0.546565911	16.4880933	12.48335688	0.020782264	NA	1.1359
14	Well 128	C4	12072022	40	WT (Amp plasmid)	1	0.025% arabinose	10	1.061660144	0.003667128	1.268185898	4.466790029	0.546565911	16.4880933	12.48335688	0.020782264	NA	1.1338
14.25	Well 128	C4	12072022	40	WT (Amp plasmid)	1	0.025% arabinose	10	1.061660144	0.003667128	1.268185898	4.466790029	0.546565911	16.4880933	12.48335688	0.020782264	NA	1.1322
14.5	Well 128	C4	12072022	40	WT (Amp plasmid)	1	0.025% arabinose	10	1.061660144	0.003667128	1.268185898	4.466790029	0.546565911	16.4880933	12.48335688	0.020782264	NA	1.1307
14.75	Well 128	C4	12072022	40	WT (Amp plasmid)	1	0.025% arabinose	10	1.061660144	0.003667128	1.268185898	4.466790029	0.546565911	16.4880933	12.48335688	0.020782264	NA	1.1293
15	Well 128	C4	12072022	40	WT (Amp plasmid)	1	0.025% arabinose	10	1.061660144	0.003667128	1.268185898	4.466790029	0.546565911	16.4880933	12.48335688	0.020782264	NA	1.1293
15.25	Well 128	C4	12072022	40	WT (Amp plasmid)	1	0.025% arabinose	10	1.061660144	0.003667128	1.268185898	4.466790029	0.546565911	16.4880933	12.48335688	0.020782264	NA	1.1286
15.5	Well 128	C4	12072022	40	WT (Amp plasmid)	1	0.025% arabinose	10	1.061660144	0.003667128	1.268185898	4.466790029	0.546565911	16.4880933	12.48335688	0.020782264	NA	1.1282
15.75	Well 128	C4	12072022	40	WT (Amp plasmid)	1	0.025% arabinose	10	1.061660144	0.003667128	1.268185898	4.466790029	0.546565911	16.4880933	12.48335688	0.020782264	NA	1.1278
16	Well 128	C4	12072022	40	WT (Amp plasmid)	1	0.025% arabinose	10	1.061660144	0.003667128	1.268185898	4.466790029	0.546565911	16.4880933	12.48335688	0.020782264	NA	1.1277
16.25	Well 128	C4	12072022	40	WT (Amp plasmid)	1	0.025% arabinose	10	1.061660144	0.003667128	1.268185898	4.466790029	0.546565911	16.4880933	12.48335688	0.020782264	NA	1.1277
0	Well 129	C5	12072022	40	WT (Amp plasmid)	2	0.025% arabinose	10	1.057786475	0.004179942	1.251182116	4.419561988	0.553993837	16.47742919	12.48431188	0.018737757	NA	0.092325
0.25	Well 129	C5	12072022	40	WT (Amp plasmid)	2	0.025% arabinose	10	1.057786475	0.004179942	1.251182116	4.419561988	0.553993837	16.47742919	12.48431188	0.018737757	NA	0.09245
0.5	Well 129	C5	12072022	40	WT (Amp plasmid)	2	0.025% arabinose	10	1.057786475	0.004179942	1.251182116	4.419561988	0.553993837	16.47742919	12.48431188	0.018737757	NA	0.0932
0.75	Well 129	C5	12072022	40	WT (Amp plasmid)	2	0.025% arabinose	10	1.057786475	0.004179942	1.251182116	4.419561988	0.553993837	16.47742919	12.48431188	0.018737757	NA	0.09505
1	Well 129	C5	12072022	40	WT (Amp plasmid)	2	0.025% arabinose	10	1.057786475	0.004179942	1.251182116	4.419561988	0.553993837	16.47742919	12.48431188	0.018737757	NA	0.0982
1.25	Well 129	C5	12072022	40	WT (Amp plasmid)	2	0.025% arabinose	10	1.057786475	0.004179942	1.251182116	4.419561988	0.553993837	16.47742919	12.48431188	0.018737757	NA	0.1025
1.5	Well 129	C5	12072022	40	WT (Amp plasmid)	2	0.025% arabinose	10	1.057786475	0.004179942	1.251182116	4.419561988	0.553993837	16.47742919	12.48431188	0.018737757	NA	0.10853
1.75	Well 129	C5	12072022	40	WT (Amp plasmid)	2	0.025% arabinose	10	1.057786475	0.004179942	1.251182116	4.419561988	0.553993837	16.47742919	12.48431188	0.018737757	NA	0.11615
2	Well 129	C5	12072022	40	WT (Amp plasmid)	2	0.025% arabinose	10	1.057786475	0.004179942	1.251182116	4.419561988	0.553993837	16.47742919	12.48431188	0.018737757	NA	0.12593
2.25	Well 129	C5	12072022	40	WT (Amp plasmid)	2	0.025% arabinose	10	1.057786475	0.004179942	1.251182116	4.419561988	0.553993837	16.47742919	12.48431188	0.018737757	NA	0.13935
2.5	Well 129	C5	12072022	40	WT (Amp plasmid)	2	0.025% arabinose	10	1.057786475	0.004179942	1.251182116	4.419561988	0.553993837	16.47742919	12.48431188	0.018737757	NA	0.15913
2.75	Well 129	C5	12072022	40	WT (Amp plasmid)	2	0.025% arabinose	10	1.057786475	0.004179942	1.251182116	4.419561988	0.553993837	16.47742919	12.48431188	0.018737757	NA	0.18898
3	Well 129	C5	12072022	40	WT (Amp plasmid)	2	0.025% arabinose	10	1.057786475	0.004179942	1.251182116	4.419561988	0.553993837	16.47742919	12.48431188	0.018737757	NA	0.23025
3.25	Well 129	C5	12072022	40	WT (Amp plasmid)	2	0.025% arabinose	10	1.057786475	0.004179942	1.251182116	4.419561988	0.553993837	16.47742919	12.48431188	0.018737757	NA	0.28592
3.5	Well 129	C5	12072022	40	WT (Amp plasmid)	2	0.025% arabinose	10	1.057786475	0.004179942	1.251182116	4.419561988	0.553993837	16.47742919	12.48431188	0.018737757	NA	0.35538
3.75	Well 129	C5	12072022	40	WT (Amp plasmid)	2	0.025% arabinose	10	1.057786475	0.004179942	1.251182116	4.419561988	0.553993837	16.47742919	12.48431188	0.018737757	NA	0.42075
4	Well 129	C5	12072022	40	WT (Amp plasmid)	2	0.025% arabinose	10	1.057786475	0.004179942	1.251182116	4.419561988	0.553993837	16.47742919	12.48431188	0.018737757	NA	0.49348
4.25	Well 129	C5	12072022	40	WT (Amp plasmid)	2	0.025% arabinose	10	1.057786475	0.004179942	1.251182116	4.419561988	0.553993837	16.47742919	12.48431188	0.018737757	NA	0.58057
4.5	Well 129	C5	12072022	40	WT (Amp plasmid)	2	0.025% arabinose	10	1.057786475	0.004179942	1.251182116	4.419561988	0.553993837	16.47742919	12.48431188	0.018737757	NA	0.66275
4.75	Well 129	C5	12072022	40	WT (Amp plasmid)	2	0.025% arabinose	10	1.057786475	0.004179942	1.251182116	4.419561988	0.553993837	16.47742919	12.48431188	0.018737757	NA	0.7331
5	Well 129	C5	12072022	40	WT (Amp plasmid)	2	0.025% arabinose	10	1.057786475	0.004179942	1.251182116	4.419561988	0.553993837	16.47742919	12.48431188	0.018737757	NA	0.83105
5.25	Well 129	C5	12072022	40	WT (Amp plasmid)	2	0.025% arabinose	10	1.057786475	0.004179942	1.251182116	4.419561988	0.553993837	16.47742919	12.48431188	0.018737757	NA	0.87725
5.5	Well 129	C5	12072022	40	WT (Amp plasmid)	2	0.025% arabinose	10	1.057786475	0.004179942	1.251182116	4.419561988	0.553993837	16.47742919	12.48431188	0.018737757	NA	0.92982
5.75	Well 129	C5	12072022	40	WT (Amp plasmid)	2	0.025% arabinose	10	1.057786475	0.004179942	1.251182116	4.419561988	0.553993837	16.47742919	12.48431188	0.018737757	NA	0.9679
6	Well 129	C5	12072022	40	WT (Amp plasmid)	2	0.025% arabinose	10	1.057786475	0.004179942	1.251182116	4.419561988	0.553993837	16.47742919	12.48431188	0.018737757	NA	0.99812
6.25	Well 129	C5	12072022	40	WT (Amp plasmid)	2	0.025% arabinose	10	1.057786475	0.004179942	1.251182116	4.419561988	0.553993837	16.47742919	12.48431188	0.018737757	NA	1.0228
6.5	Well 129	C5	12072022	40	WT (Amp plasmid)	2	0.025% arabinose	10	1.057786475	0.004179942	1.251182116	4.419561988	0.553993837	16.47742919	12.48431188	0.018737757	NA	1.0446
6.75	Well 129	C5	12072022	40	WT (Amp plasmid)	2	0.025% arabinose	10	1.057786475	0.004179942	1.251182116	4.419561988	0.553993837	16.47742919	12.48431188	0.018737757	NA	1.0645
7	Well 129	C5	12072022	40	WT (Amp plasmid)	2	0.025% arabinose	10	1.057786475	0.004179942	1.251182116	4.419561988	0.553993837	16.47742919	12.48431188	0.018737757	NA	1.0844
7.25	Well 129	C5	12072022	40	WT (Amp plasmid)	2	0.025% arabinose	10	1.057786475	0.004179942	1.251182116	4.419561988	0.553993837	16.47742919	12.48431188	0.018737757	NA	1.1018
7.5	Well 129	C5	12072022	40	WT (Amp plasmid)	2	0.025% arabinose	10	1.057786475	0.004179942	1.251182116	4.419561988	0.553993837	16.47742919	12.48431188	0.018737757	NA	1.1177
7.75	Well 129	C5	12072022	40	WT (Amp plasmid)	2	0.025% arabinose	10	1.057786475	0.004179942	1.251182116	4.419561988	0.553993837	16.47742919	12.48431188	0.018737757	NA	1.1471
8	Well 129	C5	12072022	40	WT (Amp plasmid)	2	0.025% arabinose	10	1.057786475	0.004179942	1.251182116	4.419561988	0.553993837	16.47742919	12.48431188	0.018737757	NA	1.171
8.25	Well 129	C5	12072022	40	WT (Amp plasmid)	2	0.025% arabinose	10	1.057786475	0.004179942	1.251182116	4.419561988	0.553993837	16.47742919	12.48431188	0.018737757	NA	1.1783
8.5	Well 129	C5	12072022	40	WT (Amp plasmid)	2	0.025% arabinose	10	1.057786475	0.004179942	1.251182116	4.419561988	0.553993837	16.47742919	12.48431188	0.018737757	NA	1.1798
8.75	Well 129	C5	12072022	40	WT (Amp plasmid)	2	0.025% arabinose	10	1.057786475	0.004179942	1.251182116	4.419561988	0.553993837	16.47742919	12.48431188	0.018737757	NA	1.1805
9	Well 129	C5	12072022	40	WT (Amp plasmid)	2	0.025% arabinose	10	1.057786475	0.004179942	1.251182116	4.419561988	0.553993837	16.47742919	12.48431188	0.018737757	NA	1.1792
9.25	Well 129	C5	12072022	40	WT (Amp plasmid)	2	0.025% arabinose	10	1.057786475	0.004179942	1.251182116	4.419561988	0.553993837	16.47742919	12.48431188	0.018737757	NA	1.1778
9.5	Well 129	C5	12072022	40	WT (Amp plasmid)	2	0.025% arabinose	10	1.057786475	0.004179942	1.251182116	4.419561988	0.553993837	16.47742919	12.48431188	0.018737757	NA	1.1757
9.75	Well 129	C5	12072022	40	WT (Amp plasmid)	2	0.025% arabinose	10	1.057786475	0.004179942	1.251182116	4.419561988	0.553993837	16.47742919	12.48431188	0.018737757	NA	1.1719
10	Well 129	C5	12072022	40	WT (Amp plasmid)	2	0.025% arabinose	10	1.057786475	0.004179942	1.251182116	4.419561988	0.553993837	16.47742919	12.48431188	0.018737757	NA	1.1705
10.25	Well 129	C5	12072022	40	WT (Amp plasmid)	2	0.025% arabinose	10	1.057786475	0.004179942	1.251182116	4.419561988	0.553993837	16.47742919	12.48431188	0.018737757	NA	1.1676
10.5	Well 129	C5	12072022	40	WT (Amp plasmid)	2	0.025% arabinose	10	1.057786475	0.004179942	1.251182116	4.419561988	0.553993837	16.47742919	12.48431188	0.018737757	NA	1.1651
10.75	Well 129	C5	12072022	40	WT (Amp plasmid)	2	0.025% arabinose	10	1.057786475	0.004179942	1.251182116	4.419561988	0.553993837	16.47742919	12.48431188	0.018737757	NA	1.1626
11	Well 129	C5	12072022	40	WT (Amp plasmid)	2	0.025% arabinose	10	1.057786475	0.004179942	1.251182116	4.419561988	0.553993837	16.47742919	12.48431188	0.018737757	NA	1.1604
11.25	Well 129	C5	12072022	40	WT (Amp plasmid)	2	0.025% arabinose	10	1.057786475	0.004179942	1.251182116	4.419561988	0.553993837	16.47742919	12.48431188	0.018737757	NA	1.159
11.5	Well 129	C5	12072022	40	WT (Amp plasmid)	2	0.025% arabinose	10	1.057786475	0.004179942	1.251182116	4.419561988	0.553993837	16.47742919	12.48431188	0.018737757	NA	1.157
11.75	Well 129	C5	12072022	40	WT (Amp plasmid)	2	0.025% arabinose	10	1.057786475	0.004179942	1.251182116	4.419561988	0.553993837	16.47742919	12.48431188	0.018737757	NA	1.155
12	Well 129	C5	12072022	40	WT (Amp plasmid)	2	0.025% arabinose	10	1.057786475	0.004179942	1.251182116	4.419561988	0.553993837	16.47742919	12.48431188	0.018737757	NA	1.1521
12.25	Well 129	C5	12072022	40	WT (Amp plasmid)	2	0.025% arabinose	10	1.057786475	0.004179942	1.251182116	4.419561988	0.553993837	16.47742919	12.48431188	0.018737757	NA	1.1497
12.5	Well 129	C5	12072022	40	WT (Amp plasmid)	2	0.025% arabinose	10	1.057786475	0.004179942	1.251182116	4.419561988	0.553993837	16.47742919	12.48431188	0.018737757	NA	1.1476
12.75	Well 129	C5	12072022	40	WT (Amp plasmid)	2	0.025% arabinose	10	1.057786475	0.004179942	1.251182116	4.419561988	0.553993837	16.47742919	12.48431188	0.018737757	NA	1.1454
13	Well 129	C5	12072022	40	WT (Amp plasmid)	2	0.025% arabinose	10	1.057786475	0.004179942	1.251182116	4.419561988	0.553993837	16.47742919	12.48431188	0.018737757	NA	1.1439
13.25	Well 129	C5	12072022	40	WT (Amp plasmid)	2	0.025% arabinose	10	1.057786475	0.004179942	1.251182116	4.419561988	0.553993837	16.47742919	12.48431188	0.018737757	NA	1.1422
13.5	Well 129	C5	12072022	40	WT (Amp plasmid)	2	0.025% arabinose	10	1.057786475	0.004179942	1.251182116	4.419561988	0.553993837	16.47742919	12.48431188	0.018737757	NA	1.1402
13.75	Well 129	C5	12072022	40	WT (Amp plasmid)	2	0.025% arabinose	10	1.057786475	0.004179942	1.251182116	4.419561988	0.553993837	16.47742919	12.48431188	0.018737757	NA	1.1384
14	Well 129	C5	12072022	40	WT (Amp plasmid)	2	0.025% arabinose	10	1.057786475	0.004179942	1.251182116	4.419561988	0.553993837	16.47742919	12.48431188	0.018737757	NA	1.1362
14.25	Well 129	C5	12072022	40	WT (Amp plasmid)	2	0.025% arabinose	10	1.057786475	0.004179942	1.251182116	4.419561988	0.553993837	16.47742919	12.48431188	0.018737757	NA	1.1349
14.5	Well 129	C5	12072022	40	WT (Amp plasmid)	2	0.025% arabinose	10	1.057786475	0.004179942	1.251182116	4.419561988	0.553993837	16.47742919	12.48431188	0.018737757	NA	1.1337
14.75	Well 129	C5	12072022	40	WT (Amp plasmid)	2	0.025% arabinose	10	1.057786475	0.004179942	1.251182116	4.419561988	0.553993837	16.47742919	12.48431188	0.018737757	NA	1.1327
15	Well 129	C5	12072022	40	WT (Amp plasmid)	2	0.025% arabinose	10	1.057786475	0.004179942	1.251182116	4.419561988	0.553993837	16.47742919	12.48431188	0.018737757	NA	1.1323
15.25	Well 129	C5	12072022	40	WT (Amp plasmid)	2	0.025% arabinose	10	1.057786475	0.004179942	1.251182116	4.419561988	0.553993837	16.47742919	12.48431188	0.018737757	NA	1.1309
15.5	Well 129	C5	12072022	40	WT (Amp plasmid)	2	0.025% arabinose	10	1.057786475	0.004179942	1.251182116	4.419561988	0.553993837	16.47742919	12.48431188	0.018737757	NA	1.1301
15.75	Well 129	C5	12072022	40	WT (Amp plasmid)	2	0.025% arabinose	10	1.057786475	0.004179942	1.251182116	4.419561988	0.553993837	16.47742919	12.48431188	0.018737757	NA	1.1292
16	Well 129	C5	12072022	40	WT (Amp plasmid)	2	0.025% arabinose	10	1.057786475	0.004179942	1.251182116	4.419561988	0.553993837	16.47742919	12.48431188	0.018737757	NA	1.1286
16.25	Well 129	C5	12072022	40	WT (Amp plasmid)	2	0.025% arabinose	10	1.057786475	0.004179942	1.251182116	4.419561988	0.553993837	16.47742919	12.48431188	0.018737757	NA	1.128
0	Well 130	C6	12072022	40	WT (Amp plasmid)	3	0.025% arabinose	10	1.052059172	0.004428795	1.214435267	4.50098804	0.570756795	16.3022232	12.32387125	0.016851505	NA	0.09265
0.25	Well 130	C6	12072022	40	WT (Amp plasmid)	3	0.025% arabinose	10	1.052059172	0.004428795	1.214435267	4.50098804	0.570756795	16.3022232	12.32387125	0.016851505	NA	0.092825
0.5	Well 130	C6	12072022	40	WT (Amp plasmid)	3	0.025% arabinose	10	1.052059172	0.004428795	1.214435267	4.50098804	0.570756795	16.3022232	12.32387125	0.016851505	NA	0.09345
0.75	Well 130	C6	12072022	40	WT (Amp plasmid)	3	0.025% arabinose	10	1.052059172	0.004428795	1.214435267	4.50098804	0.570756795	16.3022232	12.32387125	0.016851505	NA	0.095025
1	Well 130	C6	12072022	40	WT (Amp plasmid)	3	0.025% arabinose	10	1.052059172	0.004428795	1.214435267	4.50098804	0.570756795	16.3022232	12.32387125	0.016851505	NA	0.09785
1.25	Well 130	C6	12072022	40	WT (Amp plasmid)	3	0.025% arabinose	10	1.052059172	0.004428795	1.214435267	4.50098804	0.570756795	16.3022232	12.32387125	0.016851505	NA	0.1018
1.5	Well 130	C6	12072022	40	WT (Amp plasmid)	3	0.025% arabinose	10	1.052059172	0.004428795	1.214435267	4.50098804	0.570756795	16.3022232	12.32387125	0.016851505	NA	0.10745
1.75	Well 130	C6	12072022	40	WT (Amp plasmid)	3	0.025% arabinose	10	1.052059172	0.004428795	1.214435267	4.50098804	0.570756795	16.3022232	12.32387125	0.016851505	NA	0.11435
2	Well 130	C6	12072022	40	WT (Amp plasmid)	3	0.025% arabinose	10	1.052059172	0.004428795	1.214435267	4.50098804	0.570756795	16.3022232	12.32387125	0.016851505	NA	0.12328
2.25	Well 130	C6	12072022	40	WT (Amp plasmid)	3	0.025% arabinose	10	1.052059172	0.004428795	1.214435267	4.50098804	0.570756795	16.3022232	12.32387125	0.016851505	NA	0.13575
2.5	Well 130	C6	12072022	40	WT (Amp plasmid)	3	0.025% arabinose	10	1.052059172	0.004428795	1.214435267	4.50098804	0.570756795	16.3022232	12.32387125	0.016851505	NA	0.15352
2.75	Well 130	C6	12072022	40	WT (Amp plasmid)	3	0.025% arabinose	10	1.052059172	0.004428795	1.214435267	4.50098804	0.570756795	16.3022232	12.32387125	0.016851505	NA	0.18085
3	Well 130	C6	12072022	40	WT (Amp plasmid)	3	0.025% arabinose	10	1.052059172	0.004428795	1.214435267	4.50098804	0.570756795	16.3022232	12.32387125	0.016851505	NA	0.21978
3.25	Well 130	C6	12072022	40	WT (Amp plasmid)	3	0.025% arabinose	10	1.052059172	0.004428795	1.214435267	4.50098804	0.570756795	16.3022232	12.32387125	0.016851505	NA	0.27055
3.5	Well 130	C6	12072022	40	WT (Amp plasmid)	3	0.025% arabinose	10	1.052059172	0.004428795	1.214435267	4.50098804	0.570756795	16.3022232	12.32387125	0.016851505	NA	0.33735
3.75	Well 130	C6	12072022	40	WT (Amp plasmid)	3	0.025% arabinose	10	1.052059172	0.004428795	1.214435267	4.50098804	0.570756795	16.3022232	12.32387125	0.016851505	NA	0.4029
4	Well 130	C6	12072022	40	WT (Amp plasmid)	3	0.025% arabinose	10	1.052059172	0.004428795	1.214435267	4.50098804	0.570756795	16.3022232	12.32387125	0.016851505	NA	0.47145
4.25	Well 130	C6	12072022	40	WT (Amp plasmid)	3	0.025% arabinose	10	1.052059172	0.004428795	1.214435267	4.50098804	0.570756795	16.3022232	12.32387125	0.016851505	NA	0.55475
4.5	Well 130	C6	12072022	40	WT (Amp plasmid)	3	0.025% arabinose	10	1.052059172	0.004428795	1.214435267	4.50098804	0.570756795	16.3022232	12.32387125	0.016851505	NA	0.63712
4.75	Well 130	C6	12072022	40	WT (Amp plasmid)	3	0.025% arabinose	10	1.052059172	0.004428795	1.214435267	4.50098804	0.570756795	16.3022232	12.32387125	0.016851505	NA	0.7066
5	Well 130	C6	12072022	40	WT (Amp plasmid)	3	0.025% arabinose	10	1.052059172	0.004428795	1.214435267	4.50098804	0.570756795	16.3022232	12.32387125	0.016851505	NA	0.80328
5.25	Well 130	C6	12072022	40	WT (Amp plasmid)	3	0.025% arabinose	10	1.052059172	0.004428795	1.214435267	4.50098804	0.570756795	16.3022232	12.32387125	0.016851505	NA	0.85552
5.5	Well 130	C6	12072022	40	WT (Amp plasmid)	3	0.025% arabinose	10	1.052059172	0.004428795	1.214435267	4.50098804	0.570756795	16.3022232	12.32387125	0.016851505	NA	0.90623
5.75	Well 130	C6	12072022	40	WT (Amp plasmid)	3	0.025% arabinose	10	1.052059172	0.004428795	1.214435267	4.50098804	0.570756795	16.3022232	12.32387125	0.016851505	NA	0.94503
6	Well 130	C6	12072022	40	WT (Amp plasmid)	3	0.025% arabinose	10	1.052059172	0.004428795	1.214435267	4.50098804	0.570756795	16.3022232	12.32387125	0.016851505	NA	0.9763
6.25	Well 130	C6	12072022	40	WT (Amp plasmid)	3	0.025% arabinose	10	1.052059172	0.004428795	1.214435267	4.50098804	0.570756795	16.3022232	12.32387125	0.016851505	NA	1.0018
6.5	Well 130	C6	12072022	40	WT (Amp plasmid)	3	0.025% arabinose	10	1.052059172	0.004428795	1.214435267	4.50098804	0.570756795	16.3022232	12.32387125	0.016851505	NA	1.0231
6.75	Well 130	C6	12072022	40	WT (Amp plasmid)	3	0.025% arabinose	10	1.052059172	0.004428795	1.214435267	4.50098804	0.570756795	16.3022232	12.32387125	0.016851505	NA	1.0436
7	Well 130	C6	12072022	40	WT (Amp plasmid)	3	0.025% arabinose	10	1.052059172	0.004428795	1.214435267	4.50098804	0.570756795	16.3022232	12.32387125	0.016851505	NA	1.0627
7.25	Well 130	C6	12072022	40	WT (Amp plasmid)	3	0.025% arabinose	10	1.052059172	0.004428795	1.214435267	4.50098804	0.570756795	16.3022232	12.32387125	0.016851505	NA	1.0804
7.5	Well 130	C6	12072022	40	WT (Amp plasmid)	3	0.025% arabinose	10	1.052059172	0.004428795	1.214435267	4.50098804	0.570756795	16.3022232	12.32387125	0.016851505	NA	1.0964
7.75	Well 130	C6	12072022	40	WT (Amp plasmid)	3	0.025% arabinose	10	1.052059172	0.004428795	1.214435267	4.50098804	0.570756795	16.3022232	12.32387125	0.016851505	NA	1.1205
8	Well 130	C6	12072022	40	WT (Amp plasmid)	3	0.025% arabinose	10	1.052059172	0.004428795	1.214435267	4.50098804	0.570756795	16.3022232	12.32387125	0.016851505	NA	1.1506
8.25	Well 130	C6	12072022	40	WT (Amp plasmid)	3	0.025% arabinose	10	1.052059172	0.004428795	1.214435267	4.50098804	0.570756795	16.3022232	12.32387125	0.016851505	NA	1.1596
8.5	Well 130	C6	12072022	40	WT (Amp plasmid)	3	0.025% arabinose	10	1.052059172	0.004428795	1.214435267	4.50098804	0.570756795	16.3022232	12.32387125	0.016851505	NA	1.1637
8.75	Well 130	C6	12072022	40	WT (Amp plasmid)	3	0.025% arabinose	10	1.052059172	0.004428795	1.214435267	4.50098804	0.570756795	16.3022232	12.32387125	0.016851505	NA	1.1647
9	Well 130	C6	12072022	40	WT (Amp plasmid)	3	0.025% arabinose	10	1.052059172	0.004428795	1.214435267	4.50098804	0.570756795	16.3022232	12.32387125	0.016851505	NA	1.1648
9.25	Well 130	C6	12072022	40	WT (Amp plasmid)	3	0.025% arabinose	10	1.052059172	0.004428795	1.214435267	4.50098804	0.570756795	16.3022232	12.32387125	0.016851505	NA	1.1641
9.5	Well 130	C6	12072022	40	WT (Amp plasmid)	3	0.025% arabinose	10	1.052059172	0.004428795	1.214435267	4.50098804	0.570756795	16.3022232	12.32387125	0.016851505	NA	1.164
9.75	Well 130	C6	12072022	40	WT (Amp plasmid)	3	0.025% arabinose	10	1.052059172	0.004428795	1.214435267	4.50098804	0.570756795	16.3022232	12.32387125	0.016851505	NA	1.1604
10	Well 130	C6	12072022	40	WT (Amp plasmid)	3	0.025% arabinose	10	1.052059172	0.004428795	1.214435267	4.50098804	0.570756795	16.3022232	12.32387125	0.016851505	NA	1.1597
10.25	Well 130	C6	12072022	40	WT (Amp plasmid)	3	0.025% arabinose	10	1.052059172	0.004428795	1.214435267	4.50098804	0.570756795	16.3022232	12.32387125	0.016851505	NA	1.158
10.5	Well 130	C6	12072022	40	WT (Amp plasmid)	3	0.025% arabinose	10	1.052059172	0.004428795	1.214435267	4.50098804	0.570756795	16.3022232	12.32387125	0.016851505	NA	1.1562
10.75	Well 130	C6	12072022	40	WT (Amp plasmid)	3	0.025% arabinose	10	1.052059172	0.004428795	1.214435267	4.50098804	0.570756795	16.3022232	12.32387125	0.016851505	NA	1.1541
11	Well 130	C6	12072022	40	WT (Amp plasmid)	3	0.025% arabinose	10	1.052059172	0.004428795	1.214435267	4.50098804	0.570756795	16.3022232	12.32387125	0.016851505	NA	1.1527
11.25	Well 130	C6	12072022	40	WT (Amp plasmid)	3	0.025% arabinose	10	1.052059172	0.004428795	1.214435267	4.50098804	0.570756795	16.3022232	12.32387125	0.016851505	NA	1.1518
11.5	Well 130	C6	12072022	40	WT (Amp plasmid)	3	0.025% arabinose	10	1.052059172	0.004428795	1.214435267	4.50098804	0.570756795	16.3022232	12.32387125	0.016851505	NA	1.1507
11.75	Well 130	C6	12072022	40	WT (Amp plasmid)	3	0.025% arabinose	10	1.052059172	0.004428795	1.214435267	4.50098804	0.570756795	16.3022232	12.32387125	0.016851505	NA	1.1495
12	Well 130	C6	12072022	40	WT (Amp plasmid)	3	0.025% arabinose	10	1.052059172	0.004428795	1.214435267	4.50098804	0.570756795	16.3022232	12.32387125	0.016851505	NA	1.1473
12.25	Well 130	C6	12072022	40	WT (Amp plasmid)	3	0.025% arabinose	10	1.052059172	0.004428795	1.214435267	4.50098804	0.570756795	16.3022232	12.32387125	0.016851505	NA	1.1457
12.5	Well 130	C6	12072022	40	WT (Amp plasmid)	3	0.025% arabinose	10	1.052059172	0.004428795	1.214435267	4.50098804	0.570756795	16.3022232	12.32387125	0.016851505	NA	1.1448
12.75	Well 130	C6	12072022	40	WT (Amp plasmid)	3	0.025% arabinose	10	1.052059172	0.004428795	1.214435267	4.50098804	0.570756795	16.3022232	12.32387125	0.016851505	NA	1.1435
13	Well 130	C6	12072022	40	WT (Amp plasmid)	3	0.025% arabinose	10	1.052059172	0.004428795	1.214435267	4.50098804	0.570756795	16.3022232	12.32387125	0.016851505	NA	1.143
13.25	Well 130	C6	12072022	40	WT (Amp plasmid)	3	0.025% arabinose	10	1.052059172	0.004428795	1.214435267	4.50098804	0.570756795	16.3022232	12.32387125	0.016851505	NA	1.1419
13.5	Well 130	C6	12072022	40	WT (Amp plasmid)	3	0.025% arabinose	10	1.052059172	0.004428795	1.214435267	4.50098804	0.570756795	16.3022232	12.32387125	0.016851505	NA	1.141
13.75	Well 130	C6	12072022	40	WT (Amp plasmid)	3	0.025% arabinose	10	1.052059172	0.004428795	1.214435267	4.50098804	0.570756795	16.3022232	12.32387125	0.016851505	NA	1.1397
14	Well 130	C6	12072022	40	WT (Amp plasmid)	3	0.025% arabinose	10	1.052059172	0.004428795	1.214435267	4.50098804	0.570756795	16.3022232	12.32387125	0.016851505	NA	1.1382
14.25	Well 130	C6	12072022	40	WT (Amp plasmid)	3	0.025% arabinose	10	1.052059172	0.004428795	1.214435267	4.50098804	0.570756795	16.3022232	12.32387125	0.016851505	NA	1.1375
14.5	Well 130	C6	12072022	40	WT (Amp plasmid)	3	0.025% arabinose	10	1.052059172	0.004428795	1.214435267	4.50098804	0.570756795	16.3022232	12.32387125	0.016851505	NA	1.137
14.75	Well 130	C6	12072022	40	WT (Amp plasmid)	3	0.025% arabinose	10	1.052059172	0.004428795	1.214435267	4.50098804	0.570756795	16.3022232	12.32387125	0.016851505	NA	1.1362
15	Well 130	C6	12072022	40	WT (Amp plasmid)	3	0.025% arabinose	10	1.052059172	0.004428795	1.214435267	4.50098804	0.570756795	16.3022232	12.32387125	0.016851505	NA	1.1359
15.25	Well 130	C6	12072022	40	WT (Amp plasmid)	3	0.025% arabinose	10	1.052059172	0.004428795	1.214435267	4.50098804	0.570756795	16.3022232	12.32387125	0.016851505	NA	1.1354
15.5	Well 130	C6	12072022	40	WT (Amp plasmid)	3	0.025% arabinose	10	1.052059172	0.004428795	1.214435267	4.50098804	0.570756795	16.3022232	12.32387125	0.016851505	NA	1.135
15.75	Well 130	C6	12072022	40	WT (Amp plasmid)	3	0.025% arabinose	10	1.052059172	0.004428795	1.214435267	4.50098804	0.570756795	16.3022232	12.32387125	0.016851505	NA	1.1337
16	Well 130	C6	12072022	40	WT (Amp plasmid)	3	0.025% arabinose	10	1.052059172	0.004428795	1.214435267	4.50098804	0.570756795	16.3022232	12.32387125	0.016851505	NA	1.1333
16.25	Well 130	C6	12072022	40	WT (Amp plasmid)	3	0.025% arabinose	10	1.052059172	0.004428795	1.214435267	4.50098804	0.570756795	16.3022232	12.32387125	0.016851505	NA	1.1324
0	Well 140	D4	12072022	40	WT (Amp plasmid)	1	0.05% arabinose	10	1.057310327	0.006883127	1.270577341	3.957161003	0.545537181	16.95682432	12.95662688	0.029715753	NA	0.095825
0.25	Well 140	D4	12072022	40	WT (Amp plasmid)	1	0.05% arabinose	10	1.057310327	0.006883127	1.270577341	3.957161003	0.545537181	16.95682432	12.95662688	0.029715753	NA	0.0959
0.5	Well 140	D4	12072022	40	WT (Amp plasmid)	1	0.05% arabinose	10	1.057310327	0.006883127	1.270577341	3.957161003	0.545537181	16.95682432	12.95662688	0.029715753	NA	0.0967
0.75	Well 140	D4	12072022	40	WT (Amp plasmid)	1	0.05% arabinose	10	1.057310327	0.006883127	1.270577341	3.957161003	0.545537181	16.95682432	12.95662688	0.029715753	NA	0.0987
1	Well 140	D4	12072022	40	WT (Amp plasmid)	1	0.05% arabinose	10	1.057310327	0.006883127	1.270577341	3.957161003	0.545537181	16.95682432	12.95662688	0.029715753	NA	0.10258
1.25	Well 140	D4	12072022	40	WT (Amp plasmid)	1	0.05% arabinose	10	1.057310327	0.006883127	1.270577341	3.957161003	0.545537181	16.95682432	12.95662688	0.029715753	NA	0.1085
1.5	Well 140	D4	12072022	40	WT (Amp plasmid)	1	0.05% arabinose	10	1.057310327	0.006883127	1.270577341	3.957161003	0.545537181	16.95682432	12.95662688	0.029715753	NA	0.11698
1.75	Well 140	D4	12072022	40	WT (Amp plasmid)	1	0.05% arabinose	10	1.057310327	0.006883127	1.270577341	3.957161003	0.545537181	16.95682432	12.95662688	0.029715753	NA	0.1288
2	Well 140	D4	12072022	40	WT (Amp plasmid)	1	0.05% arabinose	10	1.057310327	0.006883127	1.270577341	3.957161003	0.545537181	16.95682432	12.95662688	0.029715753	NA	0.1467
2.25	Well 140	D4	12072022	40	WT (Amp plasmid)	1	0.05% arabinose	10	1.057310327	0.006883127	1.270577341	3.957161003	0.545537181	16.95682432	12.95662688	0.029715753	NA	0.17313
2.5	Well 140	D4	12072022	40	WT (Amp plasmid)	1	0.05% arabinose	10	1.057310327	0.006883127	1.270577341	3.957161003	0.545537181	16.95682432	12.95662688	0.029715753	NA	0.21178
2.75	Well 140	D4	12072022	40	WT (Amp plasmid)	1	0.05% arabinose	10	1.057310327	0.006883127	1.270577341	3.957161003	0.545537181	16.95682432	12.95662688	0.029715753	NA	0.26413
3	Well 140	D4	12072022	40	WT (Amp plasmid)	1	0.05% arabinose	10	1.057310327	0.006883127	1.270577341	3.957161003	0.545537181	16.95682432	12.95662688	0.029715753	NA	0.33753
3.25	Well 140	D4	12072022	40	WT (Amp plasmid)	1	0.05% arabinose	10	1.057310327	0.006883127	1.270577341	3.957161003	0.545537181	16.95682432	12.95662688	0.029715753	NA	0.42007
3.5	Well 140	D4	12072022	40	WT (Amp plasmid)	1	0.05% arabinose	10	1.057310327	0.006883127	1.270577341	3.957161003	0.545537181	16.95682432	12.95662688	0.029715753	NA	0.5034
3.75	Well 140	D4	12072022	40	WT (Amp plasmid)	1	0.05% arabinose	10	1.057310327	0.006883127	1.270577341	3.957161003	0.545537181	16.95682432	12.95662688	0.029715753	NA	0.57315
4	Well 140	D4	12072022	40	WT (Amp plasmid)	1	0.05% arabinose	10	1.057310327	0.006883127	1.270577341	3.957161003	0.545537181	16.95682432	12.95662688	0.029715753	NA	0.6643
4.25	Well 140	D4	12072022	40	WT (Amp plasmid)	1	0.05% arabinose	10	1.057310327	0.006883127	1.270577341	3.957161003	0.545537181	16.95682432	12.95662688	0.029715753	NA	0.7419
4.5	Well 140	D4	12072022	40	WT (Amp plasmid)	1	0.05% arabinose	10	1.057310327	0.006883127	1.270577341	3.957161003	0.545537181	16.95682432	12.95662688	0.029715753	NA	0.80435
4.75	Well 140	D4	12072022	40	WT (Amp plasmid)	1	0.05% arabinose	10	1.057310327	0.006883127	1.270577341	3.957161003	0.545537181	16.95682432	12.95662688	0.029715753	NA	0.8814
5	Well 140	D4	12072022	40	WT (Amp plasmid)	1	0.05% arabinose	10	1.057310327	0.006883127	1.270577341	3.957161003	0.545537181	16.95682432	12.95662688	0.029715753	NA	0.92325
5.25	Well 140	D4	12072022	40	WT (Amp plasmid)	1	0.05% arabinose	10	1.057310327	0.006883127	1.270577341	3.957161003	0.545537181	16.95682432	12.95662688	0.029715753	NA	0.96877
5.5	Well 140	D4	12072022	40	WT (Amp plasmid)	1	0.05% arabinose	10	1.057310327	0.006883127	1.270577341	3.957161003	0.545537181	16.95682432	12.95662688	0.029715753	NA	1.001
5.75	Well 140	D4	12072022	40	WT (Amp plasmid)	1	0.05% arabinose	10	1.057310327	0.006883127	1.270577341	3.957161003	0.545537181	16.95682432	12.95662688	0.029715753	NA	1.0268
6	Well 140	D4	12072022	40	WT (Amp plasmid)	1	0.05% arabinose	10	1.057310327	0.006883127	1.270577341	3.957161003	0.545537181	16.95682432	12.95662688	0.029715753	NA	1.0464
6.25	Well 140	D4	12072022	40	WT (Amp plasmid)	1	0.05% arabinose	10	1.057310327	0.006883127	1.270577341	3.957161003	0.545537181	16.95682432	12.95662688	0.029715753	NA	1.0617
6.5	Well 140	D4	12072022	40	WT (Amp plasmid)	1	0.05% arabinose	10	1.057310327	0.006883127	1.270577341	3.957161003	0.545537181	16.95682432	12.95662688	0.029715753	NA	1.0768
6.75	Well 140	D4	12072022	40	WT (Amp plasmid)	1	0.05% arabinose	10	1.057310327	0.006883127	1.270577341	3.957161003	0.545537181	16.95682432	12.95662688	0.029715753	NA	1.0884
7	Well 140	D4	12072022	40	WT (Amp plasmid)	1	0.05% arabinose	10	1.057310327	0.006883127	1.270577341	3.957161003	0.545537181	16.95682432	12.95662688	0.029715753	NA	1.0998
7.25	Well 140	D4	12072022	40	WT (Amp plasmid)	1	0.05% arabinose	10	1.057310327	0.006883127	1.270577341	3.957161003	0.545537181	16.95682432	12.95662688	0.029715753	NA	1.1132
7.5	Well 140	D4	12072022	40	WT (Amp plasmid)	1	0.05% arabinose	10	1.057310327	0.006883127	1.270577341	3.957161003	0.545537181	16.95682432	12.95662688	0.029715753	NA	1.1312
7.75	Well 140	D4	12072022	40	WT (Amp plasmid)	1	0.05% arabinose	10	1.057310327	0.006883127	1.270577341	3.957161003	0.545537181	16.95682432	12.95662688	0.029715753	NA	1.1659
8	Well 140	D4	12072022	40	WT (Amp plasmid)	1	0.05% arabinose	10	1.057310327	0.006883127	1.270577341	3.957161003	0.545537181	16.95682432	12.95662688	0.029715753	NA	1.1845
8.25	Well 140	D4	12072022	40	WT (Amp plasmid)	1	0.05% arabinose	10	1.057310327	0.006883127	1.270577341	3.957161003	0.545537181	16.95682432	12.95662688	0.029715753	NA	1.1925
8.5	Well 140	D4	12072022	40	WT (Amp plasmid)	1	0.05% arabinose	10	1.057310327	0.006883127	1.270577341	3.957161003	0.545537181	16.95682432	12.95662688	0.029715753	NA	1.1972
8.75	Well 140	D4	12072022	40	WT (Amp plasmid)	1	0.05% arabinose	10	1.057310327	0.006883127	1.270577341	3.957161003	0.545537181	16.95682432	12.95662688	0.029715753	NA	1.1983
9	Well 140	D4	12072022	40	WT (Amp plasmid)	1	0.05% arabinose	10	1.057310327	0.006883127	1.270577341	3.957161003	0.545537181	16.95682432	12.95662688	0.029715753	NA	1.1965
9.25	Well 140	D4	12072022	40	WT (Amp plasmid)	1	0.05% arabinose	10	1.057310327	0.006883127	1.270577341	3.957161003	0.545537181	16.95682432	12.95662688	0.029715753	NA	1.1946
9.5	Well 140	D4	12072022	40	WT (Amp plasmid)	1	0.05% arabinose	10	1.057310327	0.006883127	1.270577341	3.957161003	0.545537181	16.95682432	12.95662688	0.029715753	NA	1.1923
9.75	Well 140	D4	12072022	40	WT (Amp plasmid)	1	0.05% arabinose	10	1.057310327	0.006883127	1.270577341	3.957161003	0.545537181	16.95682432	12.95662688	0.029715753	NA	1.1897
10	Well 140	D4	12072022	40	WT (Amp plasmid)	1	0.05% arabinose	10	1.057310327	0.006883127	1.270577341	3.957161003	0.545537181	16.95682432	12.95662688	0.029715753	NA	1.1876
10.25	Well 140	D4	12072022	40	WT (Amp plasmid)	1	0.05% arabinose	10	1.057310327	0.006883127	1.270577341	3.957161003	0.545537181	16.95682432	12.95662688	0.029715753	NA	1.1861
10.5	Well 140	D4	12072022	40	WT (Amp plasmid)	1	0.05% arabinose	10	1.057310327	0.006883127	1.270577341	3.957161003	0.545537181	16.95682432	12.95662688	0.029715753	NA	1.1837
10.75	Well 140	D4	12072022	40	WT (Amp plasmid)	1	0.05% arabinose	10	1.057310327	0.006883127	1.270577341	3.957161003	0.545537181	16.95682432	12.95662688	0.029715753	NA	1.1823
11	Well 140	D4	12072022	40	WT (Amp plasmid)	1	0.05% arabinose	10	1.057310327	0.006883127	1.270577341	3.957161003	0.545537181	16.95682432	12.95662688	0.029715753	NA	1.18
11.25	Well 140	D4	12072022	40	WT (Amp plasmid)	1	0.05% arabinose	10	1.057310327	0.006883127	1.270577341	3.957161003	0.545537181	16.95682432	12.95662688	0.029715753	NA	1.1788
11.5	Well 140	D4	12072022	40	WT (Amp plasmid)	1	0.05% arabinose	10	1.057310327	0.006883127	1.270577341	3.957161003	0.545537181	16.95682432	12.95662688	0.029715753	NA	1.1765
11.75	Well 140	D4	12072022	40	WT (Amp plasmid)	1	0.05% arabinose	10	1.057310327	0.006883127	1.270577341	3.957161003	0.545537181	16.95682432	12.95662688	0.029715753	NA	1.174
12	Well 140	D4	12072022	40	WT (Amp plasmid)	1	0.05% arabinose	10	1.057310327	0.006883127	1.270577341	3.957161003	0.545537181	16.95682432	12.95662688	0.029715753	NA	1.1705
12.25	Well 140	D4	12072022	40	WT (Amp plasmid)	1	0.05% arabinose	10	1.057310327	0.006883127	1.270577341	3.957161003	0.545537181	16.95682432	12.95662688	0.029715753	NA	1.1668
12.5	Well 140	D4	12072022	40	WT (Amp plasmid)	1	0.05% arabinose	10	1.057310327	0.006883127	1.270577341	3.957161003	0.545537181	16.95682432	12.95662688	0.029715753	NA	1.1624
12.75	Well 140	D4	12072022	40	WT (Amp plasmid)	1	0.05% arabinose	10	1.057310327	0.006883127	1.270577341	3.957161003	0.545537181	16.95682432	12.95662688	0.029715753	NA	1.1585
13	Well 140	D4	12072022	40	WT (Amp plasmid)	1	0.05% arabinose	10	1.057310327	0.006883127	1.270577341	3.957161003	0.545537181	16.95682432	12.95662688	0.029715753	NA	1.1549
13.25	Well 140	D4	12072022	40	WT (Amp plasmid)	1	0.05% arabinose	10	1.057310327	0.006883127	1.270577341	3.957161003	0.545537181	16.95682432	12.95662688	0.029715753	NA	1.1506
13.5	Well 140	D4	12072022	40	WT (Amp plasmid)	1	0.05% arabinose	10	1.057310327	0.006883127	1.270577341	3.957161003	0.545537181	16.95682432	12.95662688	0.029715753	NA	1.1449
13.75	Well 140	D4	12072022	40	WT (Amp plasmid)	1	0.05% arabinose	10	1.057310327	0.006883127	1.270577341	3.957161003	0.545537181	16.95682432	12.95662688	0.029715753	NA	1.1399
14	Well 140	D4	12072022	40	WT (Amp plasmid)	1	0.05% arabinose	10	1.057310327	0.006883127	1.270577341	3.957161003	0.545537181	16.95682432	12.95662688	0.029715753	NA	1.1338
14.25	Well 140	D4	12072022	40	WT (Amp plasmid)	1	0.05% arabinose	10	1.057310327	0.006883127	1.270577341	3.957161003	0.545537181	16.95682432	12.95662688	0.029715753	NA	1.1291
14.5	Well 140	D4	12072022	40	WT (Amp plasmid)	1	0.05% arabinose	10	1.057310327	0.006883127	1.270577341	3.957161003	0.545537181	16.95682432	12.95662688	0.029715753	NA	1.1235
14.75	Well 140	D4	12072022	40	WT (Amp plasmid)	1	0.05% arabinose	10	1.057310327	0.006883127	1.270577341	3.957161003	0.545537181	16.95682432	12.95662688	0.029715753	NA	1.1195
15	Well 140	D4	12072022	40	WT (Amp plasmid)	1	0.05% arabinose	10	1.057310327	0.006883127	1.270577341	3.957161003	0.545537181	16.95682432	12.95662688	0.029715753	NA	1.1147
15.25	Well 140	D4	12072022	40	WT (Amp plasmid)	1	0.05% arabinose	10	1.057310327	0.006883127	1.270577341	3.957161003	0.545537181	16.95682432	12.95662688	0.029715753	NA	1.1109
15.5	Well 140	D4	12072022	40	WT (Amp plasmid)	1	0.05% arabinose	10	1.057310327	0.006883127	1.270577341	3.957161003	0.545537181	16.95682432	12.95662688	0.029715753	NA	1.1072
15.75	Well 140	D4	12072022	40	WT (Amp plasmid)	1	0.05% arabinose	10	1.057310327	0.006883127	1.270577341	3.957161003	0.545537181	16.95682432	12.95662688	0.029715753	NA	1.1033
16	Well 140	D4	12072022	40	WT (Amp plasmid)	1	0.05% arabinose	10	1.057310327	0.006883127	1.270577341	3.957161003	0.545537181	16.95682432	12.95662688	0.029715753	NA	1.1003
16.25	Well 140	D4	12072022	40	WT (Amp plasmid)	1	0.05% arabinose	10	1.057310327	0.006883127	1.270577341	3.957161003	0.545537181	16.95682432	12.95662688	0.029715753	NA	1.0972
0	Well 141	D5	12072022	40	WT (Amp plasmid)	2	0.05% arabinose	10	1.088156378	0.008408028	1.226926605	3.95728339	0.564945921	17.45010486	13.32580063	0.026851146	NA	0.093925
0.25	Well 141	D5	12072022	40	WT (Amp plasmid)	2	0.05% arabinose	10	1.088156378	0.008408028	1.226926605	3.95728339	0.564945921	17.45010486	13.32580063	0.026851146	NA	0.0941
0.5	Well 141	D5	12072022	40	WT (Amp plasmid)	2	0.05% arabinose	10	1.088156378	0.008408028	1.226926605	3.95728339	0.564945921	17.45010486	13.32580063	0.026851146	NA	0.094975
0.75	Well 141	D5	12072022	40	WT (Amp plasmid)	2	0.05% arabinose	10	1.088156378	0.008408028	1.226926605	3.95728339	0.564945921	17.45010486	13.32580063	0.026851146	NA	0.0973
1	Well 141	D5	12072022	40	WT (Amp plasmid)	2	0.05% arabinose	10	1.088156378	0.008408028	1.226926605	3.95728339	0.564945921	17.45010486	13.32580063	0.026851146	NA	0.1014
1.25	Well 141	D5	12072022	40	WT (Amp plasmid)	2	0.05% arabinose	10	1.088156378	0.008408028	1.226926605	3.95728339	0.564945921	17.45010486	13.32580063	0.026851146	NA	0.10765
1.5	Well 141	D5	12072022	40	WT (Amp plasmid)	2	0.05% arabinose	10	1.088156378	0.008408028	1.226926605	3.95728339	0.564945921	17.45010486	13.32580063	0.026851146	NA	0.11675
1.75	Well 141	D5	12072022	40	WT (Amp plasmid)	2	0.05% arabinose	10	1.088156378	0.008408028	1.226926605	3.95728339	0.564945921	17.45010486	13.32580063	0.026851146	NA	0.1295
2	Well 141	D5	12072022	40	WT (Amp plasmid)	2	0.05% arabinose	10	1.088156378	0.008408028	1.226926605	3.95728339	0.564945921	17.45010486	13.32580063	0.026851146	NA	0.1487
2.25	Well 141	D5	12072022	40	WT (Amp plasmid)	2	0.05% arabinose	10	1.088156378	0.008408028	1.226926605	3.95728339	0.564945921	17.45010486	13.32580063	0.026851146	NA	0.17788
2.5	Well 141	D5	12072022	40	WT (Amp plasmid)	2	0.05% arabinose	10	1.088156378	0.008408028	1.226926605	3.95728339	0.564945921	17.45010486	13.32580063	0.026851146	NA	0.21903
2.75	Well 141	D5	12072022	40	WT (Amp plasmid)	2	0.05% arabinose	10	1.088156378	0.008408028	1.226926605	3.95728339	0.564945921	17.45010486	13.32580063	0.026851146	NA	0.27425
3	Well 141	D5	12072022	40	WT (Amp plasmid)	2	0.05% arabinose	10	1.088156378	0.008408028	1.226926605	3.95728339	0.564945921	17.45010486	13.32580063	0.026851146	NA	0.35067
3.25	Well 141	D5	12072022	40	WT (Amp plasmid)	2	0.05% arabinose	10	1.088156378	0.008408028	1.226926605	3.95728339	0.564945921	17.45010486	13.32580063	0.026851146	NA	0.4359
3.5	Well 141	D5	12072022	40	WT (Amp plasmid)	2	0.05% arabinose	10	1.088156378	0.008408028	1.226926605	3.95728339	0.564945921	17.45010486	13.32580063	0.026851146	NA	0.51975
3.75	Well 141	D5	12072022	40	WT (Amp plasmid)	2	0.05% arabinose	10	1.088156378	0.008408028	1.226926605	3.95728339	0.564945921	17.45010486	13.32580063	0.026851146	NA	0.59113
4	Well 141	D5	12072022	40	WT (Amp plasmid)	2	0.05% arabinose	10	1.088156378	0.008408028	1.226926605	3.95728339	0.564945921	17.45010486	13.32580063	0.026851146	NA	0.68488
4.25	Well 141	D5	12072022	40	WT (Amp plasmid)	2	0.05% arabinose	10	1.088156378	0.008408028	1.226926605	3.95728339	0.564945921	17.45010486	13.32580063	0.026851146	NA	0.75925
4.5	Well 141	D5	12072022	40	WT (Amp plasmid)	2	0.05% arabinose	10	1.088156378	0.008408028	1.226926605	3.95728339	0.564945921	17.45010486	13.32580063	0.026851146	NA	0.8195
4.75	Well 141	D5	12072022	40	WT (Amp plasmid)	2	0.05% arabinose	10	1.088156378	0.008408028	1.226926605	3.95728339	0.564945921	17.45010486	13.32580063	0.026851146	NA	0.8972
5	Well 141	D5	12072022	40	WT (Amp plasmid)	2	0.05% arabinose	10	1.088156378	0.008408028	1.226926605	3.95728339	0.564945921	17.45010486	13.32580063	0.026851146	NA	0.93732
5.25	Well 141	D5	12072022	40	WT (Amp plasmid)	2	0.05% arabinose	10	1.088156378	0.008408028	1.226926605	3.95728339	0.564945921	17.45010486	13.32580063	0.026851146	NA	0.98638
5.5	Well 141	D5	12072022	40	WT (Amp plasmid)	2	0.05% arabinose	10	1.088156378	0.008408028	1.226926605	3.95728339	0.564945921	17.45010486	13.32580063	0.026851146	NA	1.0168
5.75	Well 141	D5	12072022	40	WT (Amp plasmid)	2	0.05% arabinose	10	1.088156378	0.008408028	1.226926605	3.95728339	0.564945921	17.45010486	13.32580063	0.026851146	NA	1.0436
6	Well 141	D5	12072022	40	WT (Amp plasmid)	2	0.05% arabinose	10	1.088156378	0.008408028	1.226926605	3.95728339	0.564945921	17.45010486	13.32580063	0.026851146	NA	1.0656
6.25	Well 141	D5	12072022	40	WT (Amp plasmid)	2	0.05% arabinose	10	1.088156378	0.008408028	1.226926605	3.95728339	0.564945921	17.45010486	13.32580063	0.026851146	NA	1.0808
6.5	Well 141	D5	12072022	40	WT (Amp plasmid)	2	0.05% arabinose	10	1.088156378	0.008408028	1.226926605	3.95728339	0.564945921	17.45010486	13.32580063	0.026851146	NA	1.0946
6.75	Well 141	D5	12072022	40	WT (Amp plasmid)	2	0.05% arabinose	10	1.088156378	0.008408028	1.226926605	3.95728339	0.564945921	17.45010486	13.32580063	0.026851146	NA	1.1071
7	Well 141	D5	12072022	40	WT (Amp plasmid)	2	0.05% arabinose	10	1.088156378	0.008408028	1.226926605	3.95728339	0.564945921	17.45010486	13.32580063	0.026851146	NA	1.1179
7.25	Well 141	D5	12072022	40	WT (Amp plasmid)	2	0.05% arabinose	10	1.088156378	0.008408028	1.226926605	3.95728339	0.564945921	17.45010486	13.32580063	0.026851146	NA	1.1303
7.5	Well 141	D5	12072022	40	WT (Amp plasmid)	2	0.05% arabinose	10	1.088156378	0.008408028	1.226926605	3.95728339	0.564945921	17.45010486	13.32580063	0.026851146	NA	1.1424
7.75	Well 141	D5	12072022	40	WT (Amp plasmid)	2	0.05% arabinose	10	1.088156378	0.008408028	1.226926605	3.95728339	0.564945921	17.45010486	13.32580063	0.026851146	NA	1.1589
8	Well 141	D5	12072022	40	WT (Amp plasmid)	2	0.05% arabinose	10	1.088156378	0.008408028	1.226926605	3.95728339	0.564945921	17.45010486	13.32580063	0.026851146	NA	1.1966
8.25	Well 141	D5	12072022	40	WT (Amp plasmid)	2	0.05% arabinose	10	1.088156378	0.008408028	1.226926605	3.95728339	0.564945921	17.45010486	13.32580063	0.026851146	NA	1.2123
8.5	Well 141	D5	12072022	40	WT (Amp plasmid)	2	0.05% arabinose	10	1.088156378	0.008408028	1.226926605	3.95728339	0.564945921	17.45010486	13.32580063	0.026851146	NA	1.2172
8.75	Well 141	D5	12072022	40	WT (Amp plasmid)	2	0.05% arabinose	10	1.088156378	0.008408028	1.226926605	3.95728339	0.564945921	17.45010486	13.32580063	0.026851146	NA	1.2191
9	Well 141	D5	12072022	40	WT (Amp plasmid)	2	0.05% arabinose	10	1.088156378	0.008408028	1.226926605	3.95728339	0.564945921	17.45010486	13.32580063	0.026851146	NA	1.2183
9.25	Well 141	D5	12072022	40	WT (Amp plasmid)	2	0.05% arabinose	10	1.088156378	0.008408028	1.226926605	3.95728339	0.564945921	17.45010486	13.32580063	0.026851146	NA	1.2169
9.5	Well 141	D5	12072022	40	WT (Amp plasmid)	2	0.05% arabinose	10	1.088156378	0.008408028	1.226926605	3.95728339	0.564945921	17.45010486	13.32580063	0.026851146	NA	1.2155
9.75	Well 141	D5	12072022	40	WT (Amp plasmid)	2	0.05% arabinose	10	1.088156378	0.008408028	1.226926605	3.95728339	0.564945921	17.45010486	13.32580063	0.026851146	NA	1.2134
10	Well 141	D5	12072022	40	WT (Amp plasmid)	2	0.05% arabinose	10	1.088156378	0.008408028	1.226926605	3.95728339	0.564945921	17.45010486	13.32580063	0.026851146	NA	1.2117
10.25	Well 141	D5	12072022	40	WT (Amp plasmid)	2	0.05% arabinose	10	1.088156378	0.008408028	1.226926605	3.95728339	0.564945921	17.45010486	13.32580063	0.026851146	NA	1.2098
10.5	Well 141	D5	12072022	40	WT (Amp plasmid)	2	0.05% arabinose	10	1.088156378	0.008408028	1.226926605	3.95728339	0.564945921	17.45010486	13.32580063	0.026851146	NA	1.2087
10.75	Well 141	D5	12072022	40	WT (Amp plasmid)	2	0.05% arabinose	10	1.088156378	0.008408028	1.226926605	3.95728339	0.564945921	17.45010486	13.32580063	0.026851146	NA	1.2068
11	Well 141	D5	12072022	40	WT (Amp plasmid)	2	0.05% arabinose	10	1.088156378	0.008408028	1.226926605	3.95728339	0.564945921	17.45010486	13.32580063	0.026851146	NA	1.2049
11.25	Well 141	D5	12072022	40	WT (Amp plasmid)	2	0.05% arabinose	10	1.088156378	0.008408028	1.226926605	3.95728339	0.564945921	17.45010486	13.32580063	0.026851146	NA	1.204
11.5	Well 141	D5	12072022	40	WT (Amp plasmid)	2	0.05% arabinose	10	1.088156378	0.008408028	1.226926605	3.95728339	0.564945921	17.45010486	13.32580063	0.026851146	NA	1.202
11.75	Well 141	D5	12072022	40	WT (Amp plasmid)	2	0.05% arabinose	10	1.088156378	0.008408028	1.226926605	3.95728339	0.564945921	17.45010486	13.32580063	0.026851146	NA	1.2002
12	Well 141	D5	12072022	40	WT (Amp plasmid)	2	0.05% arabinose	10	1.088156378	0.008408028	1.226926605	3.95728339	0.564945921	17.45010486	13.32580063	0.026851146	NA	1.1981
12.25	Well 141	D5	12072022	40	WT (Amp plasmid)	2	0.05% arabinose	10	1.088156378	0.008408028	1.226926605	3.95728339	0.564945921	17.45010486	13.32580063	0.026851146	NA	1.195
12.5	Well 141	D5	12072022	40	WT (Amp plasmid)	2	0.05% arabinose	10	1.088156378	0.008408028	1.226926605	3.95728339	0.564945921	17.45010486	13.32580063	0.026851146	NA	1.1925
12.75	Well 141	D5	12072022	40	WT (Amp plasmid)	2	0.05% arabinose	10	1.088156378	0.008408028	1.226926605	3.95728339	0.564945921	17.45010486	13.32580063	0.026851146	NA	1.1894
13	Well 141	D5	12072022	40	WT (Amp plasmid)	2	0.05% arabinose	10	1.088156378	0.008408028	1.226926605	3.95728339	0.564945921	17.45010486	13.32580063	0.026851146	NA	1.1879
13.25	Well 141	D5	12072022	40	WT (Amp plasmid)	2	0.05% arabinose	10	1.088156378	0.008408028	1.226926605	3.95728339	0.564945921	17.45010486	13.32580063	0.026851146	NA	1.1847
13.5	Well 141	D5	12072022	40	WT (Amp plasmid)	2	0.05% arabinose	10	1.088156378	0.008408028	1.226926605	3.95728339	0.564945921	17.45010486	13.32580063	0.026851146	NA	1.1814
13.75	Well 141	D5	12072022	40	WT (Amp plasmid)	2	0.05% arabinose	10	1.088156378	0.008408028	1.226926605	3.95728339	0.564945921	17.45010486	13.32580063	0.026851146	NA	1.1775
14	Well 141	D5	12072022	40	WT (Amp plasmid)	2	0.05% arabinose	10	1.088156378	0.008408028	1.226926605	3.95728339	0.564945921	17.45010486	13.32580063	0.026851146	NA	1.1738
14.25	Well 141	D5	12072022	40	WT (Amp plasmid)	2	0.05% arabinose	10	1.088156378	0.008408028	1.226926605	3.95728339	0.564945921	17.45010486	13.32580063	0.026851146	NA	1.17
14.5	Well 141	D5	12072022	40	WT (Amp plasmid)	2	0.05% arabinose	10	1.088156378	0.008408028	1.226926605	3.95728339	0.564945921	17.45010486	13.32580063	0.026851146	NA	1.1659
14.75	Well 141	D5	12072022	40	WT (Amp plasmid)	2	0.05% arabinose	10	1.088156378	0.008408028	1.226926605	3.95728339	0.564945921	17.45010486	13.32580063	0.026851146	NA	1.1621
15	Well 141	D5	12072022	40	WT (Amp plasmid)	2	0.05% arabinose	10	1.088156378	0.008408028	1.226926605	3.95728339	0.564945921	17.45010486	13.32580063	0.026851146	NA	1.1584
15.25	Well 141	D5	12072022	40	WT (Amp plasmid)	2	0.05% arabinose	10	1.088156378	0.008408028	1.226926605	3.95728339	0.564945921	17.45010486	13.32580063	0.026851146	NA	1.1547
15.5	Well 141	D5	12072022	40	WT (Amp plasmid)	2	0.05% arabinose	10	1.088156378	0.008408028	1.226926605	3.95728339	0.564945921	17.45010486	13.32580063	0.026851146	NA	1.1504
15.75	Well 141	D5	12072022	40	WT (Amp plasmid)	2	0.05% arabinose	10	1.088156378	0.008408028	1.226926605	3.95728339	0.564945921	17.45010486	13.32580063	0.026851146	NA	1.1471
16	Well 141	D5	12072022	40	WT (Amp plasmid)	2	0.05% arabinose	10	1.088156378	0.008408028	1.226926605	3.95728339	0.564945921	17.45010486	13.32580063	0.026851146	NA	1.1434
16.25	Well 141	D5	12072022	40	WT (Amp plasmid)	2	0.05% arabinose	10	1.088156378	0.008408028	1.226926605	3.95728339	0.564945921	17.45010486	13.32580063	0.026851146	NA	1.1403
0	Well 142	D6	12072022	40	WT (Amp plasmid)	3	0.05% arabinose	10	1.102559005	0.009341508	1.17115823	4.06641271	0.591847594	17.55970988	13.3689275	0.024793173	NA	0.0931
0.25	Well 142	D6	12072022	40	WT (Amp plasmid)	3	0.05% arabinose	10	1.102559005	0.009341508	1.17115823	4.06641271	0.591847594	17.55970988	13.3689275	0.024793173	NA	0.09335
0.5	Well 142	D6	12072022	40	WT (Amp plasmid)	3	0.05% arabinose	10	1.102559005	0.009341508	1.17115823	4.06641271	0.591847594	17.55970988	13.3689275	0.024793173	NA	0.0941
0.75	Well 142	D6	12072022	40	WT (Amp plasmid)	3	0.05% arabinose	10	1.102559005	0.009341508	1.17115823	4.06641271	0.591847594	17.55970988	13.3689275	0.024793173	NA	0.0962
1	Well 142	D6	12072022	40	WT (Amp plasmid)	3	0.05% arabinose	10	1.102559005	0.009341508	1.17115823	4.06641271	0.591847594	17.55970988	13.3689275	0.024793173	NA	0.09965
1.25	Well 142	D6	12072022	40	WT (Amp plasmid)	3	0.05% arabinose	10	1.102559005	0.009341508	1.17115823	4.06641271	0.591847594	17.55970988	13.3689275	0.024793173	NA	0.10533
1.5	Well 142	D6	12072022	40	WT (Amp plasmid)	3	0.05% arabinose	10	1.102559005	0.009341508	1.17115823	4.06641271	0.591847594	17.55970988	13.3689275	0.024793173	NA	0.11375
1.75	Well 142	D6	12072022	40	WT (Amp plasmid)	3	0.05% arabinose	10	1.102559005	0.009341508	1.17115823	4.06641271	0.591847594	17.55970988	13.3689275	0.024793173	NA	0.1253
2	Well 142	D6	12072022	40	WT (Amp plasmid)	3	0.05% arabinose	10	1.102559005	0.009341508	1.17115823	4.06641271	0.591847594	17.55970988	13.3689275	0.024793173	NA	0.14248
2.25	Well 142	D6	12072022	40	WT (Amp plasmid)	3	0.05% arabinose	10	1.102559005	0.009341508	1.17115823	4.06641271	0.591847594	17.55970988	13.3689275	0.024793173	NA	0.16847
2.5	Well 142	D6	12072022	40	WT (Amp plasmid)	3	0.05% arabinose	10	1.102559005	0.009341508	1.17115823	4.06641271	0.591847594	17.55970988	13.3689275	0.024793173	NA	0.20613
2.75	Well 142	D6	12072022	40	WT (Amp plasmid)	3	0.05% arabinose	10	1.102559005	0.009341508	1.17115823	4.06641271	0.591847594	17.55970988	13.3689275	0.024793173	NA	0.25835
3	Well 142	D6	12072022	40	WT (Amp plasmid)	3	0.05% arabinose	10	1.102559005	0.009341508	1.17115823	4.06641271	0.591847594	17.55970988	13.3689275	0.024793173	NA	0.3307
3.25	Well 142	D6	12072022	40	WT (Amp plasmid)	3	0.05% arabinose	10	1.102559005	0.009341508	1.17115823	4.06641271	0.591847594	17.55970988	13.3689275	0.024793173	NA	0.41495
3.5	Well 142	D6	12072022	40	WT (Amp plasmid)	3	0.05% arabinose	10	1.102559005	0.009341508	1.17115823	4.06641271	0.591847594	17.55970988	13.3689275	0.024793173	NA	0.50155
3.75	Well 142	D6	12072022	40	WT (Amp plasmid)	3	0.05% arabinose	10	1.102559005	0.009341508	1.17115823	4.06641271	0.591847594	17.55970988	13.3689275	0.024793173	NA	0.56955
4	Well 142	D6	12072022	40	WT (Amp plasmid)	3	0.05% arabinose	10	1.102559005	0.009341508	1.17115823	4.06641271	0.591847594	17.55970988	13.3689275	0.024793173	NA	0.65258
4.25	Well 142	D6	12072022	40	WT (Amp plasmid)	3	0.05% arabinose	10	1.102559005	0.009341508	1.17115823	4.06641271	0.591847594	17.55970988	13.3689275	0.024793173	NA	0.73795
4.5	Well 142	D6	12072022	40	WT (Amp plasmid)	3	0.05% arabinose	10	1.102559005	0.009341508	1.17115823	4.06641271	0.591847594	17.55970988	13.3689275	0.024793173	NA	0.79852
4.75	Well 142	D6	12072022	40	WT (Amp plasmid)	3	0.05% arabinose	10	1.102559005	0.009341508	1.17115823	4.06641271	0.591847594	17.55970988	13.3689275	0.024793173	NA	0.88225
5	Well 142	D6	12072022	40	WT (Amp plasmid)	3	0.05% arabinose	10	1.102559005	0.009341508	1.17115823	4.06641271	0.591847594	17.55970988	13.3689275	0.024793173	NA	0.92115
5.25	Well 142	D6	12072022	40	WT (Amp plasmid)	3	0.05% arabinose	10	1.102559005	0.009341508	1.17115823	4.06641271	0.591847594	17.55970988	13.3689275	0.024793173	NA	0.96615
5.5	Well 142	D6	12072022	40	WT (Amp plasmid)	3	0.05% arabinose	10	1.102559005	0.009341508	1.17115823	4.06641271	0.591847594	17.55970988	13.3689275	0.024793173	NA	1.004
5.75	Well 142	D6	12072022	40	WT (Amp plasmid)	3	0.05% arabinose	10	1.102559005	0.009341508	1.17115823	4.06641271	0.591847594	17.55970988	13.3689275	0.024793173	NA	1.0329
6	Well 142	D6	12072022	40	WT (Amp plasmid)	3	0.05% arabinose	10	1.102559005	0.009341508	1.17115823	4.06641271	0.591847594	17.55970988	13.3689275	0.024793173	NA	1.0562
6.25	Well 142	D6	12072022	40	WT (Amp plasmid)	3	0.05% arabinose	10	1.102559005	0.009341508	1.17115823	4.06641271	0.591847594	17.55970988	13.3689275	0.024793173	NA	1.0738
6.5	Well 142	D6	12072022	40	WT (Amp plasmid)	3	0.05% arabinose	10	1.102559005	0.009341508	1.17115823	4.06641271	0.591847594	17.55970988	13.3689275	0.024793173	NA	1.0877
6.75	Well 142	D6	12072022	40	WT (Amp plasmid)	3	0.05% arabinose	10	1.102559005	0.009341508	1.17115823	4.06641271	0.591847594	17.55970988	13.3689275	0.024793173	NA	1.1004
7	Well 142	D6	12072022	40	WT (Amp plasmid)	3	0.05% arabinose	10	1.102559005	0.009341508	1.17115823	4.06641271	0.591847594	17.55970988	13.3689275	0.024793173	NA	1.1122
7.25	Well 142	D6	12072022	40	WT (Amp plasmid)	3	0.05% arabinose	10	1.102559005	0.009341508	1.17115823	4.06641271	0.591847594	17.55970988	13.3689275	0.024793173	NA	1.1237
7.5	Well 142	D6	12072022	40	WT (Amp plasmid)	3	0.05% arabinose	10	1.102559005	0.009341508	1.17115823	4.06641271	0.591847594	17.55970988	13.3689275	0.024793173	NA	1.1351
7.75	Well 142	D6	12072022	40	WT (Amp plasmid)	3	0.05% arabinose	10	1.102559005	0.009341508	1.17115823	4.06641271	0.591847594	17.55970988	13.3689275	0.024793173	NA	1.1479
8	Well 142	D6	12072022	40	WT (Amp plasmid)	3	0.05% arabinose	10	1.102559005	0.009341508	1.17115823	4.06641271	0.591847594	17.55970988	13.3689275	0.024793173	NA	1.1808
8.25	Well 142	D6	12072022	40	WT (Amp plasmid)	3	0.05% arabinose	10	1.102559005	0.009341508	1.17115823	4.06641271	0.591847594	17.55970988	13.3689275	0.024793173	NA	1.2063
8.5	Well 142	D6	12072022	40	WT (Amp plasmid)	3	0.05% arabinose	10	1.102559005	0.009341508	1.17115823	4.06641271	0.591847594	17.55970988	13.3689275	0.024793173	NA	1.2143
8.75	Well 142	D6	12072022	40	WT (Amp plasmid)	3	0.05% arabinose	10	1.102559005	0.009341508	1.17115823	4.06641271	0.591847594	17.55970988	13.3689275	0.024793173	NA	1.2189
9	Well 142	D6	12072022	40	WT (Amp plasmid)	3	0.05% arabinose	10	1.102559005	0.009341508	1.17115823	4.06641271	0.591847594	17.55970988	13.3689275	0.024793173	NA	1.2199
9.25	Well 142	D6	12072022	40	WT (Amp plasmid)	3	0.05% arabinose	10	1.102559005	0.009341508	1.17115823	4.06641271	0.591847594	17.55970988	13.3689275	0.024793173	NA	1.2194
9.5	Well 142	D6	12072022	40	WT (Amp plasmid)	3	0.05% arabinose	10	1.102559005	0.009341508	1.17115823	4.06641271	0.591847594	17.55970988	13.3689275	0.024793173	NA	1.2191
9.75	Well 142	D6	12072022	40	WT (Amp plasmid)	3	0.05% arabinose	10	1.102559005	0.009341508	1.17115823	4.06641271	0.591847594	17.55970988	13.3689275	0.024793173	NA	1.2171
10	Well 142	D6	12072022	40	WT (Amp plasmid)	3	0.05% arabinose	10	1.102559005	0.009341508	1.17115823	4.06641271	0.591847594	17.55970988	13.3689275	0.024793173	NA	1.2158
10.25	Well 142	D6	12072022	40	WT (Amp plasmid)	3	0.05% arabinose	10	1.102559005	0.009341508	1.17115823	4.06641271	0.591847594	17.55970988	13.3689275	0.024793173	NA	1.2134
10.5	Well 142	D6	12072022	40	WT (Amp plasmid)	3	0.05% arabinose	10	1.102559005	0.009341508	1.17115823	4.06641271	0.591847594	17.55970988	13.3689275	0.024793173	NA	1.2121
10.75	Well 142	D6	12072022	40	WT (Amp plasmid)	3	0.05% arabinose	10	1.102559005	0.009341508	1.17115823	4.06641271	0.591847594	17.55970988	13.3689275	0.024793173	NA	1.2106
11	Well 142	D6	12072022	40	WT (Amp plasmid)	3	0.05% arabinose	10	1.102559005	0.009341508	1.17115823	4.06641271	0.591847594	17.55970988	13.3689275	0.024793173	NA	1.2094
11.25	Well 142	D6	12072022	40	WT (Amp plasmid)	3	0.05% arabinose	10	1.102559005	0.009341508	1.17115823	4.06641271	0.591847594	17.55970988	13.3689275	0.024793173	NA	1.2089
11.5	Well 142	D6	12072022	40	WT (Amp plasmid)	3	0.05% arabinose	10	1.102559005	0.009341508	1.17115823	4.06641271	0.591847594	17.55970988	13.3689275	0.024793173	NA	1.2082
11.75	Well 142	D6	12072022	40	WT (Amp plasmid)	3	0.05% arabinose	10	1.102559005	0.009341508	1.17115823	4.06641271	0.591847594	17.55970988	13.3689275	0.024793173	NA	1.2067
12	Well 142	D6	12072022	40	WT (Amp plasmid)	3	0.05% arabinose	10	1.102559005	0.009341508	1.17115823	4.06641271	0.591847594	17.55970988	13.3689275	0.024793173	NA	1.205
12.25	Well 142	D6	12072022	40	WT (Amp plasmid)	3	0.05% arabinose	10	1.102559005	0.009341508	1.17115823	4.06641271	0.591847594	17.55970988	13.3689275	0.024793173	NA	1.2041
12.5	Well 142	D6	12072022	40	WT (Amp plasmid)	3	0.05% arabinose	10	1.102559005	0.009341508	1.17115823	4.06641271	0.591847594	17.55970988	13.3689275	0.024793173	NA	1.2028
12.75	Well 142	D6	12072022	40	WT (Amp plasmid)	3	0.05% arabinose	10	1.102559005	0.009341508	1.17115823	4.06641271	0.591847594	17.55970988	13.3689275	0.024793173	NA	1.2016
13	Well 142	D6	12072022	40	WT (Amp plasmid)	3	0.05% arabinose	10	1.102559005	0.009341508	1.17115823	4.06641271	0.591847594	17.55970988	13.3689275	0.024793173	NA	1.2018
13.25	Well 142	D6	12072022	40	WT (Amp plasmid)	3	0.05% arabinose	10	1.102559005	0.009341508	1.17115823	4.06641271	0.591847594	17.55970988	13.3689275	0.024793173	NA	1.2007
13.5	Well 142	D6	12072022	40	WT (Amp plasmid)	3	0.05% arabinose	10	1.102559005	0.009341508	1.17115823	4.06641271	0.591847594	17.55970988	13.3689275	0.024793173	NA	1.1998
13.75	Well 142	D6	12072022	40	WT (Amp plasmid)	3	0.05% arabinose	10	1.102559005	0.009341508	1.17115823	4.06641271	0.591847594	17.55970988	13.3689275	0.024793173	NA	1.1989
14	Well 142	D6	12072022	40	WT (Amp plasmid)	3	0.05% arabinose	10	1.102559005	0.009341508	1.17115823	4.06641271	0.591847594	17.55970988	13.3689275	0.024793173	NA	1.1973
14.25	Well 142	D6	12072022	40	WT (Amp plasmid)	3	0.05% arabinose	10	1.102559005	0.009341508	1.17115823	4.06641271	0.591847594	17.55970988	13.3689275	0.024793173	NA	1.1961
14.5	Well 142	D6	12072022	40	WT (Amp plasmid)	3	0.05% arabinose	10	1.102559005	0.009341508	1.17115823	4.06641271	0.591847594	17.55970988	13.3689275	0.024793173	NA	1.1954
14.75	Well 142	D6	12072022	40	WT (Amp plasmid)	3	0.05% arabinose	10	1.102559005	0.009341508	1.17115823	4.06641271	0.591847594	17.55970988	13.3689275	0.024793173	NA	1.1945
15	Well 142	D6	12072022	40	WT (Amp plasmid)	3	0.05% arabinose	10	1.102559005	0.009341508	1.17115823	4.06641271	0.591847594	17.55970988	13.3689275	0.024793173	NA	1.1939
15.25	Well 142	D6	12072022	40	WT (Amp plasmid)	3	0.05% arabinose	10	1.102559005	0.009341508	1.17115823	4.06641271	0.591847594	17.55970988	13.3689275	0.024793173	NA	1.1925
15.5	Well 142	D6	12072022	40	WT (Amp plasmid)	3	0.05% arabinose	10	1.102559005	0.009341508	1.17115823	4.06641271	0.591847594	17.55970988	13.3689275	0.024793173	NA	1.1913
15.75	Well 142	D6	12072022	40	WT (Amp plasmid)	3	0.05% arabinose	10	1.102559005	0.009341508	1.17115823	4.06641271	0.591847594	17.55970988	13.3689275	0.024793173	NA	1.1895
16	Well 142	D6	12072022	40	WT (Amp plasmid)	3	0.05% arabinose	10	1.102559005	0.009341508	1.17115823	4.06641271	0.591847594	17.55970988	13.3689275	0.024793173	NA	1.1886
16.25	Well 142	D6	12072022	40	WT (Amp plasmid)	3	0.05% arabinose	10	1.102559005	0.009341508	1.17115823	4.06641271	0.591847594	17.55970988	13.3689275	0.024793173	NA	1.1872
0	Well 152	E4	12072022	40	WT (Amp plasmid)	1	0.2% arabinose	10	0.98127429	0.021613505	1.025663043	3.698350573	0.675803994	15.97508127	12.22908125	0.044175354	NA	0.09505
0.25	Well 152	E4	12072022	40	WT (Amp plasmid)	1	0.2% arabinose	10	0.98127429	0.021613505	1.025663043	3.698350573	0.675803994	15.97508127	12.22908125	0.044175354	NA	0.09545
0.5	Well 152	E4	12072022	40	WT (Amp plasmid)	1	0.2% arabinose	10	0.98127429	0.021613505	1.025663043	3.698350573	0.675803994	15.97508127	12.22908125	0.044175354	NA	0.096625
0.75	Well 152	E4	12072022	40	WT (Amp plasmid)	1	0.2% arabinose	10	0.98127429	0.021613505	1.025663043	3.698350573	0.675803994	15.97508127	12.22908125	0.044175354	NA	0.099025
1	Well 152	E4	12072022	40	WT (Amp plasmid)	1	0.2% arabinose	10	0.98127429	0.021613505	1.025663043	3.698350573	0.675803994	15.97508127	12.22908125	0.044175354	NA	0.10367
1.25	Well 152	E4	12072022	40	WT (Amp plasmid)	1	0.2% arabinose	10	0.98127429	0.021613505	1.025663043	3.698350573	0.675803994	15.97508127	12.22908125	0.044175354	NA	0.1115
1.5	Well 152	E4	12072022	40	WT (Amp plasmid)	1	0.2% arabinose	10	0.98127429	0.021613505	1.025663043	3.698350573	0.675803994	15.97508127	12.22908125	0.044175354	NA	0.12433
1.75	Well 152	E4	12072022	40	WT (Amp plasmid)	1	0.2% arabinose	10	0.98127429	0.021613505	1.025663043	3.698350573	0.675803994	15.97508127	12.22908125	0.044175354	NA	0.14475
2	Well 152	E4	12072022	40	WT (Amp plasmid)	1	0.2% arabinose	10	0.98127429	0.021613505	1.025663043	3.698350573	0.675803994	15.97508127	12.22908125	0.044175354	NA	0.1788
2.25	Well 152	E4	12072022	40	WT (Amp plasmid)	1	0.2% arabinose	10	0.98127429	0.021613505	1.025663043	3.698350573	0.675803994	15.97508127	12.22908125	0.044175354	NA	0.22895
2.5	Well 152	E4	12072022	40	WT (Amp plasmid)	1	0.2% arabinose	10	0.98127429	0.021613505	1.025663043	3.698350573	0.675803994	15.97508127	12.22908125	0.044175354	NA	0.2957
2.75	Well 152	E4	12072022	40	WT (Amp plasmid)	1	0.2% arabinose	10	0.98127429	0.021613505	1.025663043	3.698350573	0.675803994	15.97508127	12.22908125	0.044175354	NA	0.38078
3	Well 152	E4	12072022	40	WT (Amp plasmid)	1	0.2% arabinose	10	0.98127429	0.021613505	1.025663043	3.698350573	0.675803994	15.97508127	12.22908125	0.044175354	NA	0.46515
3.25	Well 152	E4	12072022	40	WT (Amp plasmid)	1	0.2% arabinose	10	0.98127429	0.021613505	1.025663043	3.698350573	0.675803994	15.97508127	12.22908125	0.044175354	NA	0.54855
3.5	Well 152	E4	12072022	40	WT (Amp plasmid)	1	0.2% arabinose	10	0.98127429	0.021613505	1.025663043	3.698350573	0.675803994	15.97508127	12.22908125	0.044175354	NA	0.6181
3.75	Well 152	E4	12072022	40	WT (Amp plasmid)	1	0.2% arabinose	10	0.98127429	0.021613505	1.025663043	3.698350573	0.675803994	15.97508127	12.22908125	0.044175354	NA	0.6765
4	Well 152	E4	12072022	40	WT (Amp plasmid)	1	0.2% arabinose	10	0.98127429	0.021613505	1.025663043	3.698350573	0.675803994	15.97508127	12.22908125	0.044175354	NA	0.71828
4.25	Well 152	E4	12072022	40	WT (Amp plasmid)	1	0.2% arabinose	10	0.98127429	0.021613505	1.025663043	3.698350573	0.675803994	15.97508127	12.22908125	0.044175354	NA	0.7478
4.5	Well 152	E4	12072022	40	WT (Amp plasmid)	1	0.2% arabinose	10	0.98127429	0.021613505	1.025663043	3.698350573	0.675803994	15.97508127	12.22908125	0.044175354	NA	0.77187
4.75	Well 152	E4	12072022	40	WT (Amp plasmid)	1	0.2% arabinose	10	0.98127429	0.021613505	1.025663043	3.698350573	0.675803994	15.97508127	12.22908125	0.044175354	NA	0.79382
5	Well 152	E4	12072022	40	WT (Amp plasmid)	1	0.2% arabinose	10	0.98127429	0.021613505	1.025663043	3.698350573	0.675803994	15.97508127	12.22908125	0.044175354	NA	0.81083
5.25	Well 152	E4	12072022	40	WT (Amp plasmid)	1	0.2% arabinose	10	0.98127429	0.021613505	1.025663043	3.698350573	0.675803994	15.97508127	12.22908125	0.044175354	NA	0.82883
5.5	Well 152	E4	12072022	40	WT (Amp plasmid)	1	0.2% arabinose	10	0.98127429	0.021613505	1.025663043	3.698350573	0.675803994	15.97508127	12.22908125	0.044175354	NA	0.85068
5.75	Well 152	E4	12072022	40	WT (Amp plasmid)	1	0.2% arabinose	10	0.98127429	0.021613505	1.025663043	3.698350573	0.675803994	15.97508127	12.22908125	0.044175354	NA	0.89368
6	Well 152	E4	12072022	40	WT (Amp plasmid)	1	0.2% arabinose	10	0.98127429	0.021613505	1.025663043	3.698350573	0.675803994	15.97508127	12.22908125	0.044175354	NA	0.94105
6.25	Well 152	E4	12072022	40	WT (Amp plasmid)	1	0.2% arabinose	10	0.98127429	0.021613505	1.025663043	3.698350573	0.675803994	15.97508127	12.22908125	0.044175354	NA	0.99283
6.5	Well 152	E4	12072022	40	WT (Amp plasmid)	1	0.2% arabinose	10	0.98127429	0.021613505	1.025663043	3.698350573	0.675803994	15.97508127	12.22908125	0.044175354	NA	1.0231
6.75	Well 152	E4	12072022	40	WT (Amp plasmid)	1	0.2% arabinose	10	0.98127429	0.021613505	1.025663043	3.698350573	0.675803994	15.97508127	12.22908125	0.044175354	NA	1.0413
7	Well 152	E4	12072022	40	WT (Amp plasmid)	1	0.2% arabinose	10	0.98127429	0.021613505	1.025663043	3.698350573	0.675803994	15.97508127	12.22908125	0.044175354	NA	1.0584
7.25	Well 152	E4	12072022	40	WT (Amp plasmid)	1	0.2% arabinose	10	0.98127429	0.021613505	1.025663043	3.698350573	0.675803994	15.97508127	12.22908125	0.044175354	NA	1.0672
7.5	Well 152	E4	12072022	40	WT (Amp plasmid)	1	0.2% arabinose	10	0.98127429	0.021613505	1.025663043	3.698350573	0.675803994	15.97508127	12.22908125	0.044175354	NA	1.0755
7.75	Well 152	E4	12072022	40	WT (Amp plasmid)	1	0.2% arabinose	10	0.98127429	0.021613505	1.025663043	3.698350573	0.675803994	15.97508127	12.22908125	0.044175354	NA	1.0854
8	Well 152	E4	12072022	40	WT (Amp plasmid)	1	0.2% arabinose	10	0.98127429	0.021613505	1.025663043	3.698350573	0.675803994	15.97508127	12.22908125	0.044175354	NA	1.0814
8.25	Well 152	E4	12072022	40	WT (Amp plasmid)	1	0.2% arabinose	10	0.98127429	0.021613505	1.025663043	3.698350573	0.675803994	15.97508127	12.22908125	0.044175354	NA	1.0812
8.5	Well 152	E4	12072022	40	WT (Amp plasmid)	1	0.2% arabinose	10	0.98127429	0.021613505	1.025663043	3.698350573	0.675803994	15.97508127	12.22908125	0.044175354	NA	1.085
8.75	Well 152	E4	12072022	40	WT (Amp plasmid)	1	0.2% arabinose	10	0.98127429	0.021613505	1.025663043	3.698350573	0.675803994	15.97508127	12.22908125	0.044175354	NA	1.0922
9	Well 152	E4	12072022	40	WT (Amp plasmid)	1	0.2% arabinose	10	0.98127429	0.021613505	1.025663043	3.698350573	0.675803994	15.97508127	12.22908125	0.044175354	NA	1.1025
9.25	Well 152	E4	12072022	40	WT (Amp plasmid)	1	0.2% arabinose	10	0.98127429	0.021613505	1.025663043	3.698350573	0.675803994	15.97508127	12.22908125	0.044175354	NA	1.1117
9.5	Well 152	E4	12072022	40	WT (Amp plasmid)	1	0.2% arabinose	10	0.98127429	0.021613505	1.025663043	3.698350573	0.675803994	15.97508127	12.22908125	0.044175354	NA	1.1196
9.75	Well 152	E4	12072022	40	WT (Amp plasmid)	1	0.2% arabinose	10	0.98127429	0.021613505	1.025663043	3.698350573	0.675803994	15.97508127	12.22908125	0.044175354	NA	1.126
10	Well 152	E4	12072022	40	WT (Amp plasmid)	1	0.2% arabinose	10	0.98127429	0.021613505	1.025663043	3.698350573	0.675803994	15.97508127	12.22908125	0.044175354	NA	1.1344
10.25	Well 152	E4	12072022	40	WT (Amp plasmid)	1	0.2% arabinose	10	0.98127429	0.021613505	1.025663043	3.698350573	0.675803994	15.97508127	12.22908125	0.044175354	NA	1.1382
10.5	Well 152	E4	12072022	40	WT (Amp plasmid)	1	0.2% arabinose	10	0.98127429	0.021613505	1.025663043	3.698350573	0.675803994	15.97508127	12.22908125	0.044175354	NA	1.1371
10.75	Well 152	E4	12072022	40	WT (Amp plasmid)	1	0.2% arabinose	10	0.98127429	0.021613505	1.025663043	3.698350573	0.675803994	15.97508127	12.22908125	0.044175354	NA	1.1316
11	Well 152	E4	12072022	40	WT (Amp plasmid)	1	0.2% arabinose	10	0.98127429	0.021613505	1.025663043	3.698350573	0.675803994	15.97508127	12.22908125	0.044175354	NA	1.1245
11.25	Well 152	E4	12072022	40	WT (Amp plasmid)	1	0.2% arabinose	10	0.98127429	0.021613505	1.025663043	3.698350573	0.675803994	15.97508127	12.22908125	0.044175354	NA	1.1166
11.5	Well 152	E4	12072022	40	WT (Amp plasmid)	1	0.2% arabinose	10	0.98127429	0.021613505	1.025663043	3.698350573	0.675803994	15.97508127	12.22908125	0.044175354	NA	1.1046
11.75	Well 152	E4	12072022	40	WT (Amp plasmid)	1	0.2% arabinose	10	0.98127429	0.021613505	1.025663043	3.698350573	0.675803994	15.97508127	12.22908125	0.044175354	NA	1.091
12	Well 152	E4	12072022	40	WT (Amp plasmid)	1	0.2% arabinose	10	0.98127429	0.021613505	1.025663043	3.698350573	0.675803994	15.97508127	12.22908125	0.044175354	NA	1.0798
12.25	Well 152	E4	12072022	40	WT (Amp plasmid)	1	0.2% arabinose	10	0.98127429	0.021613505	1.025663043	3.698350573	0.675803994	15.97508127	12.22908125	0.044175354	NA	1.0725
12.5	Well 152	E4	12072022	40	WT (Amp plasmid)	1	0.2% arabinose	10	0.98127429	0.021613505	1.025663043	3.698350573	0.675803994	15.97508127	12.22908125	0.044175354	NA	1.0678
12.75	Well 152	E4	12072022	40	WT (Amp plasmid)	1	0.2% arabinose	10	0.98127429	0.021613505	1.025663043	3.698350573	0.675803994	15.97508127	12.22908125	0.044175354	NA	1.0645
13	Well 152	E4	12072022	40	WT (Amp plasmid)	1	0.2% arabinose	10	0.98127429	0.021613505	1.025663043	3.698350573	0.675803994	15.97508127	12.22908125	0.044175354	NA	1.0623
13.25	Well 152	E4	12072022	40	WT (Amp plasmid)	1	0.2% arabinose	10	0.98127429	0.021613505	1.025663043	3.698350573	0.675803994	15.97508127	12.22908125	0.044175354	NA	1.0589
13.5	Well 152	E4	12072022	40	WT (Amp plasmid)	1	0.2% arabinose	10	0.98127429	0.021613505	1.025663043	3.698350573	0.675803994	15.97508127	12.22908125	0.044175354	NA	1.0562
13.75	Well 152	E4	12072022	40	WT (Amp plasmid)	1	0.2% arabinose	10	0.98127429	0.021613505	1.025663043	3.698350573	0.675803994	15.97508127	12.22908125	0.044175354	NA	1.0533
14	Well 152	E4	12072022	40	WT (Amp plasmid)	1	0.2% arabinose	10	0.98127429	0.021613505	1.025663043	3.698350573	0.675803994	15.97508127	12.22908125	0.044175354	NA	1.0499
14.25	Well 152	E4	12072022	40	WT (Amp plasmid)	1	0.2% arabinose	10	0.98127429	0.021613505	1.025663043	3.698350573	0.675803994	15.97508127	12.22908125	0.044175354	NA	1.0468
14.5	Well 152	E4	12072022	40	WT (Amp plasmid)	1	0.2% arabinose	10	0.98127429	0.021613505	1.025663043	3.698350573	0.675803994	15.97508127	12.22908125	0.044175354	NA	1.045
14.75	Well 152	E4	12072022	40	WT (Amp plasmid)	1	0.2% arabinose	10	0.98127429	0.021613505	1.025663043	3.698350573	0.675803994	15.97508127	12.22908125	0.044175354	NA	1.043
15	Well 152	E4	12072022	40	WT (Amp plasmid)	1	0.2% arabinose	10	0.98127429	0.021613505	1.025663043	3.698350573	0.675803994	15.97508127	12.22908125	0.044175354	NA	1.0417
15.25	Well 152	E4	12072022	40	WT (Amp plasmid)	1	0.2% arabinose	10	0.98127429	0.021613505	1.025663043	3.698350573	0.675803994	15.97508127	12.22908125	0.044175354	NA	1.0394
15.5	Well 152	E4	12072022	40	WT (Amp plasmid)	1	0.2% arabinose	10	0.98127429	0.021613505	1.025663043	3.698350573	0.675803994	15.97508127	12.22908125	0.044175354	NA	1.0368
15.75	Well 152	E4	12072022	40	WT (Amp plasmid)	1	0.2% arabinose	10	0.98127429	0.021613505	1.025663043	3.698350573	0.675803994	15.97508127	12.22908125	0.044175354	NA	1.0345
16	Well 152	E4	12072022	40	WT (Amp plasmid)	1	0.2% arabinose	10	0.98127429	0.021613505	1.025663043	3.698350573	0.675803994	15.97508127	12.22908125	0.044175354	NA	1.0332
16.25	Well 152	E4	12072022	40	WT (Amp plasmid)	1	0.2% arabinose	10	0.98127429	0.021613505	1.025663043	3.698350573	0.675803994	15.97508127	12.22908125	0.044175354	NA	1.0308
0	Well 153	E5	12072022	40	WT (Amp plasmid)	2	0.2% arabinose	10	0.997083759	0.023564401	1.008329407	3.690441394	0.687421368	16.23834575	12.4289375	0.043738364	NA	0.09535
0.25	Well 153	E5	12072022	40	WT (Amp plasmid)	2	0.2% arabinose	10	0.997083759	0.023564401	1.008329407	3.690441394	0.687421368	16.23834575	12.4289375	0.043738364	NA	0.095725
0.5	Well 153	E5	12072022	40	WT (Amp plasmid)	2	0.2% arabinose	10	0.997083759	0.023564401	1.008329407	3.690441394	0.687421368	16.23834575	12.4289375	0.043738364	NA	0.09695
0.75	Well 153	E5	12072022	40	WT (Amp plasmid)	2	0.2% arabinose	10	0.997083759	0.023564401	1.008329407	3.690441394	0.687421368	16.23834575	12.4289375	0.043738364	NA	0.09955
1	Well 153	E5	12072022	40	WT (Amp plasmid)	2	0.2% arabinose	10	0.997083759	0.023564401	1.008329407	3.690441394	0.687421368	16.23834575	12.4289375	0.043738364	NA	0.10428
1.25	Well 153	E5	12072022	40	WT (Amp plasmid)	2	0.2% arabinose	10	0.997083759	0.023564401	1.008329407	3.690441394	0.687421368	16.23834575	12.4289375	0.043738364	NA	0.1125
1.5	Well 153	E5	12072022	40	WT (Amp plasmid)	2	0.2% arabinose	10	0.997083759	0.023564401	1.008329407	3.690441394	0.687421368	16.23834575	12.4289375	0.043738364	NA	0.126
1.75	Well 153	E5	12072022	40	WT (Amp plasmid)	2	0.2% arabinose	10	0.997083759	0.023564401	1.008329407	3.690441394	0.687421368	16.23834575	12.4289375	0.043738364	NA	0.14775
2	Well 153	E5	12072022	40	WT (Amp plasmid)	2	0.2% arabinose	10	0.997083759	0.023564401	1.008329407	3.690441394	0.687421368	16.23834575	12.4289375	0.043738364	NA	0.184
2.25	Well 153	E5	12072022	40	WT (Amp plasmid)	2	0.2% arabinose	10	0.997083759	0.023564401	1.008329407	3.690441394	0.687421368	16.23834575	12.4289375	0.043738364	NA	0.23713
2.5	Well 153	E5	12072022	40	WT (Amp plasmid)	2	0.2% arabinose	10	0.997083759	0.023564401	1.008329407	3.690441394	0.687421368	16.23834575	12.4289375	0.043738364	NA	0.3062
2.75	Well 153	E5	12072022	40	WT (Amp plasmid)	2	0.2% arabinose	10	0.997083759	0.023564401	1.008329407	3.690441394	0.687421368	16.23834575	12.4289375	0.043738364	NA	0.39295
3	Well 153	E5	12072022	40	WT (Amp plasmid)	2	0.2% arabinose	10	0.997083759	0.023564401	1.008329407	3.690441394	0.687421368	16.23834575	12.4289375	0.043738364	NA	0.47837
3.25	Well 153	E5	12072022	40	WT (Amp plasmid)	2	0.2% arabinose	10	0.997083759	0.023564401	1.008329407	3.690441394	0.687421368	16.23834575	12.4289375	0.043738364	NA	0.5623
3.5	Well 153	E5	12072022	40	WT (Amp plasmid)	2	0.2% arabinose	10	0.997083759	0.023564401	1.008329407	3.690441394	0.687421368	16.23834575	12.4289375	0.043738364	NA	0.6316
3.75	Well 153	E5	12072022	40	WT (Amp plasmid)	2	0.2% arabinose	10	0.997083759	0.023564401	1.008329407	3.690441394	0.687421368	16.23834575	12.4289375	0.043738364	NA	0.6899
4	Well 153	E5	12072022	40	WT (Amp plasmid)	2	0.2% arabinose	10	0.997083759	0.023564401	1.008329407	3.690441394	0.687421368	16.23834575	12.4289375	0.043738364	NA	0.731
4.25	Well 153	E5	12072022	40	WT (Amp plasmid)	2	0.2% arabinose	10	0.997083759	0.023564401	1.008329407	3.690441394	0.687421368	16.23834575	12.4289375	0.043738364	NA	0.75977
4.5	Well 153	E5	12072022	40	WT (Amp plasmid)	2	0.2% arabinose	10	0.997083759	0.023564401	1.008329407	3.690441394	0.687421368	16.23834575	12.4289375	0.043738364	NA	0.78382
4.75	Well 153	E5	12072022	40	WT (Amp plasmid)	2	0.2% arabinose	10	0.997083759	0.023564401	1.008329407	3.690441394	0.687421368	16.23834575	12.4289375	0.043738364	NA	0.80523
5	Well 153	E5	12072022	40	WT (Amp plasmid)	2	0.2% arabinose	10	0.997083759	0.023564401	1.008329407	3.690441394	0.687421368	16.23834575	12.4289375	0.043738364	NA	0.82203
5.25	Well 153	E5	12072022	40	WT (Amp plasmid)	2	0.2% arabinose	10	0.997083759	0.023564401	1.008329407	3.690441394	0.687421368	16.23834575	12.4289375	0.043738364	NA	0.8396
5.5	Well 153	E5	12072022	40	WT (Amp plasmid)	2	0.2% arabinose	10	0.997083759	0.023564401	1.008329407	3.690441394	0.687421368	16.23834575	12.4289375	0.043738364	NA	0.86175
5.75	Well 153	E5	12072022	40	WT (Amp plasmid)	2	0.2% arabinose	10	0.997083759	0.023564401	1.008329407	3.690441394	0.687421368	16.23834575	12.4289375	0.043738364	NA	0.90225
6	Well 153	E5	12072022	40	WT (Amp plasmid)	2	0.2% arabinose	10	0.997083759	0.023564401	1.008329407	3.690441394	0.687421368	16.23834575	12.4289375	0.043738364	NA	0.9521
6.25	Well 153	E5	12072022	40	WT (Amp plasmid)	2	0.2% arabinose	10	0.997083759	0.023564401	1.008329407	3.690441394	0.687421368	16.23834575	12.4289375	0.043738364	NA	0.99567
6.5	Well 153	E5	12072022	40	WT (Amp plasmid)	2	0.2% arabinose	10	0.997083759	0.023564401	1.008329407	3.690441394	0.687421368	16.23834575	12.4289375	0.043738364	NA	1.0318
6.75	Well 153	E5	12072022	40	WT (Amp plasmid)	2	0.2% arabinose	10	0.997083759	0.023564401	1.008329407	3.690441394	0.687421368	16.23834575	12.4289375	0.043738364	NA	1.05
7	Well 153	E5	12072022	40	WT (Amp plasmid)	2	0.2% arabinose	10	0.997083759	0.023564401	1.008329407	3.690441394	0.687421368	16.23834575	12.4289375	0.043738364	NA	1.0674
7.25	Well 153	E5	12072022	40	WT (Amp plasmid)	2	0.2% arabinose	10	0.997083759	0.023564401	1.008329407	3.690441394	0.687421368	16.23834575	12.4289375	0.043738364	NA	1.079
7.5	Well 153	E5	12072022	40	WT (Amp plasmid)	2	0.2% arabinose	10	0.997083759	0.023564401	1.008329407	3.690441394	0.687421368	16.23834575	12.4289375	0.043738364	NA	1.0856
7.75	Well 153	E5	12072022	40	WT (Amp plasmid)	2	0.2% arabinose	10	0.997083759	0.023564401	1.008329407	3.690441394	0.687421368	16.23834575	12.4289375	0.043738364	NA	1.0928
8	Well 153	E5	12072022	40	WT (Amp plasmid)	2	0.2% arabinose	10	0.997083759	0.023564401	1.008329407	3.690441394	0.687421368	16.23834575	12.4289375	0.043738364	NA	1.0928
8.25	Well 153	E5	12072022	40	WT (Amp plasmid)	2	0.2% arabinose	10	0.997083759	0.023564401	1.008329407	3.690441394	0.687421368	16.23834575	12.4289375	0.043738364	NA	1.0939
8.5	Well 153	E5	12072022	40	WT (Amp plasmid)	2	0.2% arabinose	10	0.997083759	0.023564401	1.008329407	3.690441394	0.687421368	16.23834575	12.4289375	0.043738364	NA	1.0963
8.75	Well 153	E5	12072022	40	WT (Amp plasmid)	2	0.2% arabinose	10	0.997083759	0.023564401	1.008329407	3.690441394	0.687421368	16.23834575	12.4289375	0.043738364	NA	1.1024
9	Well 153	E5	12072022	40	WT (Amp plasmid)	2	0.2% arabinose	10	0.997083759	0.023564401	1.008329407	3.690441394	0.687421368	16.23834575	12.4289375	0.043738364	NA	1.1114
9.25	Well 153	E5	12072022	40	WT (Amp plasmid)	2	0.2% arabinose	10	0.997083759	0.023564401	1.008329407	3.690441394	0.687421368	16.23834575	12.4289375	0.043738364	NA	1.1222
9.5	Well 153	E5	12072022	40	WT (Amp plasmid)	2	0.2% arabinose	10	0.997083759	0.023564401	1.008329407	3.690441394	0.687421368	16.23834575	12.4289375	0.043738364	NA	1.1293
9.75	Well 153	E5	12072022	40	WT (Amp plasmid)	2	0.2% arabinose	10	0.997083759	0.023564401	1.008329407	3.690441394	0.687421368	16.23834575	12.4289375	0.043738364	NA	1.1349
10	Well 153	E5	12072022	40	WT (Amp plasmid)	2	0.2% arabinose	10	0.997083759	0.023564401	1.008329407	3.690441394	0.687421368	16.23834575	12.4289375	0.043738364	NA	1.144
10.25	Well 153	E5	12072022	40	WT (Amp plasmid)	2	0.2% arabinose	10	0.997083759	0.023564401	1.008329407	3.690441394	0.687421368	16.23834575	12.4289375	0.043738364	NA	1.1505
10.5	Well 153	E5	12072022	40	WT (Amp plasmid)	2	0.2% arabinose	10	0.997083759	0.023564401	1.008329407	3.690441394	0.687421368	16.23834575	12.4289375	0.043738364	NA	1.1522
10.75	Well 153	E5	12072022	40	WT (Amp plasmid)	2	0.2% arabinose	10	0.997083759	0.023564401	1.008329407	3.690441394	0.687421368	16.23834575	12.4289375	0.043738364	NA	1.1485
11	Well 153	E5	12072022	40	WT (Amp plasmid)	2	0.2% arabinose	10	0.997083759	0.023564401	1.008329407	3.690441394	0.687421368	16.23834575	12.4289375	0.043738364	NA	1.1406
11.25	Well 153	E5	12072022	40	WT (Amp plasmid)	2	0.2% arabinose	10	0.997083759	0.023564401	1.008329407	3.690441394	0.687421368	16.23834575	12.4289375	0.043738364	NA	1.1317
11.5	Well 153	E5	12072022	40	WT (Amp plasmid)	2	0.2% arabinose	10	0.997083759	0.023564401	1.008329407	3.690441394	0.687421368	16.23834575	12.4289375	0.043738364	NA	1.1204
11.75	Well 153	E5	12072022	40	WT (Amp plasmid)	2	0.2% arabinose	10	0.997083759	0.023564401	1.008329407	3.690441394	0.687421368	16.23834575	12.4289375	0.043738364	NA	1.1083
12	Well 153	E5	12072022	40	WT (Amp plasmid)	2	0.2% arabinose	10	0.997083759	0.023564401	1.008329407	3.690441394	0.687421368	16.23834575	12.4289375	0.043738364	NA	1.0974
12.25	Well 153	E5	12072022	40	WT (Amp plasmid)	2	0.2% arabinose	10	0.997083759	0.023564401	1.008329407	3.690441394	0.687421368	16.23834575	12.4289375	0.043738364	NA	1.0912
12.5	Well 153	E5	12072022	40	WT (Amp plasmid)	2	0.2% arabinose	10	0.997083759	0.023564401	1.008329407	3.690441394	0.687421368	16.23834575	12.4289375	0.043738364	NA	1.0867
12.75	Well 153	E5	12072022	40	WT (Amp plasmid)	2	0.2% arabinose	10	0.997083759	0.023564401	1.008329407	3.690441394	0.687421368	16.23834575	12.4289375	0.043738364	NA	1.084
13	Well 153	E5	12072022	40	WT (Amp plasmid)	2	0.2% arabinose	10	0.997083759	0.023564401	1.008329407	3.690441394	0.687421368	16.23834575	12.4289375	0.043738364	NA	1.0821
13.25	Well 153	E5	12072022	40	WT (Amp plasmid)	2	0.2% arabinose	10	0.997083759	0.023564401	1.008329407	3.690441394	0.687421368	16.23834575	12.4289375	0.043738364	NA	1.0798
13.5	Well 153	E5	12072022	40	WT (Amp plasmid)	2	0.2% arabinose	10	0.997083759	0.023564401	1.008329407	3.690441394	0.687421368	16.23834575	12.4289375	0.043738364	NA	1.0774
13.75	Well 153	E5	12072022	40	WT (Amp plasmid)	2	0.2% arabinose	10	0.997083759	0.023564401	1.008329407	3.690441394	0.687421368	16.23834575	12.4289375	0.043738364	NA	1.0742
14	Well 153	E5	12072022	40	WT (Amp plasmid)	2	0.2% arabinose	10	0.997083759	0.023564401	1.008329407	3.690441394	0.687421368	16.23834575	12.4289375	0.043738364	NA	1.0711
14.25	Well 153	E5	12072022	40	WT (Amp plasmid)	2	0.2% arabinose	10	0.997083759	0.023564401	1.008329407	3.690441394	0.687421368	16.23834575	12.4289375	0.043738364	NA	1.0684
14.5	Well 153	E5	12072022	40	WT (Amp plasmid)	2	0.2% arabinose	10	0.997083759	0.023564401	1.008329407	3.690441394	0.687421368	16.23834575	12.4289375	0.043738364	NA	1.0666
14.75	Well 153	E5	12072022	40	WT (Amp plasmid)	2	0.2% arabinose	10	0.997083759	0.023564401	1.008329407	3.690441394	0.687421368	16.23834575	12.4289375	0.043738364	NA	1.064
15	Well 153	E5	12072022	40	WT (Amp plasmid)	2	0.2% arabinose	10	0.997083759	0.023564401	1.008329407	3.690441394	0.687421368	16.23834575	12.4289375	0.043738364	NA	1.0626
15.25	Well 153	E5	12072022	40	WT (Amp plasmid)	2	0.2% arabinose	10	0.997083759	0.023564401	1.008329407	3.690441394	0.687421368	16.23834575	12.4289375	0.043738364	NA	1.0605
15.5	Well 153	E5	12072022	40	WT (Amp plasmid)	2	0.2% arabinose	10	0.997083759	0.023564401	1.008329407	3.690441394	0.687421368	16.23834575	12.4289375	0.043738364	NA	1.0585
15.75	Well 153	E5	12072022	40	WT (Amp plasmid)	2	0.2% arabinose	10	0.997083759	0.023564401	1.008329407	3.690441394	0.687421368	16.23834575	12.4289375	0.043738364	NA	1.0563
16	Well 153	E5	12072022	40	WT (Amp plasmid)	2	0.2% arabinose	10	0.997083759	0.023564401	1.008329407	3.690441394	0.687421368	16.23834575	12.4289375	0.043738364	NA	1.0543
16.25	Well 153	E5	12072022	40	WT (Amp plasmid)	2	0.2% arabinose	10	0.997083759	0.023564401	1.008329407	3.690441394	0.687421368	16.23834575	12.4289375	0.043738364	NA	1.0526
0	Well 154	E6	12072022	40	WT (Amp plasmid)	3	0.2% arabinose	10	1.004455729	0.024917707	0.978172597	3.753429997	0.708614392	16.29316542	12.452215	0.041869817	NA	0.0935
0.25	Well 154	E6	12072022	40	WT (Amp plasmid)	3	0.2% arabinose	10	1.004455729	0.024917707	0.978172597	3.753429997	0.708614392	16.29316542	12.452215	0.041869817	NA	0.09385
0.5	Well 154	E6	12072022	40	WT (Amp plasmid)	3	0.2% arabinose	10	1.004455729	0.024917707	0.978172597	3.753429997	0.708614392	16.29316542	12.452215	0.041869817	NA	0.0949
0.75	Well 154	E6	12072022	40	WT (Amp plasmid)	3	0.2% arabinose	10	1.004455729	0.024917707	0.978172597	3.753429997	0.708614392	16.29316542	12.452215	0.041869817	NA	0.09745
1	Well 154	E6	12072022	40	WT (Amp plasmid)	3	0.2% arabinose	10	1.004455729	0.024917707	0.978172597	3.753429997	0.708614392	16.29316542	12.452215	0.041869817	NA	0.1022
1.25	Well 154	E6	12072022	40	WT (Amp plasmid)	3	0.2% arabinose	10	1.004455729	0.024917707	0.978172597	3.753429997	0.708614392	16.29316542	12.452215	0.041869817	NA	0.1101
1.5	Well 154	E6	12072022	40	WT (Amp plasmid)	3	0.2% arabinose	10	1.004455729	0.024917707	0.978172597	3.753429997	0.708614392	16.29316542	12.452215	0.041869817	NA	0.12313
1.75	Well 154	E6	12072022	40	WT (Amp plasmid)	3	0.2% arabinose	10	1.004455729	0.024917707	0.978172597	3.753429997	0.708614392	16.29316542	12.452215	0.041869817	NA	0.14387
2	Well 154	E6	12072022	40	WT (Amp plasmid)	3	0.2% arabinose	10	1.004455729	0.024917707	0.978172597	3.753429997	0.708614392	16.29316542	12.452215	0.041869817	NA	0.17873
2.25	Well 154	E6	12072022	40	WT (Amp plasmid)	3	0.2% arabinose	10	1.004455729	0.024917707	0.978172597	3.753429997	0.708614392	16.29316542	12.452215	0.041869817	NA	0.22992
2.5	Well 154	E6	12072022	40	WT (Amp plasmid)	3	0.2% arabinose	10	1.004455729	0.024917707	0.978172597	3.753429997	0.708614392	16.29316542	12.452215	0.041869817	NA	0.2972
2.75	Well 154	E6	12072022	40	WT (Amp plasmid)	3	0.2% arabinose	10	1.004455729	0.024917707	0.978172597	3.753429997	0.708614392	16.29316542	12.452215	0.041869817	NA	0.3831
3	Well 154	E6	12072022	40	WT (Amp plasmid)	3	0.2% arabinose	10	1.004455729	0.024917707	0.978172597	3.753429997	0.708614392	16.29316542	12.452215	0.041869817	NA	0.46755
3.25	Well 154	E6	12072022	40	WT (Amp plasmid)	3	0.2% arabinose	10	1.004455729	0.024917707	0.978172597	3.753429997	0.708614392	16.29316542	12.452215	0.041869817	NA	0.55173
3.5	Well 154	E6	12072022	40	WT (Amp plasmid)	3	0.2% arabinose	10	1.004455729	0.024917707	0.978172597	3.753429997	0.708614392	16.29316542	12.452215	0.041869817	NA	0.6217
3.75	Well 154	E6	12072022	40	WT (Amp plasmid)	3	0.2% arabinose	10	1.004455729	0.024917707	0.978172597	3.753429997	0.708614392	16.29316542	12.452215	0.041869817	NA	0.68015
4	Well 154	E6	12072022	40	WT (Amp plasmid)	3	0.2% arabinose	10	1.004455729	0.024917707	0.978172597	3.753429997	0.708614392	16.29316542	12.452215	0.041869817	NA	0.7216
4.25	Well 154	E6	12072022	40	WT (Amp plasmid)	3	0.2% arabinose	10	1.004455729	0.024917707	0.978172597	3.753429997	0.708614392	16.29316542	12.452215	0.041869817	NA	0.7522
4.5	Well 154	E6	12072022	40	WT (Amp plasmid)	3	0.2% arabinose	10	1.004455729	0.024917707	0.978172597	3.753429997	0.708614392	16.29316542	12.452215	0.041869817	NA	0.77618
4.75	Well 154	E6	12072022	40	WT (Amp plasmid)	3	0.2% arabinose	10	1.004455729	0.024917707	0.978172597	3.753429997	0.708614392	16.29316542	12.452215	0.041869817	NA	0.79802
5	Well 154	E6	12072022	40	WT (Amp plasmid)	3	0.2% arabinose	10	1.004455729	0.024917707	0.978172597	3.753429997	0.708614392	16.29316542	12.452215	0.041869817	NA	0.8152
5.25	Well 154	E6	12072022	40	WT (Amp plasmid)	3	0.2% arabinose	10	1.004455729	0.024917707	0.978172597	3.753429997	0.708614392	16.29316542	12.452215	0.041869817	NA	0.83262
5.5	Well 154	E6	12072022	40	WT (Amp plasmid)	3	0.2% arabinose	10	1.004455729	0.024917707	0.978172597	3.753429997	0.708614392	16.29316542	12.452215	0.041869817	NA	0.85508
5.75	Well 154	E6	12072022	40	WT (Amp plasmid)	3	0.2% arabinose	10	1.004455729	0.024917707	0.978172597	3.753429997	0.708614392	16.29316542	12.452215	0.041869817	NA	0.89563
6	Well 154	E6	12072022	40	WT (Amp plasmid)	3	0.2% arabinose	10	1.004455729	0.024917707	0.978172597	3.753429997	0.708614392	16.29316542	12.452215	0.041869817	NA	0.9438
6.25	Well 154	E6	12072022	40	WT (Amp plasmid)	3	0.2% arabinose	10	1.004455729	0.024917707	0.978172597	3.753429997	0.708614392	16.29316542	12.452215	0.041869817	NA	0.98725
6.5	Well 154	E6	12072022	40	WT (Amp plasmid)	3	0.2% arabinose	10	1.004455729	0.024917707	0.978172597	3.753429997	0.708614392	16.29316542	12.452215	0.041869817	NA	1.0241
6.75	Well 154	E6	12072022	40	WT (Amp plasmid)	3	0.2% arabinose	10	1.004455729	0.024917707	0.978172597	3.753429997	0.708614392	16.29316542	12.452215	0.041869817	NA	1.0423
7	Well 154	E6	12072022	40	WT (Amp plasmid)	3	0.2% arabinose	10	1.004455729	0.024917707	0.978172597	3.753429997	0.708614392	16.29316542	12.452215	0.041869817	NA	1.0596
7.25	Well 154	E6	12072022	40	WT (Amp plasmid)	3	0.2% arabinose	10	1.004455729	0.024917707	0.978172597	3.753429997	0.708614392	16.29316542	12.452215	0.041869817	NA	1.0713
7.5	Well 154	E6	12072022	40	WT (Amp plasmid)	3	0.2% arabinose	10	1.004455729	0.024917707	0.978172597	3.753429997	0.708614392	16.29316542	12.452215	0.041869817	NA	1.0772
7.75	Well 154	E6	12072022	40	WT (Amp plasmid)	3	0.2% arabinose	10	1.004455729	0.024917707	0.978172597	3.753429997	0.708614392	16.29316542	12.452215	0.041869817	NA	1.0848
8	Well 154	E6	12072022	40	WT (Amp plasmid)	3	0.2% arabinose	10	1.004455729	0.024917707	0.978172597	3.753429997	0.708614392	16.29316542	12.452215	0.041869817	NA	1.0851
8.25	Well 154	E6	12072022	40	WT (Amp plasmid)	3	0.2% arabinose	10	1.004455729	0.024917707	0.978172597	3.753429997	0.708614392	16.29316542	12.452215	0.041869817	NA	1.0866
8.5	Well 154	E6	12072022	40	WT (Amp plasmid)	3	0.2% arabinose	10	1.004455729	0.024917707	0.978172597	3.753429997	0.708614392	16.29316542	12.452215	0.041869817	NA	1.0889
8.75	Well 154	E6	12072022	40	WT (Amp plasmid)	3	0.2% arabinose	10	1.004455729	0.024917707	0.978172597	3.753429997	0.708614392	16.29316542	12.452215	0.041869817	NA	1.0942
9	Well 154	E6	12072022	40	WT (Amp plasmid)	3	0.2% arabinose	10	1.004455729	0.024917707	0.978172597	3.753429997	0.708614392	16.29316542	12.452215	0.041869817	NA	1.1029
9.25	Well 154	E6	12072022	40	WT (Amp plasmid)	3	0.2% arabinose	10	1.004455729	0.024917707	0.978172597	3.753429997	0.708614392	16.29316542	12.452215	0.041869817	NA	1.113
9.5	Well 154	E6	12072022	40	WT (Amp plasmid)	3	0.2% arabinose	10	1.004455729	0.024917707	0.978172597	3.753429997	0.708614392	16.29316542	12.452215	0.041869817	NA	1.1197
9.75	Well 154	E6	12072022	40	WT (Amp plasmid)	3	0.2% arabinose	10	1.004455729	0.024917707	0.978172597	3.753429997	0.708614392	16.29316542	12.452215	0.041869817	NA	1.1251
10	Well 154	E6	12072022	40	WT (Amp plasmid)	3	0.2% arabinose	10	1.004455729	0.024917707	0.978172597	3.753429997	0.708614392	16.29316542	12.452215	0.041869817	NA	1.1341
10.25	Well 154	E6	12072022	40	WT (Amp plasmid)	3	0.2% arabinose	10	1.004455729	0.024917707	0.978172597	3.753429997	0.708614392	16.29316542	12.452215	0.041869817	NA	1.1414
10.5	Well 154	E6	12072022	40	WT (Amp plasmid)	3	0.2% arabinose	10	1.004455729	0.024917707	0.978172597	3.753429997	0.708614392	16.29316542	12.452215	0.041869817	NA	1.1464
10.75	Well 154	E6	12072022	40	WT (Amp plasmid)	3	0.2% arabinose	10	1.004455729	0.024917707	0.978172597	3.753429997	0.708614392	16.29316542	12.452215	0.041869817	NA	1.1454
11	Well 154	E6	12072022	40	WT (Amp plasmid)	3	0.2% arabinose	10	1.004455729	0.024917707	0.978172597	3.753429997	0.708614392	16.29316542	12.452215	0.041869817	NA	1.1421
11.25	Well 154	E6	12072022	40	WT (Amp plasmid)	3	0.2% arabinose	10	1.004455729	0.024917707	0.978172597	3.753429997	0.708614392	16.29316542	12.452215	0.041869817	NA	1.1383
11.5	Well 154	E6	12072022	40	WT (Amp plasmid)	3	0.2% arabinose	10	1.004455729	0.024917707	0.978172597	3.753429997	0.708614392	16.29316542	12.452215	0.041869817	NA	1.1344
11.75	Well 154	E6	12072022	40	WT (Amp plasmid)	3	0.2% arabinose	10	1.004455729	0.024917707	0.978172597	3.753429997	0.708614392	16.29316542	12.452215	0.041869817	NA	1.1284
12	Well 154	E6	12072022	40	WT (Amp plasmid)	3	0.2% arabinose	10	1.004455729	0.024917707	0.978172597	3.753429997	0.708614392	16.29316542	12.452215	0.041869817	NA	1.1192
12.25	Well 154	E6	12072022	40	WT (Amp plasmid)	3	0.2% arabinose	10	1.004455729	0.024917707	0.978172597	3.753429997	0.708614392	16.29316542	12.452215	0.041869817	NA	1.1103
12.5	Well 154	E6	12072022	40	WT (Amp plasmid)	3	0.2% arabinose	10	1.004455729	0.024917707	0.978172597	3.753429997	0.708614392	16.29316542	12.452215	0.041869817	NA	1.1027
12.75	Well 154	E6	12072022	40	WT (Amp plasmid)	3	0.2% arabinose	10	1.004455729	0.024917707	0.978172597	3.753429997	0.708614392	16.29316542	12.452215	0.041869817	NA	1.0971
13	Well 154	E6	12072022	40	WT (Amp plasmid)	3	0.2% arabinose	10	1.004455729	0.024917707	0.978172597	3.753429997	0.708614392	16.29316542	12.452215	0.041869817	NA	1.094
13.25	Well 154	E6	12072022	40	WT (Amp plasmid)	3	0.2% arabinose	10	1.004455729	0.024917707	0.978172597	3.753429997	0.708614392	16.29316542	12.452215	0.041869817	NA	1.0909
13.5	Well 154	E6	12072022	40	WT (Amp plasmid)	3	0.2% arabinose	10	1.004455729	0.024917707	0.978172597	3.753429997	0.708614392	16.29316542	12.452215	0.041869817	NA	1.0891
13.75	Well 154	E6	12072022	40	WT (Amp plasmid)	3	0.2% arabinose	10	1.004455729	0.024917707	0.978172597	3.753429997	0.708614392	16.29316542	12.452215	0.041869817	NA	1.0863
14	Well 154	E6	12072022	40	WT (Amp plasmid)	3	0.2% arabinose	10	1.004455729	0.024917707	0.978172597	3.753429997	0.708614392	16.29316542	12.452215	0.041869817	NA	1.0842
14.25	Well 154	E6	12072022	40	WT (Amp plasmid)	3	0.2% arabinose	10	1.004455729	0.024917707	0.978172597	3.753429997	0.708614392	16.29316542	12.452215	0.041869817	NA	1.082
14.5	Well 154	E6	12072022	40	WT (Amp plasmid)	3	0.2% arabinose	10	1.004455729	0.024917707	0.978172597	3.753429997	0.708614392	16.29316542	12.452215	0.041869817	NA	1.0802
14.75	Well 154	E6	12072022	40	WT (Amp plasmid)	3	0.2% arabinose	10	1.004455729	0.024917707	0.978172597	3.753429997	0.708614392	16.29316542	12.452215	0.041869817	NA	1.078
15	Well 154	E6	12072022	40	WT (Amp plasmid)	3	0.2% arabinose	10	1.004455729	0.024917707	0.978172597	3.753429997	0.708614392	16.29316542	12.452215	0.041869817	NA	1.0761
15.25	Well 154	E6	12072022	40	WT (Amp plasmid)	3	0.2% arabinose	10	1.004455729	0.024917707	0.978172597	3.753429997	0.708614392	16.29316542	12.452215	0.041869817	NA	1.0739
15.5	Well 154	E6	12072022	40	WT (Amp plasmid)	3	0.2% arabinose	10	1.004455729	0.024917707	0.978172597	3.753429997	0.708614392	16.29316542	12.452215	0.041869817	NA	1.0714
15.75	Well 154	E6	12072022	40	WT (Amp plasmid)	3	0.2% arabinose	10	1.004455729	0.024917707	0.978172597	3.753429997	0.708614392	16.29316542	12.452215	0.041869817	NA	1.0684
16	Well 154	E6	12072022	40	WT (Amp plasmid)	3	0.2% arabinose	10	1.004455729	0.024917707	0.978172597	3.753429997	0.708614392	16.29316542	12.452215	0.041869817	NA	1.0658
16.25	Well 154	E6	12072022	40	WT (Amp plasmid)	3	0.2% arabinose	10	1.004455729	0.024917707	0.978172597	3.753429997	0.708614392	16.29316542	12.452215	0.041869817	NA	1.0631
0	Well 293	A1	7072022	40	WT (Kan plasmid)	1	0% arabinose	10	9e-04	0.003649156	0.064742914	-4.374253409	10.70614736	0.034246427	0.026284375	0.001521632	questionable fit (k < n0)	0.09145
0.25	Well 293	A1	7072022	40	WT (Kan plasmid)	1	0% arabinose	10	9e-04	0.003649156	0.064742914	-4.374253409	10.70614736	0.034246427	0.026284375	0.001521632	questionable fit (k < n0)	0.0915
0.5	Well 293	A1	7072022	40	WT (Kan plasmid)	1	0% arabinose	10	9e-04	0.003649156	0.064742914	-4.374253409	10.70614736	0.034246427	0.026284375	0.001521632	questionable fit (k < n0)	0.09165
0.75	Well 293	A1	7072022	40	WT (Kan plasmid)	1	0% arabinose	10	9e-04	0.003649156	0.064742914	-4.374253409	10.70614736	0.034246427	0.026284375	0.001521632	questionable fit (k < n0)	0.09195
1	Well 293	A1	7072022	40	WT (Kan plasmid)	1	0% arabinose	10	9e-04	0.003649156	0.064742914	-4.374253409	10.70614736	0.034246427	0.026284375	0.001521632	questionable fit (k < n0)	0.092275
1.25	Well 293	A1	7072022	40	WT (Kan plasmid)	1	0% arabinose	10	9e-04	0.003649156	0.064742914	-4.374253409	10.70614736	0.034246427	0.026284375	0.001521632	questionable fit (k < n0)	0.092775
1.5	Well 293	A1	7072022	40	WT (Kan plasmid)	1	0% arabinose	10	9e-04	0.003649156	0.064742914	-4.374253409	10.70614736	0.034246427	0.026284375	0.001521632	questionable fit (k < n0)	0.09355
1.75	Well 293	A1	7072022	40	WT (Kan plasmid)	1	0% arabinose	10	9e-04	0.003649156	0.064742914	-4.374253409	10.70614736	0.034246427	0.026284375	0.001521632	questionable fit (k < n0)	0.093925
2	Well 293	A1	7072022	40	WT (Kan plasmid)	1	0% arabinose	10	9e-04	0.003649156	0.064742914	-4.374253409	10.70614736	0.034246427	0.026284375	0.001521632	questionable fit (k < n0)	0.09445
2.25	Well 293	A1	7072022	40	WT (Kan plasmid)	1	0% arabinose	10	9e-04	0.003649156	0.064742914	-4.374253409	10.70614736	0.034246427	0.026284375	0.001521632	questionable fit (k < n0)	0.09495
2.5	Well 293	A1	7072022	40	WT (Kan plasmid)	1	0% arabinose	10	9e-04	0.003649156	0.064742914	-4.374253409	10.70614736	0.034246427	0.026284375	0.001521632	questionable fit (k < n0)	0.095525
2.75	Well 293	A1	7072022	40	WT (Kan plasmid)	1	0% arabinose	10	9e-04	0.003649156	0.064742914	-4.374253409	10.70614736	0.034246427	0.026284375	0.001521632	questionable fit (k < n0)	0.095875
3	Well 293	A1	7072022	40	WT (Kan plasmid)	1	0% arabinose	10	9e-04	0.003649156	0.064742914	-4.374253409	10.70614736	0.034246427	0.026284375	0.001521632	questionable fit (k < n0)	0.09625
3.25	Well 293	A1	7072022	40	WT (Kan plasmid)	1	0% arabinose	10	9e-04	0.003649156	0.064742914	-4.374253409	10.70614736	0.034246427	0.026284375	0.001521632	questionable fit (k < n0)	0.09665
3.5	Well 293	A1	7072022	40	WT (Kan plasmid)	1	0% arabinose	10	9e-04	0.003649156	0.064742914	-4.374253409	10.70614736	0.034246427	0.026284375	0.001521632	questionable fit (k < n0)	0.09645
3.75	Well 293	A1	7072022	40	WT (Kan plasmid)	1	0% arabinose	10	9e-04	0.003649156	0.064742914	-4.374253409	10.70614736	0.034246427	0.026284375	0.001521632	questionable fit (k < n0)	0.0961
4	Well 293	A1	7072022	40	WT (Kan plasmid)	1	0% arabinose	10	9e-04	0.003649156	0.064742914	-4.374253409	10.70614736	0.034246427	0.026284375	0.001521632	questionable fit (k < n0)	0.0951
4.25	Well 293	A1	7072022	40	WT (Kan plasmid)	1	0% arabinose	10	9e-04	0.003649156	0.064742914	-4.374253409	10.70614736	0.034246427	0.026284375	0.001521632	questionable fit (k < n0)	0.09375
4.5	Well 293	A1	7072022	40	WT (Kan plasmid)	1	0% arabinose	10	9e-04	0.003649156	0.064742914	-4.374253409	10.70614736	0.034246427	0.026284375	0.001521632	questionable fit (k < n0)	0.09275
4.75	Well 293	A1	7072022	40	WT (Kan plasmid)	1	0% arabinose	10	9e-04	0.003649156	0.064742914	-4.374253409	10.70614736	0.034246427	0.026284375	0.001521632	questionable fit (k < n0)	0.092125
5	Well 293	A1	7072022	40	WT (Kan plasmid)	1	0% arabinose	10	9e-04	0.003649156	0.064742914	-4.374253409	10.70614736	0.034246427	0.026284375	0.001521632	questionable fit (k < n0)	0.091875
5.25	Well 293	A1	7072022	40	WT (Kan plasmid)	1	0% arabinose	10	9e-04	0.003649156	0.064742914	-4.374253409	10.70614736	0.034246427	0.026284375	0.001521632	questionable fit (k < n0)	0.091525
5.5	Well 293	A1	7072022	40	WT (Kan plasmid)	1	0% arabinose	10	9e-04	0.003649156	0.064742914	-4.374253409	10.70614736	0.034246427	0.026284375	0.001521632	questionable fit (k < n0)	0.09135
5.75	Well 293	A1	7072022	40	WT (Kan plasmid)	1	0% arabinose	10	9e-04	0.003649156	0.064742914	-4.374253409	10.70614736	0.034246427	0.026284375	0.001521632	questionable fit (k < n0)	0.0914
6	Well 293	A1	7072022	40	WT (Kan plasmid)	1	0% arabinose	10	9e-04	0.003649156	0.064742914	-4.374253409	10.70614736	0.034246427	0.026284375	0.001521632	questionable fit (k < n0)	0.09125
6.25	Well 293	A1	7072022	40	WT (Kan plasmid)	1	0% arabinose	10	9e-04	0.003649156	0.064742914	-4.374253409	10.70614736	0.034246427	0.026284375	0.001521632	questionable fit (k < n0)	0.0913
6.5	Well 293	A1	7072022	40	WT (Kan plasmid)	1	0% arabinose	10	9e-04	0.003649156	0.064742914	-4.374253409	10.70614736	0.034246427	0.026284375	0.001521632	questionable fit (k < n0)	0.0912
6.75	Well 293	A1	7072022	40	WT (Kan plasmid)	1	0% arabinose	10	9e-04	0.003649156	0.064742914	-4.374253409	10.70614736	0.034246427	0.026284375	0.001521632	questionable fit (k < n0)	0.09115
7	Well 293	A1	7072022	40	WT (Kan plasmid)	1	0% arabinose	10	9e-04	0.003649156	0.064742914	-4.374253409	10.70614736	0.034246427	0.026284375	0.001521632	questionable fit (k < n0)	0.091175
7.25	Well 293	A1	7072022	40	WT (Kan plasmid)	1	0% arabinose	10	9e-04	0.003649156	0.064742914	-4.374253409	10.70614736	0.034246427	0.026284375	0.001521632	questionable fit (k < n0)	0.091125
7.5	Well 293	A1	7072022	40	WT (Kan plasmid)	1	0% arabinose	10	9e-04	0.003649156	0.064742914	-4.374253409	10.70614736	0.034246427	0.026284375	0.001521632	questionable fit (k < n0)	0.0911
7.75	Well 293	A1	7072022	40	WT (Kan plasmid)	1	0% arabinose	10	9e-04	0.003649156	0.064742914	-4.374253409	10.70614736	0.034246427	0.026284375	0.001521632	questionable fit (k < n0)	0.0912
8	Well 293	A1	7072022	40	WT (Kan plasmid)	1	0% arabinose	10	9e-04	0.003649156	0.064742914	-4.374253409	10.70614736	0.034246427	0.026284375	0.001521632	questionable fit (k < n0)	0.0911
8.25	Well 293	A1	7072022	40	WT (Kan plasmid)	1	0% arabinose	10	9e-04	0.003649156	0.064742914	-4.374253409	10.70614736	0.034246427	0.026284375	0.001521632	questionable fit (k < n0)	0.091175
8.5	Well 293	A1	7072022	40	WT (Kan plasmid)	1	0% arabinose	10	9e-04	0.003649156	0.064742914	-4.374253409	10.70614736	0.034246427	0.026284375	0.001521632	questionable fit (k < n0)	0.0911
8.75	Well 293	A1	7072022	40	WT (Kan plasmid)	1	0% arabinose	10	9e-04	0.003649156	0.064742914	-4.374253409	10.70614736	0.034246427	0.026284375	0.001521632	questionable fit (k < n0)	0.091075
9	Well 293	A1	7072022	40	WT (Kan plasmid)	1	0% arabinose	10	9e-04	0.003649156	0.064742914	-4.374253409	10.70614736	0.034246427	0.026284375	0.001521632	questionable fit (k < n0)	0.091125
9.25	Well 293	A1	7072022	40	WT (Kan plasmid)	1	0% arabinose	10	9e-04	0.003649156	0.064742914	-4.374253409	10.70614736	0.034246427	0.026284375	0.001521632	questionable fit (k < n0)	0.0911
9.5	Well 293	A1	7072022	40	WT (Kan plasmid)	1	0% arabinose	10	9e-04	0.003649156	0.064742914	-4.374253409	10.70614736	0.034246427	0.026284375	0.001521632	questionable fit (k < n0)	0.091125
9.75	Well 293	A1	7072022	40	WT (Kan plasmid)	1	0% arabinose	10	9e-04	0.003649156	0.064742914	-4.374253409	10.70614736	0.034246427	0.026284375	0.001521632	questionable fit (k < n0)	0.09115
10	Well 293	A1	7072022	40	WT (Kan plasmid)	1	0% arabinose	10	9e-04	0.003649156	0.064742914	-4.374253409	10.70614736	0.034246427	0.026284375	0.001521632	questionable fit (k < n0)	0.09105
10.25	Well 293	A1	7072022	40	WT (Kan plasmid)	1	0% arabinose	10	9e-04	0.003649156	0.064742914	-4.374253409	10.70614736	0.034246427	0.026284375	0.001521632	questionable fit (k < n0)	0.091075
10.5	Well 293	A1	7072022	40	WT (Kan plasmid)	1	0% arabinose	10	9e-04	0.003649156	0.064742914	-4.374253409	10.70614736	0.034246427	0.026284375	0.001521632	questionable fit (k < n0)	0.09095
10.75	Well 293	A1	7072022	40	WT (Kan plasmid)	1	0% arabinose	10	9e-04	0.003649156	0.064742914	-4.374253409	10.70614736	0.034246427	0.026284375	0.001521632	questionable fit (k < n0)	0.090975
11	Well 293	A1	7072022	40	WT (Kan plasmid)	1	0% arabinose	10	9e-04	0.003649156	0.064742914	-4.374253409	10.70614736	0.034246427	0.026284375	0.001521632	questionable fit (k < n0)	0.0909
11.25	Well 293	A1	7072022	40	WT (Kan plasmid)	1	0% arabinose	10	9e-04	0.003649156	0.064742914	-4.374253409	10.70614736	0.034246427	0.026284375	0.001521632	questionable fit (k < n0)	0.0909
11.5	Well 293	A1	7072022	40	WT (Kan plasmid)	1	0% arabinose	10	9e-04	0.003649156	0.064742914	-4.374253409	10.70614736	0.034246427	0.026284375	0.001521632	questionable fit (k < n0)	0.090925
11.75	Well 293	A1	7072022	40	WT (Kan plasmid)	1	0% arabinose	10	9e-04	0.003649156	0.064742914	-4.374253409	10.70614736	0.034246427	0.026284375	0.001521632	questionable fit (k < n0)	0.090775
12	Well 293	A1	7072022	40	WT (Kan plasmid)	1	0% arabinose	10	9e-04	0.003649156	0.064742914	-4.374253409	10.70614736	0.034246427	0.026284375	0.001521632	questionable fit (k < n0)	0.090875
12.25	Well 293	A1	7072022	40	WT (Kan plasmid)	1	0% arabinose	10	9e-04	0.003649156	0.064742914	-4.374253409	10.70614736	0.034246427	0.026284375	0.001521632	questionable fit (k < n0)	0.090725
12.5	Well 293	A1	7072022	40	WT (Kan plasmid)	1	0% arabinose	10	9e-04	0.003649156	0.064742914	-4.374253409	10.70614736	0.034246427	0.026284375	0.001521632	questionable fit (k < n0)	0.09065
12.75	Well 293	A1	7072022	40	WT (Kan plasmid)	1	0% arabinose	10	9e-04	0.003649156	0.064742914	-4.374253409	10.70614736	0.034246427	0.026284375	0.001521632	questionable fit (k < n0)	0.090825
13	Well 293	A1	7072022	40	WT (Kan plasmid)	1	0% arabinose	10	9e-04	0.003649156	0.064742914	-4.374253409	10.70614736	0.034246427	0.026284375	0.001521632	questionable fit (k < n0)	0.0906
13.25	Well 293	A1	7072022	40	WT (Kan plasmid)	1	0% arabinose	10	9e-04	0.003649156	0.064742914	-4.374253409	10.70614736	0.034246427	0.026284375	0.001521632	questionable fit (k < n0)	0.090725
13.5	Well 293	A1	7072022	40	WT (Kan plasmid)	1	0% arabinose	10	9e-04	0.003649156	0.064742914	-4.374253409	10.70614736	0.034246427	0.026284375	0.001521632	questionable fit (k < n0)	0.090825
13.75	Well 293	A1	7072022	40	WT (Kan plasmid)	1	0% arabinose	10	9e-04	0.003649156	0.064742914	-4.374253409	10.70614736	0.034246427	0.026284375	0.001521632	questionable fit (k < n0)	0.090575
14	Well 293	A1	7072022	40	WT (Kan plasmid)	1	0% arabinose	10	9e-04	0.003649156	0.064742914	-4.374253409	10.70614736	0.034246427	0.026284375	0.001521632	questionable fit (k < n0)	0.0906
14.25	Well 293	A1	7072022	40	WT (Kan plasmid)	1	0% arabinose	10	9e-04	0.003649156	0.064742914	-4.374253409	10.70614736	0.034246427	0.026284375	0.001521632	questionable fit (k < n0)	0.09055
14.5	Well 293	A1	7072022	40	WT (Kan plasmid)	1	0% arabinose	10	9e-04	0.003649156	0.064742914	-4.374253409	10.70614736	0.034246427	0.026284375	0.001521632	questionable fit (k < n0)	0.090425
14.75	Well 293	A1	7072022	40	WT (Kan plasmid)	1	0% arabinose	10	9e-04	0.003649156	0.064742914	-4.374253409	10.70614736	0.034246427	0.026284375	0.001521632	questionable fit (k < n0)	0.090325
15	Well 293	A1	7072022	40	WT (Kan plasmid)	1	0% arabinose	10	9e-04	0.003649156	0.064742914	-4.374253409	10.70614736	0.034246427	0.026284375	0.001521632	questionable fit (k < n0)	0.090325
15.25	Well 293	A1	7072022	40	WT (Kan plasmid)	1	0% arabinose	10	9e-04	0.003649156	0.064742914	-4.374253409	10.70614736	0.034246427	0.026284375	0.001521632	questionable fit (k < n0)	0.09035
15.5	Well 293	A1	7072022	40	WT (Kan plasmid)	1	0% arabinose	10	9e-04	0.003649156	0.064742914	-4.374253409	10.70614736	0.034246427	0.026284375	0.001521632	questionable fit (k < n0)	0.09025
15.75	Well 293	A1	7072022	40	WT (Kan plasmid)	1	0% arabinose	10	9e-04	0.003649156	0.064742914	-4.374253409	10.70614736	0.034246427	0.026284375	0.001521632	questionable fit (k < n0)	0.090275
16	Well 293	A1	7072022	40	WT (Kan plasmid)	1	0% arabinose	10	9e-04	0.003649156	0.064742914	-4.374253409	10.70614736	0.034246427	0.026284375	0.001521632	questionable fit (k < n0)	0.090275
16.25	Well 293	A1	7072022	40	WT (Kan plasmid)	1	0% arabinose	10	9e-04	0.003649156	0.064742914	-4.374253409	10.70614736	0.034246427	0.026284375	0.001521632	questionable fit (k < n0)	0.090225
0	Well 294	A2	7072022	40	WT (Kan plasmid)	2	0% arabinose	10	0.0001875	0.00291343	0.016260474	-4.090989582	42.62773596	0.022391611	0.017578125	0.001663049	questionable fit (k < n0)	0.09205
0.25	Well 294	A2	7072022	40	WT (Kan plasmid)	2	0% arabinose	10	0.0001875	0.00291343	0.016260474	-4.090989582	42.62773596	0.022391611	0.017578125	0.001663049	questionable fit (k < n0)	0.092125
0.5	Well 294	A2	7072022	40	WT (Kan plasmid)	2	0% arabinose	10	0.0001875	0.00291343	0.016260474	-4.090989582	42.62773596	0.022391611	0.017578125	0.001663049	questionable fit (k < n0)	0.092325
0.75	Well 294	A2	7072022	40	WT (Kan plasmid)	2	0% arabinose	10	0.0001875	0.00291343	0.016260474	-4.090989582	42.62773596	0.022391611	0.017578125	0.001663049	questionable fit (k < n0)	0.09265
1	Well 294	A2	7072022	40	WT (Kan plasmid)	2	0% arabinose	10	0.0001875	0.00291343	0.016260474	-4.090989582	42.62773596	0.022391611	0.017578125	0.001663049	questionable fit (k < n0)	0.09315
1.25	Well 294	A2	7072022	40	WT (Kan plasmid)	2	0% arabinose	10	0.0001875	0.00291343	0.016260474	-4.090989582	42.62773596	0.022391611	0.017578125	0.001663049	questionable fit (k < n0)	0.0938
1.5	Well 294	A2	7072022	40	WT (Kan plasmid)	2	0% arabinose	10	0.0001875	0.00291343	0.016260474	-4.090989582	42.62773596	0.022391611	0.017578125	0.001663049	questionable fit (k < n0)	0.09445
1.75	Well 294	A2	7072022	40	WT (Kan plasmid)	2	0% arabinose	10	0.0001875	0.00291343	0.016260474	-4.090989582	42.62773596	0.022391611	0.017578125	0.001663049	questionable fit (k < n0)	0.0951
2	Well 294	A2	7072022	40	WT (Kan plasmid)	2	0% arabinose	10	0.0001875	0.00291343	0.016260474	-4.090989582	42.62773596	0.022391611	0.017578125	0.001663049	questionable fit (k < n0)	0.095875
2.25	Well 294	A2	7072022	40	WT (Kan plasmid)	2	0% arabinose	10	0.0001875	0.00291343	0.016260474	-4.090989582	42.62773596	0.022391611	0.017578125	0.001663049	questionable fit (k < n0)	0.096475
2.5	Well 294	A2	7072022	40	WT (Kan plasmid)	2	0% arabinose	10	0.0001875	0.00291343	0.016260474	-4.090989582	42.62773596	0.022391611	0.017578125	0.001663049	questionable fit (k < n0)	0.097225
2.75	Well 294	A2	7072022	40	WT (Kan plasmid)	2	0% arabinose	10	0.0001875	0.00291343	0.016260474	-4.090989582	42.62773596	0.022391611	0.017578125	0.001663049	questionable fit (k < n0)	0.097575
3	Well 294	A2	7072022	40	WT (Kan plasmid)	2	0% arabinose	10	0.0001875	0.00291343	0.016260474	-4.090989582	42.62773596	0.022391611	0.017578125	0.001663049	questionable fit (k < n0)	0.097975
3.25	Well 294	A2	7072022	40	WT (Kan plasmid)	2	0% arabinose	10	0.0001875	0.00291343	0.016260474	-4.090989582	42.62773596	0.022391611	0.017578125	0.001663049	questionable fit (k < n0)	0.09805
3.5	Well 294	A2	7072022	40	WT (Kan plasmid)	2	0% arabinose	10	0.0001875	0.00291343	0.016260474	-4.090989582	42.62773596	0.022391611	0.017578125	0.001663049	questionable fit (k < n0)	0.098
3.75	Well 294	A2	7072022	40	WT (Kan plasmid)	2	0% arabinose	10	0.0001875	0.00291343	0.016260474	-4.090989582	42.62773596	0.022391611	0.017578125	0.001663049	questionable fit (k < n0)	0.096675
4	Well 294	A2	7072022	40	WT (Kan plasmid)	2	0% arabinose	10	0.0001875	0.00291343	0.016260474	-4.090989582	42.62773596	0.022391611	0.017578125	0.001663049	questionable fit (k < n0)	0.0951
4.25	Well 294	A2	7072022	40	WT (Kan plasmid)	2	0% arabinose	10	0.0001875	0.00291343	0.016260474	-4.090989582	42.62773596	0.022391611	0.017578125	0.001663049	questionable fit (k < n0)	0.0936
4.5	Well 294	A2	7072022	40	WT (Kan plasmid)	2	0% arabinose	10	0.0001875	0.00291343	0.016260474	-4.090989582	42.62773596	0.022391611	0.017578125	0.001663049	questionable fit (k < n0)	0.0927
4.75	Well 294	A2	7072022	40	WT (Kan plasmid)	2	0% arabinose	10	0.0001875	0.00291343	0.016260474	-4.090989582	42.62773596	0.022391611	0.017578125	0.001663049	questionable fit (k < n0)	0.092325
5	Well 294	A2	7072022	40	WT (Kan plasmid)	2	0% arabinose	10	0.0001875	0.00291343	0.016260474	-4.090989582	42.62773596	0.022391611	0.017578125	0.001663049	questionable fit (k < n0)	0.092225
5.25	Well 294	A2	7072022	40	WT (Kan plasmid)	2	0% arabinose	10	0.0001875	0.00291343	0.016260474	-4.090989582	42.62773596	0.022391611	0.017578125	0.001663049	questionable fit (k < n0)	0.092
5.5	Well 294	A2	7072022	40	WT (Kan plasmid)	2	0% arabinose	10	0.0001875	0.00291343	0.016260474	-4.090989582	42.62773596	0.022391611	0.017578125	0.001663049	questionable fit (k < n0)	0.091875
5.75	Well 294	A2	7072022	40	WT (Kan plasmid)	2	0% arabinose	10	0.0001875	0.00291343	0.016260474	-4.090989582	42.62773596	0.022391611	0.017578125	0.001663049	questionable fit (k < n0)	0.09185
6	Well 294	A2	7072022	40	WT (Kan plasmid)	2	0% arabinose	10	0.0001875	0.00291343	0.016260474	-4.090989582	42.62773596	0.022391611	0.017578125	0.001663049	questionable fit (k < n0)	0.09185
6.25	Well 294	A2	7072022	40	WT (Kan plasmid)	2	0% arabinose	10	0.0001875	0.00291343	0.016260474	-4.090989582	42.62773596	0.022391611	0.017578125	0.001663049	questionable fit (k < n0)	0.09175
6.5	Well 294	A2	7072022	40	WT (Kan plasmid)	2	0% arabinose	10	0.0001875	0.00291343	0.016260474	-4.090989582	42.62773596	0.022391611	0.017578125	0.001663049	questionable fit (k < n0)	0.0918
6.75	Well 294	A2	7072022	40	WT (Kan plasmid)	2	0% arabinose	10	0.0001875	0.00291343	0.016260474	-4.090989582	42.62773596	0.022391611	0.017578125	0.001663049	questionable fit (k < n0)	0.0917
7	Well 294	A2	7072022	40	WT (Kan plasmid)	2	0% arabinose	10	0.0001875	0.00291343	0.016260474	-4.090989582	42.62773596	0.022391611	0.017578125	0.001663049	questionable fit (k < n0)	0.091725
7.25	Well 294	A2	7072022	40	WT (Kan plasmid)	2	0% arabinose	10	0.0001875	0.00291343	0.016260474	-4.090989582	42.62773596	0.022391611	0.017578125	0.001663049	questionable fit (k < n0)	0.0918
7.5	Well 294	A2	7072022	40	WT (Kan plasmid)	2	0% arabinose	10	0.0001875	0.00291343	0.016260474	-4.090989582	42.62773596	0.022391611	0.017578125	0.001663049	questionable fit (k < n0)	0.0917
7.75	Well 294	A2	7072022	40	WT (Kan plasmid)	2	0% arabinose	10	0.0001875	0.00291343	0.016260474	-4.090989582	42.62773596	0.022391611	0.017578125	0.001663049	questionable fit (k < n0)	0.091925
8	Well 294	A2	7072022	40	WT (Kan plasmid)	2	0% arabinose	10	0.0001875	0.00291343	0.016260474	-4.090989582	42.62773596	0.022391611	0.017578125	0.001663049	questionable fit (k < n0)	0.09185
8.25	Well 294	A2	7072022	40	WT (Kan plasmid)	2	0% arabinose	10	0.0001875	0.00291343	0.016260474	-4.090989582	42.62773596	0.022391611	0.017578125	0.001663049	questionable fit (k < n0)	0.091825
8.5	Well 294	A2	7072022	40	WT (Kan plasmid)	2	0% arabinose	10	0.0001875	0.00291343	0.016260474	-4.090989582	42.62773596	0.022391611	0.017578125	0.001663049	questionable fit (k < n0)	0.09185
8.75	Well 294	A2	7072022	40	WT (Kan plasmid)	2	0% arabinose	10	0.0001875	0.00291343	0.016260474	-4.090989582	42.62773596	0.022391611	0.017578125	0.001663049	questionable fit (k < n0)	0.091775
9	Well 294	A2	7072022	40	WT (Kan plasmid)	2	0% arabinose	10	0.0001875	0.00291343	0.016260474	-4.090989582	42.62773596	0.022391611	0.017578125	0.001663049	questionable fit (k < n0)	0.0918
9.25	Well 294	A2	7072022	40	WT (Kan plasmid)	2	0% arabinose	10	0.0001875	0.00291343	0.016260474	-4.090989582	42.62773596	0.022391611	0.017578125	0.001663049	questionable fit (k < n0)	0.09185
9.5	Well 294	A2	7072022	40	WT (Kan plasmid)	2	0% arabinose	10	0.0001875	0.00291343	0.016260474	-4.090989582	42.62773596	0.022391611	0.017578125	0.001663049	questionable fit (k < n0)	0.091875
9.75	Well 294	A2	7072022	40	WT (Kan plasmid)	2	0% arabinose	10	0.0001875	0.00291343	0.016260474	-4.090989582	42.62773596	0.022391611	0.017578125	0.001663049	questionable fit (k < n0)	0.092075
10	Well 294	A2	7072022	40	WT (Kan plasmid)	2	0% arabinose	10	0.0001875	0.00291343	0.016260474	-4.090989582	42.62773596	0.022391611	0.017578125	0.001663049	questionable fit (k < n0)	0.09185
10.25	Well 294	A2	7072022	40	WT (Kan plasmid)	2	0% arabinose	10	0.0001875	0.00291343	0.016260474	-4.090989582	42.62773596	0.022391611	0.017578125	0.001663049	questionable fit (k < n0)	0.09205
10.5	Well 294	A2	7072022	40	WT (Kan plasmid)	2	0% arabinose	10	0.0001875	0.00291343	0.016260474	-4.090989582	42.62773596	0.022391611	0.017578125	0.001663049	questionable fit (k < n0)	0.0919
10.75	Well 294	A2	7072022	40	WT (Kan plasmid)	2	0% arabinose	10	0.0001875	0.00291343	0.016260474	-4.090989582	42.62773596	0.022391611	0.017578125	0.001663049	questionable fit (k < n0)	0.0919
11	Well 294	A2	7072022	40	WT (Kan plasmid)	2	0% arabinose	10	0.0001875	0.00291343	0.016260474	-4.090989582	42.62773596	0.022391611	0.017578125	0.001663049	questionable fit (k < n0)	0.091875
11.25	Well 294	A2	7072022	40	WT (Kan plasmid)	2	0% arabinose	10	0.0001875	0.00291343	0.016260474	-4.090989582	42.62773596	0.022391611	0.017578125	0.001663049	questionable fit (k < n0)	0.091875
11.5	Well 294	A2	7072022	40	WT (Kan plasmid)	2	0% arabinose	10	0.0001875	0.00291343	0.016260474	-4.090989582	42.62773596	0.022391611	0.017578125	0.001663049	questionable fit (k < n0)	0.091875
11.75	Well 294	A2	7072022	40	WT (Kan plasmid)	2	0% arabinose	10	0.0001875	0.00291343	0.016260474	-4.090989582	42.62773596	0.022391611	0.017578125	0.001663049	questionable fit (k < n0)	0.09185
12	Well 294	A2	7072022	40	WT (Kan plasmid)	2	0% arabinose	10	0.0001875	0.00291343	0.016260474	-4.090989582	42.62773596	0.022391611	0.017578125	0.001663049	questionable fit (k < n0)	0.092
12.25	Well 294	A2	7072022	40	WT (Kan plasmid)	2	0% arabinose	10	0.0001875	0.00291343	0.016260474	-4.090989582	42.62773596	0.022391611	0.017578125	0.001663049	questionable fit (k < n0)	0.0919
12.5	Well 294	A2	7072022	40	WT (Kan plasmid)	2	0% arabinose	10	0.0001875	0.00291343	0.016260474	-4.090989582	42.62773596	0.022391611	0.017578125	0.001663049	questionable fit (k < n0)	0.09185
12.75	Well 294	A2	7072022	40	WT (Kan plasmid)	2	0% arabinose	10	0.0001875	0.00291343	0.016260474	-4.090989582	42.62773596	0.022391611	0.017578125	0.001663049	questionable fit (k < n0)	0.0918
13	Well 294	A2	7072022	40	WT (Kan plasmid)	2	0% arabinose	10	0.0001875	0.00291343	0.016260474	-4.090989582	42.62773596	0.022391611	0.017578125	0.001663049	questionable fit (k < n0)	0.091825
13.25	Well 294	A2	7072022	40	WT (Kan plasmid)	2	0% arabinose	10	0.0001875	0.00291343	0.016260474	-4.090989582	42.62773596	0.022391611	0.017578125	0.001663049	questionable fit (k < n0)	0.09185
13.5	Well 294	A2	7072022	40	WT (Kan plasmid)	2	0% arabinose	10	0.0001875	0.00291343	0.016260474	-4.090989582	42.62773596	0.022391611	0.017578125	0.001663049	questionable fit (k < n0)	0.091925
13.75	Well 294	A2	7072022	40	WT (Kan plasmid)	2	0% arabinose	10	0.0001875	0.00291343	0.016260474	-4.090989582	42.62773596	0.022391611	0.017578125	0.001663049	questionable fit (k < n0)	0.0919
14	Well 294	A2	7072022	40	WT (Kan plasmid)	2	0% arabinose	10	0.0001875	0.00291343	0.016260474	-4.090989582	42.62773596	0.022391611	0.017578125	0.001663049	questionable fit (k < n0)	0.091975
14.25	Well 294	A2	7072022	40	WT (Kan plasmid)	2	0% arabinose	10	0.0001875	0.00291343	0.016260474	-4.090989582	42.62773596	0.022391611	0.017578125	0.001663049	questionable fit (k < n0)	0.09195
14.5	Well 294	A2	7072022	40	WT (Kan plasmid)	2	0% arabinose	10	0.0001875	0.00291343	0.016260474	-4.090989582	42.62773596	0.022391611	0.017578125	0.001663049	questionable fit (k < n0)	0.0918
14.75	Well 294	A2	7072022	40	WT (Kan plasmid)	2	0% arabinose	10	0.0001875	0.00291343	0.016260474	-4.090989582	42.62773596	0.022391611	0.017578125	0.001663049	questionable fit (k < n0)	0.09175
15	Well 294	A2	7072022	40	WT (Kan plasmid)	2	0% arabinose	10	0.0001875	0.00291343	0.016260474	-4.090989582	42.62773596	0.022391611	0.017578125	0.001663049	questionable fit (k < n0)	0.09175
15.25	Well 294	A2	7072022	40	WT (Kan plasmid)	2	0% arabinose	10	0.0001875	0.00291343	0.016260474	-4.090989582	42.62773596	0.022391611	0.017578125	0.001663049	questionable fit (k < n0)	0.0918
15.5	Well 294	A2	7072022	40	WT (Kan plasmid)	2	0% arabinose	10	0.0001875	0.00291343	0.016260474	-4.090989582	42.62773596	0.022391611	0.017578125	0.001663049	questionable fit (k < n0)	0.091725
15.75	Well 294	A2	7072022	40	WT (Kan plasmid)	2	0% arabinose	10	0.0001875	0.00291343	0.016260474	-4.090989582	42.62773596	0.022391611	0.017578125	0.001663049	questionable fit (k < n0)	0.0918
16	Well 294	A2	7072022	40	WT (Kan plasmid)	2	0% arabinose	10	0.0001875	0.00291343	0.016260474	-4.090989582	42.62773596	0.022391611	0.017578125	0.001663049	questionable fit (k < n0)	0.09185
16.25	Well 294	A2	7072022	40	WT (Kan plasmid)	2	0% arabinose	10	0.0001875	0.00291343	0.016260474	-4.090989582	42.62773596	0.022391611	0.017578125	0.001663049	questionable fit (k < n0)	0.091775
0	Well 295	A3	7072022	40	WT (Kan plasmid)	3	0% arabinose	10	0.000225	0.003411219	0.01033802	-6.600369733	67.04835058	0.032649413	0.0192325	0.001822559	questionable fit (k < n0)	0.094225
0.25	Well 295	A3	7072022	40	WT (Kan plasmid)	3	0% arabinose	10	0.000225	0.003411219	0.01033802	-6.600369733	67.04835058	0.032649413	0.0192325	0.001822559	questionable fit (k < n0)	0.094225
0.5	Well 295	A3	7072022	40	WT (Kan plasmid)	3	0% arabinose	10	0.000225	0.003411219	0.01033802	-6.600369733	67.04835058	0.032649413	0.0192325	0.001822559	questionable fit (k < n0)	0.0944
0.75	Well 295	A3	7072022	40	WT (Kan plasmid)	3	0% arabinose	10	0.000225	0.003411219	0.01033802	-6.600369733	67.04835058	0.032649413	0.0192325	0.001822559	questionable fit (k < n0)	0.09495
1	Well 295	A3	7072022	40	WT (Kan plasmid)	3	0% arabinose	10	0.000225	0.003411219	0.01033802	-6.600369733	67.04835058	0.032649413	0.0192325	0.001822559	questionable fit (k < n0)	0.09515
1.25	Well 295	A3	7072022	40	WT (Kan plasmid)	3	0% arabinose	10	0.000225	0.003411219	0.01033802	-6.600369733	67.04835058	0.032649413	0.0192325	0.001822559	questionable fit (k < n0)	0.095625
1.5	Well 295	A3	7072022	40	WT (Kan plasmid)	3	0% arabinose	10	0.000225	0.003411219	0.01033802	-6.600369733	67.04835058	0.032649413	0.0192325	0.001822559	questionable fit (k < n0)	0.0965
1.75	Well 295	A3	7072022	40	WT (Kan plasmid)	3	0% arabinose	10	0.000225	0.003411219	0.01033802	-6.600369733	67.04835058	0.032649413	0.0192325	0.001822559	questionable fit (k < n0)	0.09715
2	Well 295	A3	7072022	40	WT (Kan plasmid)	3	0% arabinose	10	0.000225	0.003411219	0.01033802	-6.600369733	67.04835058	0.032649413	0.0192325	0.001822559	questionable fit (k < n0)	0.097975
2.25	Well 295	A3	7072022	40	WT (Kan plasmid)	3	0% arabinose	10	0.000225	0.003411219	0.01033802	-6.600369733	67.04835058	0.032649413	0.0192325	0.001822559	questionable fit (k < n0)	0.09875
2.5	Well 295	A3	7072022	40	WT (Kan plasmid)	3	0% arabinose	10	0.000225	0.003411219	0.01033802	-6.600369733	67.04835058	0.032649413	0.0192325	0.001822559	questionable fit (k < n0)	0.099175
2.75	Well 295	A3	7072022	40	WT (Kan plasmid)	3	0% arabinose	10	0.000225	0.003411219	0.01033802	-6.600369733	67.04835058	0.032649413	0.0192325	0.001822559	questionable fit (k < n0)	0.099875
3	Well 295	A3	7072022	40	WT (Kan plasmid)	3	0% arabinose	10	0.000225	0.003411219	0.01033802	-6.600369733	67.04835058	0.032649413	0.0192325	0.001822559	questionable fit (k < n0)	0.10018
3.25	Well 295	A3	7072022	40	WT (Kan plasmid)	3	0% arabinose	10	0.000225	0.003411219	0.01033802	-6.600369733	67.04835058	0.032649413	0.0192325	0.001822559	questionable fit (k < n0)	0.1002
3.5	Well 295	A3	7072022	40	WT (Kan plasmid)	3	0% arabinose	10	0.000225	0.003411219	0.01033802	-6.600369733	67.04835058	0.032649413	0.0192325	0.001822559	questionable fit (k < n0)	0.09975
3.75	Well 295	A3	7072022	40	WT (Kan plasmid)	3	0% arabinose	10	0.000225	0.003411219	0.01033802	-6.600369733	67.04835058	0.032649413	0.0192325	0.001822559	questionable fit (k < n0)	0.098175
4	Well 295	A3	7072022	40	WT (Kan plasmid)	3	0% arabinose	10	0.000225	0.003411219	0.01033802	-6.600369733	67.04835058	0.032649413	0.0192325	0.001822559	questionable fit (k < n0)	0.096425
4.25	Well 295	A3	7072022	40	WT (Kan plasmid)	3	0% arabinose	10	0.000225	0.003411219	0.01033802	-6.600369733	67.04835058	0.032649413	0.0192325	0.001822559	questionable fit (k < n0)	0.095075
4.5	Well 295	A3	7072022	40	WT (Kan plasmid)	3	0% arabinose	10	0.000225	0.003411219	0.01033802	-6.600369733	67.04835058	0.032649413	0.0192325	0.001822559	questionable fit (k < n0)	0.094375
4.75	Well 295	A3	7072022	40	WT (Kan plasmid)	3	0% arabinose	10	0.000225	0.003411219	0.01033802	-6.600369733	67.04835058	0.032649413	0.0192325	0.001822559	questionable fit (k < n0)	0.094
5	Well 295	A3	7072022	40	WT (Kan plasmid)	3	0% arabinose	10	0.000225	0.003411219	0.01033802	-6.600369733	67.04835058	0.032649413	0.0192325	0.001822559	questionable fit (k < n0)	0.0937
5.25	Well 295	A3	7072022	40	WT (Kan plasmid)	3	0% arabinose	10	0.000225	0.003411219	0.01033802	-6.600369733	67.04835058	0.032649413	0.0192325	0.001822559	questionable fit (k < n0)	0.0934
5.5	Well 295	A3	7072022	40	WT (Kan plasmid)	3	0% arabinose	10	0.000225	0.003411219	0.01033802	-6.600369733	67.04835058	0.032649413	0.0192325	0.001822559	questionable fit (k < n0)	0.09345
5.75	Well 295	A3	7072022	40	WT (Kan plasmid)	3	0% arabinose	10	0.000225	0.003411219	0.01033802	-6.600369733	67.04835058	0.032649413	0.0192325	0.001822559	questionable fit (k < n0)	0.09345
6	Well 295	A3	7072022	40	WT (Kan plasmid)	3	0% arabinose	10	0.000225	0.003411219	0.01033802	-6.600369733	67.04835058	0.032649413	0.0192325	0.001822559	questionable fit (k < n0)	0.093525
6.25	Well 295	A3	7072022	40	WT (Kan plasmid)	3	0% arabinose	10	0.000225	0.003411219	0.01033802	-6.600369733	67.04835058	0.032649413	0.0192325	0.001822559	questionable fit (k < n0)	0.093425
6.5	Well 295	A3	7072022	40	WT (Kan plasmid)	3	0% arabinose	10	0.000225	0.003411219	0.01033802	-6.600369733	67.04835058	0.032649413	0.0192325	0.001822559	questionable fit (k < n0)	0.09335
6.75	Well 295	A3	7072022	40	WT (Kan plasmid)	3	0% arabinose	10	0.000225	0.003411219	0.01033802	-6.600369733	67.04835058	0.032649413	0.0192325	0.001822559	questionable fit (k < n0)	0.0935
7	Well 295	A3	7072022	40	WT (Kan plasmid)	3	0% arabinose	10	0.000225	0.003411219	0.01033802	-6.600369733	67.04835058	0.032649413	0.0192325	0.001822559	questionable fit (k < n0)	0.093325
7.25	Well 295	A3	7072022	40	WT (Kan plasmid)	3	0% arabinose	10	0.000225	0.003411219	0.01033802	-6.600369733	67.04835058	0.032649413	0.0192325	0.001822559	questionable fit (k < n0)	0.09355
7.5	Well 295	A3	7072022	40	WT (Kan plasmid)	3	0% arabinose	10	0.000225	0.003411219	0.01033802	-6.600369733	67.04835058	0.032649413	0.0192325	0.001822559	questionable fit (k < n0)	0.0934
7.75	Well 295	A3	7072022	40	WT (Kan plasmid)	3	0% arabinose	10	0.000225	0.003411219	0.01033802	-6.600369733	67.04835058	0.032649413	0.0192325	0.001822559	questionable fit (k < n0)	0.09345
8	Well 295	A3	7072022	40	WT (Kan plasmid)	3	0% arabinose	10	0.000225	0.003411219	0.01033802	-6.600369733	67.04835058	0.032649413	0.0192325	0.001822559	questionable fit (k < n0)	0.093325
8.25	Well 295	A3	7072022	40	WT (Kan plasmid)	3	0% arabinose	10	0.000225	0.003411219	0.01033802	-6.600369733	67.04835058	0.032649413	0.0192325	0.001822559	questionable fit (k < n0)	0.0934
8.5	Well 295	A3	7072022	40	WT (Kan plasmid)	3	0% arabinose	10	0.000225	0.003411219	0.01033802	-6.600369733	67.04835058	0.032649413	0.0192325	0.001822559	questionable fit (k < n0)	0.09335
8.75	Well 295	A3	7072022	40	WT (Kan plasmid)	3	0% arabinose	10	0.000225	0.003411219	0.01033802	-6.600369733	67.04835058	0.032649413	0.0192325	0.001822559	questionable fit (k < n0)	0.09335
9	Well 295	A3	7072022	40	WT (Kan plasmid)	3	0% arabinose	10	0.000225	0.003411219	0.01033802	-6.600369733	67.04835058	0.032649413	0.0192325	0.001822559	questionable fit (k < n0)	0.093525
9.25	Well 295	A3	7072022	40	WT (Kan plasmid)	3	0% arabinose	10	0.000225	0.003411219	0.01033802	-6.600369733	67.04835058	0.032649413	0.0192325	0.001822559	questionable fit (k < n0)	0.093375
9.5	Well 295	A3	7072022	40	WT (Kan plasmid)	3	0% arabinose	10	0.000225	0.003411219	0.01033802	-6.600369733	67.04835058	0.032649413	0.0192325	0.001822559	questionable fit (k < n0)	0.09355
9.75	Well 295	A3	7072022	40	WT (Kan plasmid)	3	0% arabinose	10	0.000225	0.003411219	0.01033802	-6.600369733	67.04835058	0.032649413	0.0192325	0.001822559	questionable fit (k < n0)	0.0936
10	Well 295	A3	7072022	40	WT (Kan plasmid)	3	0% arabinose	10	0.000225	0.003411219	0.01033802	-6.600369733	67.04835058	0.032649413	0.0192325	0.001822559	questionable fit (k < n0)	0.093575
10.25	Well 295	A3	7072022	40	WT (Kan plasmid)	3	0% arabinose	10	0.000225	0.003411219	0.01033802	-6.600369733	67.04835058	0.032649413	0.0192325	0.001822559	questionable fit (k < n0)	0.0936
10.5	Well 295	A3	7072022	40	WT (Kan plasmid)	3	0% arabinose	10	0.000225	0.003411219	0.01033802	-6.600369733	67.04835058	0.032649413	0.0192325	0.001822559	questionable fit (k < n0)	0.093525
10.75	Well 295	A3	7072022	40	WT (Kan plasmid)	3	0% arabinose	10	0.000225	0.003411219	0.01033802	-6.600369733	67.04835058	0.032649413	0.0192325	0.001822559	questionable fit (k < n0)	0.093575
11	Well 295	A3	7072022	40	WT (Kan plasmid)	3	0% arabinose	10	0.000225	0.003411219	0.01033802	-6.600369733	67.04835058	0.032649413	0.0192325	0.001822559	questionable fit (k < n0)	0.093625
11.25	Well 295	A3	7072022	40	WT (Kan plasmid)	3	0% arabinose	10	0.000225	0.003411219	0.01033802	-6.600369733	67.04835058	0.032649413	0.0192325	0.001822559	questionable fit (k < n0)	0.0935
11.5	Well 295	A3	7072022	40	WT (Kan plasmid)	3	0% arabinose	10	0.000225	0.003411219	0.01033802	-6.600369733	67.04835058	0.032649413	0.0192325	0.001822559	questionable fit (k < n0)	0.0935
11.75	Well 295	A3	7072022	40	WT (Kan plasmid)	3	0% arabinose	10	0.000225	0.003411219	0.01033802	-6.600369733	67.04835058	0.032649413	0.0192325	0.001822559	questionable fit (k < n0)	0.0934
12	Well 295	A3	7072022	40	WT (Kan plasmid)	3	0% arabinose	10	0.000225	0.003411219	0.01033802	-6.600369733	67.04835058	0.032649413	0.0192325	0.001822559	questionable fit (k < n0)	0.0934
12.25	Well 295	A3	7072022	40	WT (Kan plasmid)	3	0% arabinose	10	0.000225	0.003411219	0.01033802	-6.600369733	67.04835058	0.032649413	0.0192325	0.001822559	questionable fit (k < n0)	0.0936
12.5	Well 295	A3	7072022	40	WT (Kan plasmid)	3	0% arabinose	10	0.000225	0.003411219	0.01033802	-6.600369733	67.04835058	0.032649413	0.0192325	0.001822559	questionable fit (k < n0)	0.09365
12.75	Well 295	A3	7072022	40	WT (Kan plasmid)	3	0% arabinose	10	0.000225	0.003411219	0.01033802	-6.600369733	67.04835058	0.032649413	0.0192325	0.001822559	questionable fit (k < n0)	0.093475
13	Well 295	A3	7072022	40	WT (Kan plasmid)	3	0% arabinose	10	0.000225	0.003411219	0.01033802	-6.600369733	67.04835058	0.032649413	0.0192325	0.001822559	questionable fit (k < n0)	0.0934
13.25	Well 295	A3	7072022	40	WT (Kan plasmid)	3	0% arabinose	10	0.000225	0.003411219	0.01033802	-6.600369733	67.04835058	0.032649413	0.0192325	0.001822559	questionable fit (k < n0)	0.0935
13.5	Well 295	A3	7072022	40	WT (Kan plasmid)	3	0% arabinose	10	0.000225	0.003411219	0.01033802	-6.600369733	67.04835058	0.032649413	0.0192325	0.001822559	questionable fit (k < n0)	0.0933
13.75	Well 295	A3	7072022	40	WT (Kan plasmid)	3	0% arabinose	10	0.000225	0.003411219	0.01033802	-6.600369733	67.04835058	0.032649413	0.0192325	0.001822559	questionable fit (k < n0)	0.093325
14	Well 295	A3	7072022	40	WT (Kan plasmid)	3	0% arabinose	10	0.000225	0.003411219	0.01033802	-6.600369733	67.04835058	0.032649413	0.0192325	0.001822559	questionable fit (k < n0)	0.09355
14.25	Well 295	A3	7072022	40	WT (Kan plasmid)	3	0% arabinose	10	0.000225	0.003411219	0.01033802	-6.600369733	67.04835058	0.032649413	0.0192325	0.001822559	questionable fit (k < n0)	0.093475
14.5	Well 295	A3	7072022	40	WT (Kan plasmid)	3	0% arabinose	10	0.000225	0.003411219	0.01033802	-6.600369733	67.04835058	0.032649413	0.0192325	0.001822559	questionable fit (k < n0)	0.0934
14.75	Well 295	A3	7072022	40	WT (Kan plasmid)	3	0% arabinose	10	0.000225	0.003411219	0.01033802	-6.600369733	67.04835058	0.032649413	0.0192325	0.001822559	questionable fit (k < n0)	0.09335
15	Well 295	A3	7072022	40	WT (Kan plasmid)	3	0% arabinose	10	0.000225	0.003411219	0.01033802	-6.600369733	67.04835058	0.032649413	0.0192325	0.001822559	questionable fit (k < n0)	0.09335
15.25	Well 295	A3	7072022	40	WT (Kan plasmid)	3	0% arabinose	10	0.000225	0.003411219	0.01033802	-6.600369733	67.04835058	0.032649413	0.0192325	0.001822559	questionable fit (k < n0)	0.09335
15.5	Well 295	A3	7072022	40	WT (Kan plasmid)	3	0% arabinose	10	0.000225	0.003411219	0.01033802	-6.600369733	67.04835058	0.032649413	0.0192325	0.001822559	questionable fit (k < n0)	0.093325
15.75	Well 295	A3	7072022	40	WT (Kan plasmid)	3	0% arabinose	10	0.000225	0.003411219	0.01033802	-6.600369733	67.04835058	0.032649413	0.0192325	0.001822559	questionable fit (k < n0)	0.0934
16	Well 295	A3	7072022	40	WT (Kan plasmid)	3	0% arabinose	10	0.000225	0.003411219	0.01033802	-6.600369733	67.04835058	0.032649413	0.0192325	0.001822559	questionable fit (k < n0)	0.0935
16.25	Well 295	A3	7072022	40	WT (Kan plasmid)	3	0% arabinose	10	0.000225	0.003411219	0.01033802	-6.600369733	67.04835058	0.032649413	0.0192325	0.001822559	questionable fit (k < n0)	0.093425
0	Well 305	B1	7072022	40	WT (Kan plasmid)	1	0.01% arabinose	10	0.928117064	0.000775425	1.324675289	5.349738638	0.52325818	13.59657195	10.18298813	0.021054874	NA	0.092825
0.25	Well 305	B1	7072022	40	WT (Kan plasmid)	1	0.01% arabinose	10	0.928117064	0.000775425	1.324675289	5.349738638	0.52325818	13.59657195	10.18298813	0.021054874	NA	0.0931
0.5	Well 305	B1	7072022	40	WT (Kan plasmid)	1	0.01% arabinose	10	0.928117064	0.000775425	1.324675289	5.349738638	0.52325818	13.59657195	10.18298813	0.021054874	NA	0.0942
0.75	Well 305	B1	7072022	40	WT (Kan plasmid)	1	0.01% arabinose	10	0.928117064	0.000775425	1.324675289	5.349738638	0.52325818	13.59657195	10.18298813	0.021054874	NA	0.095825
1	Well 305	B1	7072022	40	WT (Kan plasmid)	1	0.01% arabinose	10	0.928117064	0.000775425	1.324675289	5.349738638	0.52325818	13.59657195	10.18298813	0.021054874	NA	0.098825
1.25	Well 305	B1	7072022	40	WT (Kan plasmid)	1	0.01% arabinose	10	0.928117064	0.000775425	1.324675289	5.349738638	0.52325818	13.59657195	10.18298813	0.021054874	NA	0.10367
1.5	Well 305	B1	7072022	40	WT (Kan plasmid)	1	0.01% arabinose	10	0.928117064	0.000775425	1.324675289	5.349738638	0.52325818	13.59657195	10.18298813	0.021054874	NA	0.11003
1.75	Well 305	B1	7072022	40	WT (Kan plasmid)	1	0.01% arabinose	10	0.928117064	0.000775425	1.324675289	5.349738638	0.52325818	13.59657195	10.18298813	0.021054874	NA	0.11853
2	Well 305	B1	7072022	40	WT (Kan plasmid)	1	0.01% arabinose	10	0.928117064	0.000775425	1.324675289	5.349738638	0.52325818	13.59657195	10.18298813	0.021054874	NA	0.1288
2.25	Well 305	B1	7072022	40	WT (Kan plasmid)	1	0.01% arabinose	10	0.928117064	0.000775425	1.324675289	5.349738638	0.52325818	13.59657195	10.18298813	0.021054874	NA	0.1395
2.5	Well 305	B1	7072022	40	WT (Kan plasmid)	1	0.01% arabinose	10	0.928117064	0.000775425	1.324675289	5.349738638	0.52325818	13.59657195	10.18298813	0.021054874	NA	0.15105
2.75	Well 305	B1	7072022	40	WT (Kan plasmid)	1	0.01% arabinose	10	0.928117064	0.000775425	1.324675289	5.349738638	0.52325818	13.59657195	10.18298813	0.021054874	NA	0.16297
3	Well 305	B1	7072022	40	WT (Kan plasmid)	1	0.01% arabinose	10	0.928117064	0.000775425	1.324675289	5.349738638	0.52325818	13.59657195	10.18298813	0.021054874	NA	0.17638
3.25	Well 305	B1	7072022	40	WT (Kan plasmid)	1	0.01% arabinose	10	0.928117064	0.000775425	1.324675289	5.349738638	0.52325818	13.59657195	10.18298813	0.021054874	NA	0.1902
3.5	Well 305	B1	7072022	40	WT (Kan plasmid)	1	0.01% arabinose	10	0.928117064	0.000775425	1.324675289	5.349738638	0.52325818	13.59657195	10.18298813	0.021054874	NA	0.20672
3.75	Well 305	B1	7072022	40	WT (Kan plasmid)	1	0.01% arabinose	10	0.928117064	0.000775425	1.324675289	5.349738638	0.52325818	13.59657195	10.18298813	0.021054874	NA	0.22462
4	Well 305	B1	7072022	40	WT (Kan plasmid)	1	0.01% arabinose	10	0.928117064	0.000775425	1.324675289	5.349738638	0.52325818	13.59657195	10.18298813	0.021054874	NA	0.22148
4.25	Well 305	B1	7072022	40	WT (Kan plasmid)	1	0.01% arabinose	10	0.928117064	0.000775425	1.324675289	5.349738638	0.52325818	13.59657195	10.18298813	0.021054874	NA	0.24837
4.5	Well 305	B1	7072022	40	WT (Kan plasmid)	1	0.01% arabinose	10	0.928117064	0.000775425	1.324675289	5.349738638	0.52325818	13.59657195	10.18298813	0.021054874	NA	0.2969
4.75	Well 305	B1	7072022	40	WT (Kan plasmid)	1	0.01% arabinose	10	0.928117064	0.000775425	1.324675289	5.349738638	0.52325818	13.59657195	10.18298813	0.021054874	NA	0.35688
5	Well 305	B1	7072022	40	WT (Kan plasmid)	1	0.01% arabinose	10	0.928117064	0.000775425	1.324675289	5.349738638	0.52325818	13.59657195	10.18298813	0.021054874	NA	0.4272
5.25	Well 305	B1	7072022	40	WT (Kan plasmid)	1	0.01% arabinose	10	0.928117064	0.000775425	1.324675289	5.349738638	0.52325818	13.59657195	10.18298813	0.021054874	NA	0.51143
5.5	Well 305	B1	7072022	40	WT (Kan plasmid)	1	0.01% arabinose	10	0.928117064	0.000775425	1.324675289	5.349738638	0.52325818	13.59657195	10.18298813	0.021054874	NA	0.58737
5.75	Well 305	B1	7072022	40	WT (Kan plasmid)	1	0.01% arabinose	10	0.928117064	0.000775425	1.324675289	5.349738638	0.52325818	13.59657195	10.18298813	0.021054874	NA	0.6681
6	Well 305	B1	7072022	40	WT (Kan plasmid)	1	0.01% arabinose	10	0.928117064	0.000775425	1.324675289	5.349738638	0.52325818	13.59657195	10.18298813	0.021054874	NA	0.76938
6.25	Well 305	B1	7072022	40	WT (Kan plasmid)	1	0.01% arabinose	10	0.928117064	0.000775425	1.324675289	5.349738638	0.52325818	13.59657195	10.18298813	0.021054874	NA	0.8346
6.5	Well 305	B1	7072022	40	WT (Kan plasmid)	1	0.01% arabinose	10	0.928117064	0.000775425	1.324675289	5.349738638	0.52325818	13.59657195	10.18298813	0.021054874	NA	0.87702
6.75	Well 305	B1	7072022	40	WT (Kan plasmid)	1	0.01% arabinose	10	0.928117064	0.000775425	1.324675289	5.349738638	0.52325818	13.59657195	10.18298813	0.021054874	NA	0.90353
7	Well 305	B1	7072022	40	WT (Kan plasmid)	1	0.01% arabinose	10	0.928117064	0.000775425	1.324675289	5.349738638	0.52325818	13.59657195	10.18298813	0.021054874	NA	0.92655
7.25	Well 305	B1	7072022	40	WT (Kan plasmid)	1	0.01% arabinose	10	0.928117064	0.000775425	1.324675289	5.349738638	0.52325818	13.59657195	10.18298813	0.021054874	NA	0.94605
7.5	Well 305	B1	7072022	40	WT (Kan plasmid)	1	0.01% arabinose	10	0.928117064	0.000775425	1.324675289	5.349738638	0.52325818	13.59657195	10.18298813	0.021054874	NA	0.96382
7.75	Well 305	B1	7072022	40	WT (Kan plasmid)	1	0.01% arabinose	10	0.928117064	0.000775425	1.324675289	5.349738638	0.52325818	13.59657195	10.18298813	0.021054874	NA	0.98165
8	Well 305	B1	7072022	40	WT (Kan plasmid)	1	0.01% arabinose	10	0.928117064	0.000775425	1.324675289	5.349738638	0.52325818	13.59657195	10.18298813	0.021054874	NA	0.99908
8.25	Well 305	B1	7072022	40	WT (Kan plasmid)	1	0.01% arabinose	10	0.928117064	0.000775425	1.324675289	5.349738638	0.52325818	13.59657195	10.18298813	0.021054874	NA	1.0104
8.5	Well 305	B1	7072022	40	WT (Kan plasmid)	1	0.01% arabinose	10	0.928117064	0.000775425	1.324675289	5.349738638	0.52325818	13.59657195	10.18298813	0.021054874	NA	1.0236
8.75	Well 305	B1	7072022	40	WT (Kan plasmid)	1	0.01% arabinose	10	0.928117064	0.000775425	1.324675289	5.349738638	0.52325818	13.59657195	10.18298813	0.021054874	NA	1.0392
9	Well 305	B1	7072022	40	WT (Kan plasmid)	1	0.01% arabinose	10	0.928117064	0.000775425	1.324675289	5.349738638	0.52325818	13.59657195	10.18298813	0.021054874	NA	1.0419
9.25	Well 305	B1	7072022	40	WT (Kan plasmid)	1	0.01% arabinose	10	0.928117064	0.000775425	1.324675289	5.349738638	0.52325818	13.59657195	10.18298813	0.021054874	NA	1.0419
9.5	Well 305	B1	7072022	40	WT (Kan plasmid)	1	0.01% arabinose	10	0.928117064	0.000775425	1.324675289	5.349738638	0.52325818	13.59657195	10.18298813	0.021054874	NA	1.0412
9.75	Well 305	B1	7072022	40	WT (Kan plasmid)	1	0.01% arabinose	10	0.928117064	0.000775425	1.324675289	5.349738638	0.52325818	13.59657195	10.18298813	0.021054874	NA	1.0414
10	Well 305	B1	7072022	40	WT (Kan plasmid)	1	0.01% arabinose	10	0.928117064	0.000775425	1.324675289	5.349738638	0.52325818	13.59657195	10.18298813	0.021054874	NA	1.0407
10.25	Well 305	B1	7072022	40	WT (Kan plasmid)	1	0.01% arabinose	10	0.928117064	0.000775425	1.324675289	5.349738638	0.52325818	13.59657195	10.18298813	0.021054874	NA	1.0397
10.5	Well 305	B1	7072022	40	WT (Kan plasmid)	1	0.01% arabinose	10	0.928117064	0.000775425	1.324675289	5.349738638	0.52325818	13.59657195	10.18298813	0.021054874	NA	1.0367
10.75	Well 305	B1	7072022	40	WT (Kan plasmid)	1	0.01% arabinose	10	0.928117064	0.000775425	1.324675289	5.349738638	0.52325818	13.59657195	10.18298813	0.021054874	NA	1.034
11	Well 305	B1	7072022	40	WT (Kan plasmid)	1	0.01% arabinose	10	0.928117064	0.000775425	1.324675289	5.349738638	0.52325818	13.59657195	10.18298813	0.021054874	NA	1.0311
11.25	Well 305	B1	7072022	40	WT (Kan plasmid)	1	0.01% arabinose	10	0.928117064	0.000775425	1.324675289	5.349738638	0.52325818	13.59657195	10.18298813	0.021054874	NA	1.0288
11.5	Well 305	B1	7072022	40	WT (Kan plasmid)	1	0.01% arabinose	10	0.928117064	0.000775425	1.324675289	5.349738638	0.52325818	13.59657195	10.18298813	0.021054874	NA	1.0268
11.75	Well 305	B1	7072022	40	WT (Kan plasmid)	1	0.01% arabinose	10	0.928117064	0.000775425	1.324675289	5.349738638	0.52325818	13.59657195	10.18298813	0.021054874	NA	1.0242
12	Well 305	B1	7072022	40	WT (Kan plasmid)	1	0.01% arabinose	10	0.928117064	0.000775425	1.324675289	5.349738638	0.52325818	13.59657195	10.18298813	0.021054874	NA	1.0219
12.25	Well 305	B1	7072022	40	WT (Kan plasmid)	1	0.01% arabinose	10	0.928117064	0.000775425	1.324675289	5.349738638	0.52325818	13.59657195	10.18298813	0.021054874	NA	1.02
12.5	Well 305	B1	7072022	40	WT (Kan plasmid)	1	0.01% arabinose	10	0.928117064	0.000775425	1.324675289	5.349738638	0.52325818	13.59657195	10.18298813	0.021054874	NA	1.0177
12.75	Well 305	B1	7072022	40	WT (Kan plasmid)	1	0.01% arabinose	10	0.928117064	0.000775425	1.324675289	5.349738638	0.52325818	13.59657195	10.18298813	0.021054874	NA	1.0155
13	Well 305	B1	7072022	40	WT (Kan plasmid)	1	0.01% arabinose	10	0.928117064	0.000775425	1.324675289	5.349738638	0.52325818	13.59657195	10.18298813	0.021054874	NA	1.0138
13.25	Well 305	B1	7072022	40	WT (Kan plasmid)	1	0.01% arabinose	10	0.928117064	0.000775425	1.324675289	5.349738638	0.52325818	13.59657195	10.18298813	0.021054874	NA	1.0127
13.5	Well 305	B1	7072022	40	WT (Kan plasmid)	1	0.01% arabinose	10	0.928117064	0.000775425	1.324675289	5.349738638	0.52325818	13.59657195	10.18298813	0.021054874	NA	1.0113
13.75	Well 305	B1	7072022	40	WT (Kan plasmid)	1	0.01% arabinose	10	0.928117064	0.000775425	1.324675289	5.349738638	0.52325818	13.59657195	10.18298813	0.021054874	NA	1.01
14	Well 305	B1	7072022	40	WT (Kan plasmid)	1	0.01% arabinose	10	0.928117064	0.000775425	1.324675289	5.349738638	0.52325818	13.59657195	10.18298813	0.021054874	NA	1.0065
14.25	Well 305	B1	7072022	40	WT (Kan plasmid)	1	0.01% arabinose	10	0.928117064	0.000775425	1.324675289	5.349738638	0.52325818	13.59657195	10.18298813	0.021054874	NA	1.0036
14.5	Well 305	B1	7072022	40	WT (Kan plasmid)	1	0.01% arabinose	10	0.928117064	0.000775425	1.324675289	5.349738638	0.52325818	13.59657195	10.18298813	0.021054874	NA	1.0012
14.75	Well 305	B1	7072022	40	WT (Kan plasmid)	1	0.01% arabinose	10	0.928117064	0.000775425	1.324675289	5.349738638	0.52325818	13.59657195	10.18298813	0.021054874	NA	0.99913
15	Well 305	B1	7072022	40	WT (Kan plasmid)	1	0.01% arabinose	10	0.928117064	0.000775425	1.324675289	5.349738638	0.52325818	13.59657195	10.18298813	0.021054874	NA	0.99748
15.25	Well 305	B1	7072022	40	WT (Kan plasmid)	1	0.01% arabinose	10	0.928117064	0.000775425	1.324675289	5.349738638	0.52325818	13.59657195	10.18298813	0.021054874	NA	0.99628
15.5	Well 305	B1	7072022	40	WT (Kan plasmid)	1	0.01% arabinose	10	0.928117064	0.000775425	1.324675289	5.349738638	0.52325818	13.59657195	10.18298813	0.021054874	NA	0.99533
15.75	Well 305	B1	7072022	40	WT (Kan plasmid)	1	0.01% arabinose	10	0.928117064	0.000775425	1.324675289	5.349738638	0.52325818	13.59657195	10.18298813	0.021054874	NA	0.99382
16	Well 305	B1	7072022	40	WT (Kan plasmid)	1	0.01% arabinose	10	0.928117064	0.000775425	1.324675289	5.349738638	0.52325818	13.59657195	10.18298813	0.021054874	NA	0.99217
16.25	Well 305	B1	7072022	40	WT (Kan plasmid)	1	0.01% arabinose	10	0.928117064	0.000775425	1.324675289	5.349738638	0.52325818	13.59657195	10.18298813	0.021054874	NA	0.99065
0	Well 306	B2	7072022	40	WT (Kan plasmid)	2	0.01% arabinose	10	1.014495352	0.001600793	1.215174703	5.307935133	0.570409488	14.90371316	11.1384525	0.016115861	NA	0.0933
0.25	Well 306	B2	7072022	40	WT (Kan plasmid)	2	0.01% arabinose	10	1.014495352	0.001600793	1.215174703	5.307935133	0.570409488	14.90371316	11.1384525	0.016115861	NA	0.09365
0.5	Well 306	B2	7072022	40	WT (Kan plasmid)	2	0.01% arabinose	10	1.014495352	0.001600793	1.215174703	5.307935133	0.570409488	14.90371316	11.1384525	0.016115861	NA	0.094525
0.75	Well 306	B2	7072022	40	WT (Kan plasmid)	2	0.01% arabinose	10	1.014495352	0.001600793	1.215174703	5.307935133	0.570409488	14.90371316	11.1384525	0.016115861	NA	0.0964
1	Well 306	B2	7072022	40	WT (Kan plasmid)	2	0.01% arabinose	10	1.014495352	0.001600793	1.215174703	5.307935133	0.570409488	14.90371316	11.1384525	0.016115861	NA	0.099725
1.25	Well 306	B2	7072022	40	WT (Kan plasmid)	2	0.01% arabinose	10	1.014495352	0.001600793	1.215174703	5.307935133	0.570409488	14.90371316	11.1384525	0.016115861	NA	0.10475
1.5	Well 306	B2	7072022	40	WT (Kan plasmid)	2	0.01% arabinose	10	1.014495352	0.001600793	1.215174703	5.307935133	0.570409488	14.90371316	11.1384525	0.016115861	NA	0.11203
1.75	Well 306	B2	7072022	40	WT (Kan plasmid)	2	0.01% arabinose	10	1.014495352	0.001600793	1.215174703	5.307935133	0.570409488	14.90371316	11.1384525	0.016115861	NA	0.12148
2	Well 306	B2	7072022	40	WT (Kan plasmid)	2	0.01% arabinose	10	1.014495352	0.001600793	1.215174703	5.307935133	0.570409488	14.90371316	11.1384525	0.016115861	NA	0.13287
2.25	Well 306	B2	7072022	40	WT (Kan plasmid)	2	0.01% arabinose	10	1.014495352	0.001600793	1.215174703	5.307935133	0.570409488	14.90371316	11.1384525	0.016115861	NA	0.14455
2.5	Well 306	B2	7072022	40	WT (Kan plasmid)	2	0.01% arabinose	10	1.014495352	0.001600793	1.215174703	5.307935133	0.570409488	14.90371316	11.1384525	0.016115861	NA	0.15732
2.75	Well 306	B2	7072022	40	WT (Kan plasmid)	2	0.01% arabinose	10	1.014495352	0.001600793	1.215174703	5.307935133	0.570409488	14.90371316	11.1384525	0.016115861	NA	0.17135
3	Well 306	B2	7072022	40	WT (Kan plasmid)	2	0.01% arabinose	10	1.014495352	0.001600793	1.215174703	5.307935133	0.570409488	14.90371316	11.1384525	0.016115861	NA	0.18607
3.25	Well 306	B2	7072022	40	WT (Kan plasmid)	2	0.01% arabinose	10	1.014495352	0.001600793	1.215174703	5.307935133	0.570409488	14.90371316	11.1384525	0.016115861	NA	0.2017
3.5	Well 306	B2	7072022	40	WT (Kan plasmid)	2	0.01% arabinose	10	1.014495352	0.001600793	1.215174703	5.307935133	0.570409488	14.90371316	11.1384525	0.016115861	NA	0.221
3.75	Well 306	B2	7072022	40	WT (Kan plasmid)	2	0.01% arabinose	10	1.014495352	0.001600793	1.215174703	5.307935133	0.570409488	14.90371316	11.1384525	0.016115861	NA	0.2217
4	Well 306	B2	7072022	40	WT (Kan plasmid)	2	0.01% arabinose	10	1.014495352	0.001600793	1.215174703	5.307935133	0.570409488	14.90371316	11.1384525	0.016115861	NA	0.23897
4.25	Well 306	B2	7072022	40	WT (Kan plasmid)	2	0.01% arabinose	10	1.014495352	0.001600793	1.215174703	5.307935133	0.570409488	14.90371316	11.1384525	0.016115861	NA	0.28213
4.5	Well 306	B2	7072022	40	WT (Kan plasmid)	2	0.01% arabinose	10	1.014495352	0.001600793	1.215174703	5.307935133	0.570409488	14.90371316	11.1384525	0.016115861	NA	0.34423
4.75	Well 306	B2	7072022	40	WT (Kan plasmid)	2	0.01% arabinose	10	1.014495352	0.001600793	1.215174703	5.307935133	0.570409488	14.90371316	11.1384525	0.016115861	NA	0.41447
5	Well 306	B2	7072022	40	WT (Kan plasmid)	2	0.01% arabinose	10	1.014495352	0.001600793	1.215174703	5.307935133	0.570409488	14.90371316	11.1384525	0.016115861	NA	0.49917
5.25	Well 306	B2	7072022	40	WT (Kan plasmid)	2	0.01% arabinose	10	1.014495352	0.001600793	1.215174703	5.307935133	0.570409488	14.90371316	11.1384525	0.016115861	NA	0.5824
5.5	Well 306	B2	7072022	40	WT (Kan plasmid)	2	0.01% arabinose	10	1.014495352	0.001600793	1.215174703	5.307935133	0.570409488	14.90371316	11.1384525	0.016115861	NA	0.66087
5.75	Well 306	B2	7072022	40	WT (Kan plasmid)	2	0.01% arabinose	10	1.014495352	0.001600793	1.215174703	5.307935133	0.570409488	14.90371316	11.1384525	0.016115861	NA	0.7431
6	Well 306	B2	7072022	40	WT (Kan plasmid)	2	0.01% arabinose	10	1.014495352	0.001600793	1.215174703	5.307935133	0.570409488	14.90371316	11.1384525	0.016115861	NA	0.83222
6.25	Well 306	B2	7072022	40	WT (Kan plasmid)	2	0.01% arabinose	10	1.014495352	0.001600793	1.215174703	5.307935133	0.570409488	14.90371316	11.1384525	0.016115861	NA	0.88585
6.5	Well 306	B2	7072022	40	WT (Kan plasmid)	2	0.01% arabinose	10	1.014495352	0.001600793	1.215174703	5.307935133	0.570409488	14.90371316	11.1384525	0.016115861	NA	0.9256
6.75	Well 306	B2	7072022	40	WT (Kan plasmid)	2	0.01% arabinose	10	1.014495352	0.001600793	1.215174703	5.307935133	0.570409488	14.90371316	11.1384525	0.016115861	NA	0.95518
7	Well 306	B2	7072022	40	WT (Kan plasmid)	2	0.01% arabinose	10	1.014495352	0.001600793	1.215174703	5.307935133	0.570409488	14.90371316	11.1384525	0.016115861	NA	0.98075
7.25	Well 306	B2	7072022	40	WT (Kan plasmid)	2	0.01% arabinose	10	1.014495352	0.001600793	1.215174703	5.307935133	0.570409488	14.90371316	11.1384525	0.016115861	NA	1.0031
7.5	Well 306	B2	7072022	40	WT (Kan plasmid)	2	0.01% arabinose	10	1.014495352	0.001600793	1.215174703	5.307935133	0.570409488	14.90371316	11.1384525	0.016115861	NA	1.0243
7.75	Well 306	B2	7072022	40	WT (Kan plasmid)	2	0.01% arabinose	10	1.014495352	0.001600793	1.215174703	5.307935133	0.570409488	14.90371316	11.1384525	0.016115861	NA	1.0455
8	Well 306	B2	7072022	40	WT (Kan plasmid)	2	0.01% arabinose	10	1.014495352	0.001600793	1.215174703	5.307935133	0.570409488	14.90371316	11.1384525	0.016115861	NA	1.0614
8.25	Well 306	B2	7072022	40	WT (Kan plasmid)	2	0.01% arabinose	10	1.014495352	0.001600793	1.215174703	5.307935133	0.570409488	14.90371316	11.1384525	0.016115861	NA	1.0741
8.5	Well 306	B2	7072022	40	WT (Kan plasmid)	2	0.01% arabinose	10	1.014495352	0.001600793	1.215174703	5.307935133	0.570409488	14.90371316	11.1384525	0.016115861	NA	1.0847
8.75	Well 306	B2	7072022	40	WT (Kan plasmid)	2	0.01% arabinose	10	1.014495352	0.001600793	1.215174703	5.307935133	0.570409488	14.90371316	11.1384525	0.016115861	NA	1.1142
9	Well 306	B2	7072022	40	WT (Kan plasmid)	2	0.01% arabinose	10	1.014495352	0.001600793	1.215174703	5.307935133	0.570409488	14.90371316	11.1384525	0.016115861	NA	1.1218
9.25	Well 306	B2	7072022	40	WT (Kan plasmid)	2	0.01% arabinose	10	1.014495352	0.001600793	1.215174703	5.307935133	0.570409488	14.90371316	11.1384525	0.016115861	NA	1.1245
9.5	Well 306	B2	7072022	40	WT (Kan plasmid)	2	0.01% arabinose	10	1.014495352	0.001600793	1.215174703	5.307935133	0.570409488	14.90371316	11.1384525	0.016115861	NA	1.1244
9.75	Well 306	B2	7072022	40	WT (Kan plasmid)	2	0.01% arabinose	10	1.014495352	0.001600793	1.215174703	5.307935133	0.570409488	14.90371316	11.1384525	0.016115861	NA	1.1231
10	Well 306	B2	7072022	40	WT (Kan plasmid)	2	0.01% arabinose	10	1.014495352	0.001600793	1.215174703	5.307935133	0.570409488	14.90371316	11.1384525	0.016115861	NA	1.1207
10.25	Well 306	B2	7072022	40	WT (Kan plasmid)	2	0.01% arabinose	10	1.014495352	0.001600793	1.215174703	5.307935133	0.570409488	14.90371316	11.1384525	0.016115861	NA	1.1183
10.5	Well 306	B2	7072022	40	WT (Kan plasmid)	2	0.01% arabinose	10	1.014495352	0.001600793	1.215174703	5.307935133	0.570409488	14.90371316	11.1384525	0.016115861	NA	1.115
10.75	Well 306	B2	7072022	40	WT (Kan plasmid)	2	0.01% arabinose	10	1.014495352	0.001600793	1.215174703	5.307935133	0.570409488	14.90371316	11.1384525	0.016115861	NA	1.1128
11	Well 306	B2	7072022	40	WT (Kan plasmid)	2	0.01% arabinose	10	1.014495352	0.001600793	1.215174703	5.307935133	0.570409488	14.90371316	11.1384525	0.016115861	NA	1.111
11.25	Well 306	B2	7072022	40	WT (Kan plasmid)	2	0.01% arabinose	10	1.014495352	0.001600793	1.215174703	5.307935133	0.570409488	14.90371316	11.1384525	0.016115861	NA	1.1093
11.5	Well 306	B2	7072022	40	WT (Kan plasmid)	2	0.01% arabinose	10	1.014495352	0.001600793	1.215174703	5.307935133	0.570409488	14.90371316	11.1384525	0.016115861	NA	1.1082
11.75	Well 306	B2	7072022	40	WT (Kan plasmid)	2	0.01% arabinose	10	1.014495352	0.001600793	1.215174703	5.307935133	0.570409488	14.90371316	11.1384525	0.016115861	NA	1.1071
12	Well 306	B2	7072022	40	WT (Kan plasmid)	2	0.01% arabinose	10	1.014495352	0.001600793	1.215174703	5.307935133	0.570409488	14.90371316	11.1384525	0.016115861	NA	1.1058
12.25	Well 306	B2	7072022	40	WT (Kan plasmid)	2	0.01% arabinose	10	1.014495352	0.001600793	1.215174703	5.307935133	0.570409488	14.90371316	11.1384525	0.016115861	NA	1.1049
12.5	Well 306	B2	7072022	40	WT (Kan plasmid)	2	0.01% arabinose	10	1.014495352	0.001600793	1.215174703	5.307935133	0.570409488	14.90371316	11.1384525	0.016115861	NA	1.1034
12.75	Well 306	B2	7072022	40	WT (Kan plasmid)	2	0.01% arabinose	10	1.014495352	0.001600793	1.215174703	5.307935133	0.570409488	14.90371316	11.1384525	0.016115861	NA	1.1023
13	Well 306	B2	7072022	40	WT (Kan plasmid)	2	0.01% arabinose	10	1.014495352	0.001600793	1.215174703	5.307935133	0.570409488	14.90371316	11.1384525	0.016115861	NA	1.1022
13.25	Well 306	B2	7072022	40	WT (Kan plasmid)	2	0.01% arabinose	10	1.014495352	0.001600793	1.215174703	5.307935133	0.570409488	14.90371316	11.1384525	0.016115861	NA	1.1018
13.5	Well 306	B2	7072022	40	WT (Kan plasmid)	2	0.01% arabinose	10	1.014495352	0.001600793	1.215174703	5.307935133	0.570409488	14.90371316	11.1384525	0.016115861	NA	1.1016
13.75	Well 306	B2	7072022	40	WT (Kan plasmid)	2	0.01% arabinose	10	1.014495352	0.001600793	1.215174703	5.307935133	0.570409488	14.90371316	11.1384525	0.016115861	NA	1.1015
14	Well 306	B2	7072022	40	WT (Kan plasmid)	2	0.01% arabinose	10	1.014495352	0.001600793	1.215174703	5.307935133	0.570409488	14.90371316	11.1384525	0.016115861	NA	1.1009
14.25	Well 306	B2	7072022	40	WT (Kan plasmid)	2	0.01% arabinose	10	1.014495352	0.001600793	1.215174703	5.307935133	0.570409488	14.90371316	11.1384525	0.016115861	NA	1.1007
14.5	Well 306	B2	7072022	40	WT (Kan plasmid)	2	0.01% arabinose	10	1.014495352	0.001600793	1.215174703	5.307935133	0.570409488	14.90371316	11.1384525	0.016115861	NA	1.1001
14.75	Well 306	B2	7072022	40	WT (Kan plasmid)	2	0.01% arabinose	10	1.014495352	0.001600793	1.215174703	5.307935133	0.570409488	14.90371316	11.1384525	0.016115861	NA	1.0996
15	Well 306	B2	7072022	40	WT (Kan plasmid)	2	0.01% arabinose	10	1.014495352	0.001600793	1.215174703	5.307935133	0.570409488	14.90371316	11.1384525	0.016115861	NA	1.0992
15.25	Well 306	B2	7072022	40	WT (Kan plasmid)	2	0.01% arabinose	10	1.014495352	0.001600793	1.215174703	5.307935133	0.570409488	14.90371316	11.1384525	0.016115861	NA	1.0992
15.5	Well 306	B2	7072022	40	WT (Kan plasmid)	2	0.01% arabinose	10	1.014495352	0.001600793	1.215174703	5.307935133	0.570409488	14.90371316	11.1384525	0.016115861	NA	1.0988
15.75	Well 306	B2	7072022	40	WT (Kan plasmid)	2	0.01% arabinose	10	1.014495352	0.001600793	1.215174703	5.307935133	0.570409488	14.90371316	11.1384525	0.016115861	NA	1.0975
16	Well 306	B2	7072022	40	WT (Kan plasmid)	2	0.01% arabinose	10	1.014495352	0.001600793	1.215174703	5.307935133	0.570409488	14.90371316	11.1384525	0.016115861	NA	1.0966
16.25	Well 306	B2	7072022	40	WT (Kan plasmid)	2	0.01% arabinose	10	1.014495352	0.001600793	1.215174703	5.307935133	0.570409488	14.90371316	11.1384525	0.016115861	NA	1.096
0	Well 307	B3	7072022	40	WT (Kan plasmid)	3	0.01% arabinose	10	1.046361078	0.002556738	1.154313302	5.208200439	0.600484443	15.47534571	11.57661063	0.01601788	NA	0.093725
0.25	Well 307	B3	7072022	40	WT (Kan plasmid)	3	0.01% arabinose	10	1.046361078	0.002556738	1.154313302	5.208200439	0.600484443	15.47534571	11.57661063	0.01601788	NA	0.09425
0.5	Well 307	B3	7072022	40	WT (Kan plasmid)	3	0.01% arabinose	10	1.046361078	0.002556738	1.154313302	5.208200439	0.600484443	15.47534571	11.57661063	0.01601788	NA	0.095225
0.75	Well 307	B3	7072022	40	WT (Kan plasmid)	3	0.01% arabinose	10	1.046361078	0.002556738	1.154313302	5.208200439	0.600484443	15.47534571	11.57661063	0.01601788	NA	0.0974
1	Well 307	B3	7072022	40	WT (Kan plasmid)	3	0.01% arabinose	10	1.046361078	0.002556738	1.154313302	5.208200439	0.600484443	15.47534571	11.57661063	0.01601788	NA	0.10158
1.25	Well 307	B3	7072022	40	WT (Kan plasmid)	3	0.01% arabinose	10	1.046361078	0.002556738	1.154313302	5.208200439	0.600484443	15.47534571	11.57661063	0.01601788	NA	0.1073
1.5	Well 307	B3	7072022	40	WT (Kan plasmid)	3	0.01% arabinose	10	1.046361078	0.002556738	1.154313302	5.208200439	0.600484443	15.47534571	11.57661063	0.01601788	NA	0.11533
1.75	Well 307	B3	7072022	40	WT (Kan plasmid)	3	0.01% arabinose	10	1.046361078	0.002556738	1.154313302	5.208200439	0.600484443	15.47534571	11.57661063	0.01601788	NA	0.12583
2	Well 307	B3	7072022	40	WT (Kan plasmid)	3	0.01% arabinose	10	1.046361078	0.002556738	1.154313302	5.208200439	0.600484443	15.47534571	11.57661063	0.01601788	NA	0.1391
2.25	Well 307	B3	7072022	40	WT (Kan plasmid)	3	0.01% arabinose	10	1.046361078	0.002556738	1.154313302	5.208200439	0.600484443	15.47534571	11.57661063	0.01601788	NA	0.15187
2.5	Well 307	B3	7072022	40	WT (Kan plasmid)	3	0.01% arabinose	10	1.046361078	0.002556738	1.154313302	5.208200439	0.600484443	15.47534571	11.57661063	0.01601788	NA	0.16645
2.75	Well 307	B3	7072022	40	WT (Kan plasmid)	3	0.01% arabinose	10	1.046361078	0.002556738	1.154313302	5.208200439	0.600484443	15.47534571	11.57661063	0.01601788	NA	0.1825
3	Well 307	B3	7072022	40	WT (Kan plasmid)	3	0.01% arabinose	10	1.046361078	0.002556738	1.154313302	5.208200439	0.600484443	15.47534571	11.57661063	0.01601788	NA	0.1988
3.25	Well 307	B3	7072022	40	WT (Kan plasmid)	3	0.01% arabinose	10	1.046361078	0.002556738	1.154313302	5.208200439	0.600484443	15.47534571	11.57661063	0.01601788	NA	0.2165
3.5	Well 307	B3	7072022	40	WT (Kan plasmid)	3	0.01% arabinose	10	1.046361078	0.002556738	1.154313302	5.208200439	0.600484443	15.47534571	11.57661063	0.01601788	NA	0.23445
3.75	Well 307	B3	7072022	40	WT (Kan plasmid)	3	0.01% arabinose	10	1.046361078	0.002556738	1.154313302	5.208200439	0.600484443	15.47534571	11.57661063	0.01601788	NA	0.23165
4	Well 307	B3	7072022	40	WT (Kan plasmid)	3	0.01% arabinose	10	1.046361078	0.002556738	1.154313302	5.208200439	0.600484443	15.47534571	11.57661063	0.01601788	NA	0.26643
4.25	Well 307	B3	7072022	40	WT (Kan plasmid)	3	0.01% arabinose	10	1.046361078	0.002556738	1.154313302	5.208200439	0.600484443	15.47534571	11.57661063	0.01601788	NA	0.32135
4.5	Well 307	B3	7072022	40	WT (Kan plasmid)	3	0.01% arabinose	10	1.046361078	0.002556738	1.154313302	5.208200439	0.600484443	15.47534571	11.57661063	0.01601788	NA	0.38858
4.75	Well 307	B3	7072022	40	WT (Kan plasmid)	3	0.01% arabinose	10	1.046361078	0.002556738	1.154313302	5.208200439	0.600484443	15.47534571	11.57661063	0.01601788	NA	0.46623
5	Well 307	B3	7072022	40	WT (Kan plasmid)	3	0.01% arabinose	10	1.046361078	0.002556738	1.154313302	5.208200439	0.600484443	15.47534571	11.57661063	0.01601788	NA	0.55735
5.25	Well 307	B3	7072022	40	WT (Kan plasmid)	3	0.01% arabinose	10	1.046361078	0.002556738	1.154313302	5.208200439	0.600484443	15.47534571	11.57661063	0.01601788	NA	0.63518
5.5	Well 307	B3	7072022	40	WT (Kan plasmid)	3	0.01% arabinose	10	1.046361078	0.002556738	1.154313302	5.208200439	0.600484443	15.47534571	11.57661063	0.01601788	NA	0.7118
5.75	Well 307	B3	7072022	40	WT (Kan plasmid)	3	0.01% arabinose	10	1.046361078	0.002556738	1.154313302	5.208200439	0.600484443	15.47534571	11.57661063	0.01601788	NA	0.8138
6	Well 307	B3	7072022	40	WT (Kan plasmid)	3	0.01% arabinose	10	1.046361078	0.002556738	1.154313302	5.208200439	0.600484443	15.47534571	11.57661063	0.01601788	NA	0.8673
6.25	Well 307	B3	7072022	40	WT (Kan plasmid)	3	0.01% arabinose	10	1.046361078	0.002556738	1.154313302	5.208200439	0.600484443	15.47534571	11.57661063	0.01601788	NA	0.9136
6.5	Well 307	B3	7072022	40	WT (Kan plasmid)	3	0.01% arabinose	10	1.046361078	0.002556738	1.154313302	5.208200439	0.600484443	15.47534571	11.57661063	0.01601788	NA	0.9527
6.75	Well 307	B3	7072022	40	WT (Kan plasmid)	3	0.01% arabinose	10	1.046361078	0.002556738	1.154313302	5.208200439	0.600484443	15.47534571	11.57661063	0.01601788	NA	0.98085
7	Well 307	B3	7072022	40	WT (Kan plasmid)	3	0.01% arabinose	10	1.046361078	0.002556738	1.154313302	5.208200439	0.600484443	15.47534571	11.57661063	0.01601788	NA	1.0055
7.25	Well 307	B3	7072022	40	WT (Kan plasmid)	3	0.01% arabinose	10	1.046361078	0.002556738	1.154313302	5.208200439	0.600484443	15.47534571	11.57661063	0.01601788	NA	1.0276
7.5	Well 307	B3	7072022	40	WT (Kan plasmid)	3	0.01% arabinose	10	1.046361078	0.002556738	1.154313302	5.208200439	0.600484443	15.47534571	11.57661063	0.01601788	NA	1.0473
7.75	Well 307	B3	7072022	40	WT (Kan plasmid)	3	0.01% arabinose	10	1.046361078	0.002556738	1.154313302	5.208200439	0.600484443	15.47534571	11.57661063	0.01601788	NA	1.0668
8	Well 307	B3	7072022	40	WT (Kan plasmid)	3	0.01% arabinose	10	1.046361078	0.002556738	1.154313302	5.208200439	0.600484443	15.47534571	11.57661063	0.01601788	NA	1.0828
8.25	Well 307	B3	7072022	40	WT (Kan plasmid)	3	0.01% arabinose	10	1.046361078	0.002556738	1.154313302	5.208200439	0.600484443	15.47534571	11.57661063	0.01601788	NA	1.0949
8.5	Well 307	B3	7072022	40	WT (Kan plasmid)	3	0.01% arabinose	10	1.046361078	0.002556738	1.154313302	5.208200439	0.600484443	15.47534571	11.57661063	0.01601788	NA	1.106
8.75	Well 307	B3	7072022	40	WT (Kan plasmid)	3	0.01% arabinose	10	1.046361078	0.002556738	1.154313302	5.208200439	0.600484443	15.47534571	11.57661063	0.01601788	NA	1.1329
9	Well 307	B3	7072022	40	WT (Kan plasmid)	3	0.01% arabinose	10	1.046361078	0.002556738	1.154313302	5.208200439	0.600484443	15.47534571	11.57661063	0.01601788	NA	1.1478
9.25	Well 307	B3	7072022	40	WT (Kan plasmid)	3	0.01% arabinose	10	1.046361078	0.002556738	1.154313302	5.208200439	0.600484443	15.47534571	11.57661063	0.01601788	NA	1.1537
9.5	Well 307	B3	7072022	40	WT (Kan plasmid)	3	0.01% arabinose	10	1.046361078	0.002556738	1.154313302	5.208200439	0.600484443	15.47534571	11.57661063	0.01601788	NA	1.1541
9.75	Well 307	B3	7072022	40	WT (Kan plasmid)	3	0.01% arabinose	10	1.046361078	0.002556738	1.154313302	5.208200439	0.600484443	15.47534571	11.57661063	0.01601788	NA	1.153
10	Well 307	B3	7072022	40	WT (Kan plasmid)	3	0.01% arabinose	10	1.046361078	0.002556738	1.154313302	5.208200439	0.600484443	15.47534571	11.57661063	0.01601788	NA	1.1508
10.25	Well 307	B3	7072022	40	WT (Kan plasmid)	3	0.01% arabinose	10	1.046361078	0.002556738	1.154313302	5.208200439	0.600484443	15.47534571	11.57661063	0.01601788	NA	1.1488
10.5	Well 307	B3	7072022	40	WT (Kan plasmid)	3	0.01% arabinose	10	1.046361078	0.002556738	1.154313302	5.208200439	0.600484443	15.47534571	11.57661063	0.01601788	NA	1.1464
10.75	Well 307	B3	7072022	40	WT (Kan plasmid)	3	0.01% arabinose	10	1.046361078	0.002556738	1.154313302	5.208200439	0.600484443	15.47534571	11.57661063	0.01601788	NA	1.1444
11	Well 307	B3	7072022	40	WT (Kan plasmid)	3	0.01% arabinose	10	1.046361078	0.002556738	1.154313302	5.208200439	0.600484443	15.47534571	11.57661063	0.01601788	NA	1.143
11.25	Well 307	B3	7072022	40	WT (Kan plasmid)	3	0.01% arabinose	10	1.046361078	0.002556738	1.154313302	5.208200439	0.600484443	15.47534571	11.57661063	0.01601788	NA	1.1417
11.5	Well 307	B3	7072022	40	WT (Kan plasmid)	3	0.01% arabinose	10	1.046361078	0.002556738	1.154313302	5.208200439	0.600484443	15.47534571	11.57661063	0.01601788	NA	1.1413
11.75	Well 307	B3	7072022	40	WT (Kan plasmid)	3	0.01% arabinose	10	1.046361078	0.002556738	1.154313302	5.208200439	0.600484443	15.47534571	11.57661063	0.01601788	NA	1.1402
12	Well 307	B3	7072022	40	WT (Kan plasmid)	3	0.01% arabinose	10	1.046361078	0.002556738	1.154313302	5.208200439	0.600484443	15.47534571	11.57661063	0.01601788	NA	1.139
12.25	Well 307	B3	7072022	40	WT (Kan plasmid)	3	0.01% arabinose	10	1.046361078	0.002556738	1.154313302	5.208200439	0.600484443	15.47534571	11.57661063	0.01601788	NA	1.1386
12.5	Well 307	B3	7072022	40	WT (Kan plasmid)	3	0.01% arabinose	10	1.046361078	0.002556738	1.154313302	5.208200439	0.600484443	15.47534571	11.57661063	0.01601788	NA	1.1375
12.75	Well 307	B3	7072022	40	WT (Kan plasmid)	3	0.01% arabinose	10	1.046361078	0.002556738	1.154313302	5.208200439	0.600484443	15.47534571	11.57661063	0.01601788	NA	1.1366
13	Well 307	B3	7072022	40	WT (Kan plasmid)	3	0.01% arabinose	10	1.046361078	0.002556738	1.154313302	5.208200439	0.600484443	15.47534571	11.57661063	0.01601788	NA	1.1368
13.25	Well 307	B3	7072022	40	WT (Kan plasmid)	3	0.01% arabinose	10	1.046361078	0.002556738	1.154313302	5.208200439	0.600484443	15.47534571	11.57661063	0.01601788	NA	1.1367
13.5	Well 307	B3	7072022	40	WT (Kan plasmid)	3	0.01% arabinose	10	1.046361078	0.002556738	1.154313302	5.208200439	0.600484443	15.47534571	11.57661063	0.01601788	NA	1.1368
13.75	Well 307	B3	7072022	40	WT (Kan plasmid)	3	0.01% arabinose	10	1.046361078	0.002556738	1.154313302	5.208200439	0.600484443	15.47534571	11.57661063	0.01601788	NA	1.1373
14	Well 307	B3	7072022	40	WT (Kan plasmid)	3	0.01% arabinose	10	1.046361078	0.002556738	1.154313302	5.208200439	0.600484443	15.47534571	11.57661063	0.01601788	NA	1.137
14.25	Well 307	B3	7072022	40	WT (Kan plasmid)	3	0.01% arabinose	10	1.046361078	0.002556738	1.154313302	5.208200439	0.600484443	15.47534571	11.57661063	0.01601788	NA	1.1364
14.5	Well 307	B3	7072022	40	WT (Kan plasmid)	3	0.01% arabinose	10	1.046361078	0.002556738	1.154313302	5.208200439	0.600484443	15.47534571	11.57661063	0.01601788	NA	1.1361
14.75	Well 307	B3	7072022	40	WT (Kan plasmid)	3	0.01% arabinose	10	1.046361078	0.002556738	1.154313302	5.208200439	0.600484443	15.47534571	11.57661063	0.01601788	NA	1.1362
15	Well 307	B3	7072022	40	WT (Kan plasmid)	3	0.01% arabinose	10	1.046361078	0.002556738	1.154313302	5.208200439	0.600484443	15.47534571	11.57661063	0.01601788	NA	1.1357
15.25	Well 307	B3	7072022	40	WT (Kan plasmid)	3	0.01% arabinose	10	1.046361078	0.002556738	1.154313302	5.208200439	0.600484443	15.47534571	11.57661063	0.01601788	NA	1.136
15.5	Well 307	B3	7072022	40	WT (Kan plasmid)	3	0.01% arabinose	10	1.046361078	0.002556738	1.154313302	5.208200439	0.600484443	15.47534571	11.57661063	0.01601788	NA	1.137
15.75	Well 307	B3	7072022	40	WT (Kan plasmid)	3	0.01% arabinose	10	1.046361078	0.002556738	1.154313302	5.208200439	0.600484443	15.47534571	11.57661063	0.01601788	NA	1.1352
16	Well 307	B3	7072022	40	WT (Kan plasmid)	3	0.01% arabinose	10	1.046361078	0.002556738	1.154313302	5.208200439	0.600484443	15.47534571	11.57661063	0.01601788	NA	1.1341
16.25	Well 307	B3	7072022	40	WT (Kan plasmid)	3	0.01% arabinose	10	1.046361078	0.002556738	1.154313302	5.208200439	0.600484443	15.47534571	11.57661063	0.01601788	NA	1.1326
0	Well 317	C1	7072022	40	WT (Kan plasmid)	1	0.025% arabinose	10	0.974459557	0.002412935	1.34258162	4.467929484	0.516279361	15.13357509	11.49171063	0.017700092	NA	0.093175
0.25	Well 317	C1	7072022	40	WT (Kan plasmid)	1	0.025% arabinose	10	0.974459557	0.002412935	1.34258162	4.467929484	0.516279361	15.13357509	11.49171063	0.017700092	NA	0.0937
0.5	Well 317	C1	7072022	40	WT (Kan plasmid)	1	0.025% arabinose	10	0.974459557	0.002412935	1.34258162	4.467929484	0.516279361	15.13357509	11.49171063	0.017700092	NA	0.09465
0.75	Well 317	C1	7072022	40	WT (Kan plasmid)	1	0.025% arabinose	10	0.974459557	0.002412935	1.34258162	4.467929484	0.516279361	15.13357509	11.49171063	0.017700092	NA	0.0964
1	Well 317	C1	7072022	40	WT (Kan plasmid)	1	0.025% arabinose	10	0.974459557	0.002412935	1.34258162	4.467929484	0.516279361	15.13357509	11.49171063	0.017700092	NA	0.0999
1.25	Well 317	C1	7072022	40	WT (Kan plasmid)	1	0.025% arabinose	10	0.974459557	0.002412935	1.34258162	4.467929484	0.516279361	15.13357509	11.49171063	0.017700092	NA	0.1051
1.5	Well 317	C1	7072022	40	WT (Kan plasmid)	1	0.025% arabinose	10	0.974459557	0.002412935	1.34258162	4.467929484	0.516279361	15.13357509	11.49171063	0.017700092	NA	0.1128
1.75	Well 317	C1	7072022	40	WT (Kan plasmid)	1	0.025% arabinose	10	0.974459557	0.002412935	1.34258162	4.467929484	0.516279361	15.13357509	11.49171063	0.017700092	NA	0.12345
2	Well 317	C1	7072022	40	WT (Kan plasmid)	1	0.025% arabinose	10	0.974459557	0.002412935	1.34258162	4.467929484	0.516279361	15.13357509	11.49171063	0.017700092	NA	0.1372
2.25	Well 317	C1	7072022	40	WT (Kan plasmid)	1	0.025% arabinose	10	0.974459557	0.002412935	1.34258162	4.467929484	0.516279361	15.13357509	11.49171063	0.017700092	NA	0.15295
2.5	Well 317	C1	7072022	40	WT (Kan plasmid)	1	0.025% arabinose	10	0.974459557	0.002412935	1.34258162	4.467929484	0.516279361	15.13357509	11.49171063	0.017700092	NA	0.1719
2.75	Well 317	C1	7072022	40	WT (Kan plasmid)	1	0.025% arabinose	10	0.974459557	0.002412935	1.34258162	4.467929484	0.516279361	15.13357509	11.49171063	0.017700092	NA	0.194
3	Well 317	C1	7072022	40	WT (Kan plasmid)	1	0.025% arabinose	10	0.974459557	0.002412935	1.34258162	4.467929484	0.516279361	15.13357509	11.49171063	0.017700092	NA	0.21975
3.25	Well 317	C1	7072022	40	WT (Kan plasmid)	1	0.025% arabinose	10	0.974459557	0.002412935	1.34258162	4.467929484	0.516279361	15.13357509	11.49171063	0.017700092	NA	0.25675
3.5	Well 317	C1	7072022	40	WT (Kan plasmid)	1	0.025% arabinose	10	0.974459557	0.002412935	1.34258162	4.467929484	0.516279361	15.13357509	11.49171063	0.017700092	NA	0.3007
3.75	Well 317	C1	7072022	40	WT (Kan plasmid)	1	0.025% arabinose	10	0.974459557	0.002412935	1.34258162	4.467929484	0.516279361	15.13357509	11.49171063	0.017700092	NA	0.35738
4	Well 317	C1	7072022	40	WT (Kan plasmid)	1	0.025% arabinose	10	0.974459557	0.002412935	1.34258162	4.467929484	0.516279361	15.13357509	11.49171063	0.017700092	NA	0.42863
4.25	Well 317	C1	7072022	40	WT (Kan plasmid)	1	0.025% arabinose	10	0.974459557	0.002412935	1.34258162	4.467929484	0.516279361	15.13357509	11.49171063	0.017700092	NA	0.50083
4.5	Well 317	C1	7072022	40	WT (Kan plasmid)	1	0.025% arabinose	10	0.974459557	0.002412935	1.34258162	4.467929484	0.516279361	15.13357509	11.49171063	0.017700092	NA	0.58887
4.75	Well 317	C1	7072022	40	WT (Kan plasmid)	1	0.025% arabinose	10	0.974459557	0.002412935	1.34258162	4.467929484	0.516279361	15.13357509	11.49171063	0.017700092	NA	0.65965
5	Well 317	C1	7072022	40	WT (Kan plasmid)	1	0.025% arabinose	10	0.974459557	0.002412935	1.34258162	4.467929484	0.516279361	15.13357509	11.49171063	0.017700092	NA	0.7352
5.25	Well 317	C1	7072022	40	WT (Kan plasmid)	1	0.025% arabinose	10	0.974459557	0.002412935	1.34258162	4.467929484	0.516279361	15.13357509	11.49171063	0.017700092	NA	0.83045
5.5	Well 317	C1	7072022	40	WT (Kan plasmid)	1	0.025% arabinose	10	0.974459557	0.002412935	1.34258162	4.467929484	0.516279361	15.13357509	11.49171063	0.017700092	NA	0.88955
5.75	Well 317	C1	7072022	40	WT (Kan plasmid)	1	0.025% arabinose	10	0.974459557	0.002412935	1.34258162	4.467929484	0.516279361	15.13357509	11.49171063	0.017700092	NA	0.9243
6	Well 317	C1	7072022	40	WT (Kan plasmid)	1	0.025% arabinose	10	0.974459557	0.002412935	1.34258162	4.467929484	0.516279361	15.13357509	11.49171063	0.017700092	NA	0.95317
6.25	Well 317	C1	7072022	40	WT (Kan plasmid)	1	0.025% arabinose	10	0.974459557	0.002412935	1.34258162	4.467929484	0.516279361	15.13357509	11.49171063	0.017700092	NA	0.97635
6.5	Well 317	C1	7072022	40	WT (Kan plasmid)	1	0.025% arabinose	10	0.974459557	0.002412935	1.34258162	4.467929484	0.516279361	15.13357509	11.49171063	0.017700092	NA	0.99775
6.75	Well 317	C1	7072022	40	WT (Kan plasmid)	1	0.025% arabinose	10	0.974459557	0.002412935	1.34258162	4.467929484	0.516279361	15.13357509	11.49171063	0.017700092	NA	1.0175
7	Well 317	C1	7072022	40	WT (Kan plasmid)	1	0.025% arabinose	10	0.974459557	0.002412935	1.34258162	4.467929484	0.516279361	15.13357509	11.49171063	0.017700092	NA	1.0369
7.25	Well 317	C1	7072022	40	WT (Kan plasmid)	1	0.025% arabinose	10	0.974459557	0.002412935	1.34258162	4.467929484	0.516279361	15.13357509	11.49171063	0.017700092	NA	1.0506
7.5	Well 317	C1	7072022	40	WT (Kan plasmid)	1	0.025% arabinose	10	0.974459557	0.002412935	1.34258162	4.467929484	0.516279361	15.13357509	11.49171063	0.017700092	NA	1.0615
7.75	Well 317	C1	7072022	40	WT (Kan plasmid)	1	0.025% arabinose	10	0.974459557	0.002412935	1.34258162	4.467929484	0.516279361	15.13357509	11.49171063	0.017700092	NA	1.0782
8	Well 317	C1	7072022	40	WT (Kan plasmid)	1	0.025% arabinose	10	0.974459557	0.002412935	1.34258162	4.467929484	0.516279361	15.13357509	11.49171063	0.017700092	NA	1.0974
8.25	Well 317	C1	7072022	40	WT (Kan plasmid)	1	0.025% arabinose	10	0.974459557	0.002412935	1.34258162	4.467929484	0.516279361	15.13357509	11.49171063	0.017700092	NA	1.1027
8.5	Well 317	C1	7072022	40	WT (Kan plasmid)	1	0.025% arabinose	10	0.974459557	0.002412935	1.34258162	4.467929484	0.516279361	15.13357509	11.49171063	0.017700092	NA	1.1038
8.75	Well 317	C1	7072022	40	WT (Kan plasmid)	1	0.025% arabinose	10	0.974459557	0.002412935	1.34258162	4.467929484	0.516279361	15.13357509	11.49171063	0.017700092	NA	1.1025
9	Well 317	C1	7072022	40	WT (Kan plasmid)	1	0.025% arabinose	10	0.974459557	0.002412935	1.34258162	4.467929484	0.516279361	15.13357509	11.49171063	0.017700092	NA	1.0999
9.25	Well 317	C1	7072022	40	WT (Kan plasmid)	1	0.025% arabinose	10	0.974459557	0.002412935	1.34258162	4.467929484	0.516279361	15.13357509	11.49171063	0.017700092	NA	1.0963
9.5	Well 317	C1	7072022	40	WT (Kan plasmid)	1	0.025% arabinose	10	0.974459557	0.002412935	1.34258162	4.467929484	0.516279361	15.13357509	11.49171063	0.017700092	NA	1.0924
9.75	Well 317	C1	7072022	40	WT (Kan plasmid)	1	0.025% arabinose	10	0.974459557	0.002412935	1.34258162	4.467929484	0.516279361	15.13357509	11.49171063	0.017700092	NA	1.0887
10	Well 317	C1	7072022	40	WT (Kan plasmid)	1	0.025% arabinose	10	0.974459557	0.002412935	1.34258162	4.467929484	0.516279361	15.13357509	11.49171063	0.017700092	NA	1.0847
10.25	Well 317	C1	7072022	40	WT (Kan plasmid)	1	0.025% arabinose	10	0.974459557	0.002412935	1.34258162	4.467929484	0.516279361	15.13357509	11.49171063	0.017700092	NA	1.0812
10.5	Well 317	C1	7072022	40	WT (Kan plasmid)	1	0.025% arabinose	10	0.974459557	0.002412935	1.34258162	4.467929484	0.516279361	15.13357509	11.49171063	0.017700092	NA	1.0768
10.75	Well 317	C1	7072022	40	WT (Kan plasmid)	1	0.025% arabinose	10	0.974459557	0.002412935	1.34258162	4.467929484	0.516279361	15.13357509	11.49171063	0.017700092	NA	1.0735
11	Well 317	C1	7072022	40	WT (Kan plasmid)	1	0.025% arabinose	10	0.974459557	0.002412935	1.34258162	4.467929484	0.516279361	15.13357509	11.49171063	0.017700092	NA	1.0703
11.25	Well 317	C1	7072022	40	WT (Kan plasmid)	1	0.025% arabinose	10	0.974459557	0.002412935	1.34258162	4.467929484	0.516279361	15.13357509	11.49171063	0.017700092	NA	1.0679
11.5	Well 317	C1	7072022	40	WT (Kan plasmid)	1	0.025% arabinose	10	0.974459557	0.002412935	1.34258162	4.467929484	0.516279361	15.13357509	11.49171063	0.017700092	NA	1.0657
11.75	Well 317	C1	7072022	40	WT (Kan plasmid)	1	0.025% arabinose	10	0.974459557	0.002412935	1.34258162	4.467929484	0.516279361	15.13357509	11.49171063	0.017700092	NA	1.0637
12	Well 317	C1	7072022	40	WT (Kan plasmid)	1	0.025% arabinose	10	0.974459557	0.002412935	1.34258162	4.467929484	0.516279361	15.13357509	11.49171063	0.017700092	NA	1.0611
12.25	Well 317	C1	7072022	40	WT (Kan plasmid)	1	0.025% arabinose	10	0.974459557	0.002412935	1.34258162	4.467929484	0.516279361	15.13357509	11.49171063	0.017700092	NA	1.0595
12.5	Well 317	C1	7072022	40	WT (Kan plasmid)	1	0.025% arabinose	10	0.974459557	0.002412935	1.34258162	4.467929484	0.516279361	15.13357509	11.49171063	0.017700092	NA	1.0572
12.75	Well 317	C1	7072022	40	WT (Kan plasmid)	1	0.025% arabinose	10	0.974459557	0.002412935	1.34258162	4.467929484	0.516279361	15.13357509	11.49171063	0.017700092	NA	1.0558
13	Well 317	C1	7072022	40	WT (Kan plasmid)	1	0.025% arabinose	10	0.974459557	0.002412935	1.34258162	4.467929484	0.516279361	15.13357509	11.49171063	0.017700092	NA	1.0542
13.25	Well 317	C1	7072022	40	WT (Kan plasmid)	1	0.025% arabinose	10	0.974459557	0.002412935	1.34258162	4.467929484	0.516279361	15.13357509	11.49171063	0.017700092	NA	1.0522
13.5	Well 317	C1	7072022	40	WT (Kan plasmid)	1	0.025% arabinose	10	0.974459557	0.002412935	1.34258162	4.467929484	0.516279361	15.13357509	11.49171063	0.017700092	NA	1.0516
13.75	Well 317	C1	7072022	40	WT (Kan plasmid)	1	0.025% arabinose	10	0.974459557	0.002412935	1.34258162	4.467929484	0.516279361	15.13357509	11.49171063	0.017700092	NA	1.0505
14	Well 317	C1	7072022	40	WT (Kan plasmid)	1	0.025% arabinose	10	0.974459557	0.002412935	1.34258162	4.467929484	0.516279361	15.13357509	11.49171063	0.017700092	NA	1.0495
14.25	Well 317	C1	7072022	40	WT (Kan plasmid)	1	0.025% arabinose	10	0.974459557	0.002412935	1.34258162	4.467929484	0.516279361	15.13357509	11.49171063	0.017700092	NA	1.0483
14.5	Well 317	C1	7072022	40	WT (Kan plasmid)	1	0.025% arabinose	10	0.974459557	0.002412935	1.34258162	4.467929484	0.516279361	15.13357509	11.49171063	0.017700092	NA	1.0472
14.75	Well 317	C1	7072022	40	WT (Kan plasmid)	1	0.025% arabinose	10	0.974459557	0.002412935	1.34258162	4.467929484	0.516279361	15.13357509	11.49171063	0.017700092	NA	1.0462
15	Well 317	C1	7072022	40	WT (Kan plasmid)	1	0.025% arabinose	10	0.974459557	0.002412935	1.34258162	4.467929484	0.516279361	15.13357509	11.49171063	0.017700092	NA	1.0444
15.25	Well 317	C1	7072022	40	WT (Kan plasmid)	1	0.025% arabinose	10	0.974459557	0.002412935	1.34258162	4.467929484	0.516279361	15.13357509	11.49171063	0.017700092	NA	1.0424
15.5	Well 317	C1	7072022	40	WT (Kan plasmid)	1	0.025% arabinose	10	0.974459557	0.002412935	1.34258162	4.467929484	0.516279361	15.13357509	11.49171063	0.017700092	NA	1.0421
15.75	Well 317	C1	7072022	40	WT (Kan plasmid)	1	0.025% arabinose	10	0.974459557	0.002412935	1.34258162	4.467929484	0.516279361	15.13357509	11.49171063	0.017700092	NA	1.0411
16	Well 317	C1	7072022	40	WT (Kan plasmid)	1	0.025% arabinose	10	0.974459557	0.002412935	1.34258162	4.467929484	0.516279361	15.13357509	11.49171063	0.017700092	NA	1.04
16.25	Well 317	C1	7072022	40	WT (Kan plasmid)	1	0.025% arabinose	10	0.974459557	0.002412935	1.34258162	4.467929484	0.516279361	15.13357509	11.49171063	0.017700092	NA	1.0395
0	Well 318	C2	7072022	40	WT (Kan plasmid)	2	0.025% arabinose	10	1.038038408	0.003730751	1.264347765	4.448837764	0.548225101	16.13974764	12.24191313	0.015112317	NA	0.093225
0.25	Well 318	C2	7072022	40	WT (Kan plasmid)	2	0.025% arabinose	10	1.038038408	0.003730751	1.264347765	4.448837764	0.548225101	16.13974764	12.24191313	0.015112317	NA	0.0935
0.5	Well 318	C2	7072022	40	WT (Kan plasmid)	2	0.025% arabinose	10	1.038038408	0.003730751	1.264347765	4.448837764	0.548225101	16.13974764	12.24191313	0.015112317	NA	0.094525
0.75	Well 318	C2	7072022	40	WT (Kan plasmid)	2	0.025% arabinose	10	1.038038408	0.003730751	1.264347765	4.448837764	0.548225101	16.13974764	12.24191313	0.015112317	NA	0.0965
1	Well 318	C2	7072022	40	WT (Kan plasmid)	2	0.025% arabinose	10	1.038038408	0.003730751	1.264347765	4.448837764	0.548225101	16.13974764	12.24191313	0.015112317	NA	0.10013
1.25	Well 318	C2	7072022	40	WT (Kan plasmid)	2	0.025% arabinose	10	1.038038408	0.003730751	1.264347765	4.448837764	0.548225101	16.13974764	12.24191313	0.015112317	NA	0.10573
1.5	Well 318	C2	7072022	40	WT (Kan plasmid)	2	0.025% arabinose	10	1.038038408	0.003730751	1.264347765	4.448837764	0.548225101	16.13974764	12.24191313	0.015112317	NA	0.11405
1.75	Well 318	C2	7072022	40	WT (Kan plasmid)	2	0.025% arabinose	10	1.038038408	0.003730751	1.264347765	4.448837764	0.548225101	16.13974764	12.24191313	0.015112317	NA	0.12595
2	Well 318	C2	7072022	40	WT (Kan plasmid)	2	0.025% arabinose	10	1.038038408	0.003730751	1.264347765	4.448837764	0.548225101	16.13974764	12.24191313	0.015112317	NA	0.14072
2.25	Well 318	C2	7072022	40	WT (Kan plasmid)	2	0.025% arabinose	10	1.038038408	0.003730751	1.264347765	4.448837764	0.548225101	16.13974764	12.24191313	0.015112317	NA	0.15858
2.5	Well 318	C2	7072022	40	WT (Kan plasmid)	2	0.025% arabinose	10	1.038038408	0.003730751	1.264347765	4.448837764	0.548225101	16.13974764	12.24191313	0.015112317	NA	0.17955
2.75	Well 318	C2	7072022	40	WT (Kan plasmid)	2	0.025% arabinose	10	1.038038408	0.003730751	1.264347765	4.448837764	0.548225101	16.13974764	12.24191313	0.015112317	NA	0.20382
3	Well 318	C2	7072022	40	WT (Kan plasmid)	2	0.025% arabinose	10	1.038038408	0.003730751	1.264347765	4.448837764	0.548225101	16.13974764	12.24191313	0.015112317	NA	0.23427
3.25	Well 318	C2	7072022	40	WT (Kan plasmid)	2	0.025% arabinose	10	1.038038408	0.003730751	1.264347765	4.448837764	0.548225101	16.13974764	12.24191313	0.015112317	NA	0.27838
3.5	Well 318	C2	7072022	40	WT (Kan plasmid)	2	0.025% arabinose	10	1.038038408	0.003730751	1.264347765	4.448837764	0.548225101	16.13974764	12.24191313	0.015112317	NA	0.32433
3.75	Well 318	C2	7072022	40	WT (Kan plasmid)	2	0.025% arabinose	10	1.038038408	0.003730751	1.264347765	4.448837764	0.548225101	16.13974764	12.24191313	0.015112317	NA	0.39315
4	Well 318	C2	7072022	40	WT (Kan plasmid)	2	0.025% arabinose	10	1.038038408	0.003730751	1.264347765	4.448837764	0.548225101	16.13974764	12.24191313	0.015112317	NA	0.4702
4.25	Well 318	C2	7072022	40	WT (Kan plasmid)	2	0.025% arabinose	10	1.038038408	0.003730751	1.264347765	4.448837764	0.548225101	16.13974764	12.24191313	0.015112317	NA	0.55045
4.5	Well 318	C2	7072022	40	WT (Kan plasmid)	2	0.025% arabinose	10	1.038038408	0.003730751	1.264347765	4.448837764	0.548225101	16.13974764	12.24191313	0.015112317	NA	0.63367
4.75	Well 318	C2	7072022	40	WT (Kan plasmid)	2	0.025% arabinose	10	1.038038408	0.003730751	1.264347765	4.448837764	0.548225101	16.13974764	12.24191313	0.015112317	NA	0.7047
5	Well 318	C2	7072022	40	WT (Kan plasmid)	2	0.025% arabinose	10	1.038038408	0.003730751	1.264347765	4.448837764	0.548225101	16.13974764	12.24191313	0.015112317	NA	0.79668
5.25	Well 318	C2	7072022	40	WT (Kan plasmid)	2	0.025% arabinose	10	1.038038408	0.003730751	1.264347765	4.448837764	0.548225101	16.13974764	12.24191313	0.015112317	NA	0.8684
5.5	Well 318	C2	7072022	40	WT (Kan plasmid)	2	0.025% arabinose	10	1.038038408	0.003730751	1.264347765	4.448837764	0.548225101	16.13974764	12.24191313	0.015112317	NA	0.91878
5.75	Well 318	C2	7072022	40	WT (Kan plasmid)	2	0.025% arabinose	10	1.038038408	0.003730751	1.264347765	4.448837764	0.548225101	16.13974764	12.24191313	0.015112317	NA	0.96197
6	Well 318	C2	7072022	40	WT (Kan plasmid)	2	0.025% arabinose	10	1.038038408	0.003730751	1.264347765	4.448837764	0.548225101	16.13974764	12.24191313	0.015112317	NA	0.99203
6.25	Well 318	C2	7072022	40	WT (Kan plasmid)	2	0.025% arabinose	10	1.038038408	0.003730751	1.264347765	4.448837764	0.548225101	16.13974764	12.24191313	0.015112317	NA	1.0168
6.5	Well 318	C2	7072022	40	WT (Kan plasmid)	2	0.025% arabinose	10	1.038038408	0.003730751	1.264347765	4.448837764	0.548225101	16.13974764	12.24191313	0.015112317	NA	1.0394
6.75	Well 318	C2	7072022	40	WT (Kan plasmid)	2	0.025% arabinose	10	1.038038408	0.003730751	1.264347765	4.448837764	0.548225101	16.13974764	12.24191313	0.015112317	NA	1.0604
7	Well 318	C2	7072022	40	WT (Kan plasmid)	2	0.025% arabinose	10	1.038038408	0.003730751	1.264347765	4.448837764	0.548225101	16.13974764	12.24191313	0.015112317	NA	1.0802
7.25	Well 318	C2	7072022	40	WT (Kan plasmid)	2	0.025% arabinose	10	1.038038408	0.003730751	1.264347765	4.448837764	0.548225101	16.13974764	12.24191313	0.015112317	NA	1.0948
7.5	Well 318	C2	7072022	40	WT (Kan plasmid)	2	0.025% arabinose	10	1.038038408	0.003730751	1.264347765	4.448837764	0.548225101	16.13974764	12.24191313	0.015112317	NA	1.1061
7.75	Well 318	C2	7072022	40	WT (Kan plasmid)	2	0.025% arabinose	10	1.038038408	0.003730751	1.264347765	4.448837764	0.548225101	16.13974764	12.24191313	0.015112317	NA	1.1176
8	Well 318	C2	7072022	40	WT (Kan plasmid)	2	0.025% arabinose	10	1.038038408	0.003730751	1.264347765	4.448837764	0.548225101	16.13974764	12.24191313	0.015112317	NA	1.1448
8.25	Well 318	C2	7072022	40	WT (Kan plasmid)	2	0.025% arabinose	10	1.038038408	0.003730751	1.264347765	4.448837764	0.548225101	16.13974764	12.24191313	0.015112317	NA	1.1621
8.5	Well 318	C2	7072022	40	WT (Kan plasmid)	2	0.025% arabinose	10	1.038038408	0.003730751	1.264347765	4.448837764	0.548225101	16.13974764	12.24191313	0.015112317	NA	1.1666
8.75	Well 318	C2	7072022	40	WT (Kan plasmid)	2	0.025% arabinose	10	1.038038408	0.003730751	1.264347765	4.448837764	0.548225101	16.13974764	12.24191313	0.015112317	NA	1.1652
9	Well 318	C2	7072022	40	WT (Kan plasmid)	2	0.025% arabinose	10	1.038038408	0.003730751	1.264347765	4.448837764	0.548225101	16.13974764	12.24191313	0.015112317	NA	1.1623
9.25	Well 318	C2	7072022	40	WT (Kan plasmid)	2	0.025% arabinose	10	1.038038408	0.003730751	1.264347765	4.448837764	0.548225101	16.13974764	12.24191313	0.015112317	NA	1.1586
9.5	Well 318	C2	7072022	40	WT (Kan plasmid)	2	0.025% arabinose	10	1.038038408	0.003730751	1.264347765	4.448837764	0.548225101	16.13974764	12.24191313	0.015112317	NA	1.1549
9.75	Well 318	C2	7072022	40	WT (Kan plasmid)	2	0.025% arabinose	10	1.038038408	0.003730751	1.264347765	4.448837764	0.548225101	16.13974764	12.24191313	0.015112317	NA	1.1513
10	Well 318	C2	7072022	40	WT (Kan plasmid)	2	0.025% arabinose	10	1.038038408	0.003730751	1.264347765	4.448837764	0.548225101	16.13974764	12.24191313	0.015112317	NA	1.1477
10.25	Well 318	C2	7072022	40	WT (Kan plasmid)	2	0.025% arabinose	10	1.038038408	0.003730751	1.264347765	4.448837764	0.548225101	16.13974764	12.24191313	0.015112317	NA	1.1441
10.5	Well 318	C2	7072022	40	WT (Kan plasmid)	2	0.025% arabinose	10	1.038038408	0.003730751	1.264347765	4.448837764	0.548225101	16.13974764	12.24191313	0.015112317	NA	1.1403
10.75	Well 318	C2	7072022	40	WT (Kan plasmid)	2	0.025% arabinose	10	1.038038408	0.003730751	1.264347765	4.448837764	0.548225101	16.13974764	12.24191313	0.015112317	NA	1.1366
11	Well 318	C2	7072022	40	WT (Kan plasmid)	2	0.025% arabinose	10	1.038038408	0.003730751	1.264347765	4.448837764	0.548225101	16.13974764	12.24191313	0.015112317	NA	1.1339
11.25	Well 318	C2	7072022	40	WT (Kan plasmid)	2	0.025% arabinose	10	1.038038408	0.003730751	1.264347765	4.448837764	0.548225101	16.13974764	12.24191313	0.015112317	NA	1.1311
11.5	Well 318	C2	7072022	40	WT (Kan plasmid)	2	0.025% arabinose	10	1.038038408	0.003730751	1.264347765	4.448837764	0.548225101	16.13974764	12.24191313	0.015112317	NA	1.1293
11.75	Well 318	C2	7072022	40	WT (Kan plasmid)	2	0.025% arabinose	10	1.038038408	0.003730751	1.264347765	4.448837764	0.548225101	16.13974764	12.24191313	0.015112317	NA	1.1271
12	Well 318	C2	7072022	40	WT (Kan plasmid)	2	0.025% arabinose	10	1.038038408	0.003730751	1.264347765	4.448837764	0.548225101	16.13974764	12.24191313	0.015112317	NA	1.1249
12.25	Well 318	C2	7072022	40	WT (Kan plasmid)	2	0.025% arabinose	10	1.038038408	0.003730751	1.264347765	4.448837764	0.548225101	16.13974764	12.24191313	0.015112317	NA	1.1231
12.5	Well 318	C2	7072022	40	WT (Kan plasmid)	2	0.025% arabinose	10	1.038038408	0.003730751	1.264347765	4.448837764	0.548225101	16.13974764	12.24191313	0.015112317	NA	1.1211
12.75	Well 318	C2	7072022	40	WT (Kan plasmid)	2	0.025% arabinose	10	1.038038408	0.003730751	1.264347765	4.448837764	0.548225101	16.13974764	12.24191313	0.015112317	NA	1.1193
13	Well 318	C2	7072022	40	WT (Kan plasmid)	2	0.025% arabinose	10	1.038038408	0.003730751	1.264347765	4.448837764	0.548225101	16.13974764	12.24191313	0.015112317	NA	1.1189
13.25	Well 318	C2	7072022	40	WT (Kan plasmid)	2	0.025% arabinose	10	1.038038408	0.003730751	1.264347765	4.448837764	0.548225101	16.13974764	12.24191313	0.015112317	NA	1.1184
13.5	Well 318	C2	7072022	40	WT (Kan plasmid)	2	0.025% arabinose	10	1.038038408	0.003730751	1.264347765	4.448837764	0.548225101	16.13974764	12.24191313	0.015112317	NA	1.1181
13.75	Well 318	C2	7072022	40	WT (Kan plasmid)	2	0.025% arabinose	10	1.038038408	0.003730751	1.264347765	4.448837764	0.548225101	16.13974764	12.24191313	0.015112317	NA	1.1177
14	Well 318	C2	7072022	40	WT (Kan plasmid)	2	0.025% arabinose	10	1.038038408	0.003730751	1.264347765	4.448837764	0.548225101	16.13974764	12.24191313	0.015112317	NA	1.1168
14.25	Well 318	C2	7072022	40	WT (Kan plasmid)	2	0.025% arabinose	10	1.038038408	0.003730751	1.264347765	4.448837764	0.548225101	16.13974764	12.24191313	0.015112317	NA	1.1162
14.5	Well 318	C2	7072022	40	WT (Kan plasmid)	2	0.025% arabinose	10	1.038038408	0.003730751	1.264347765	4.448837764	0.548225101	16.13974764	12.24191313	0.015112317	NA	1.116
14.75	Well 318	C2	7072022	40	WT (Kan plasmid)	2	0.025% arabinose	10	1.038038408	0.003730751	1.264347765	4.448837764	0.548225101	16.13974764	12.24191313	0.015112317	NA	1.1156
15	Well 318	C2	7072022	40	WT (Kan plasmid)	2	0.025% arabinose	10	1.038038408	0.003730751	1.264347765	4.448837764	0.548225101	16.13974764	12.24191313	0.015112317	NA	1.1158
15.25	Well 318	C2	7072022	40	WT (Kan plasmid)	2	0.025% arabinose	10	1.038038408	0.003730751	1.264347765	4.448837764	0.548225101	16.13974764	12.24191313	0.015112317	NA	1.1162
15.5	Well 318	C2	7072022	40	WT (Kan plasmid)	2	0.025% arabinose	10	1.038038408	0.003730751	1.264347765	4.448837764	0.548225101	16.13974764	12.24191313	0.015112317	NA	1.1172
15.75	Well 318	C2	7072022	40	WT (Kan plasmid)	2	0.025% arabinose	10	1.038038408	0.003730751	1.264347765	4.448837764	0.548225101	16.13974764	12.24191313	0.015112317	NA	1.1176
16	Well 318	C2	7072022	40	WT (Kan plasmid)	2	0.025% arabinose	10	1.038038408	0.003730751	1.264347765	4.448837764	0.548225101	16.13974764	12.24191313	0.015112317	NA	1.1177
16.25	Well 318	C2	7072022	40	WT (Kan plasmid)	2	0.025% arabinose	10	1.038038408	0.003730751	1.264347765	4.448837764	0.548225101	16.13974764	12.24191313	0.015112317	NA	1.1176
0	Well 319	C3	7072022	40	WT (Kan plasmid)	3	0.025% arabinose	10	1.046454696	0.006207027	1.208472913	4.238019809	0.57357279	16.48904664	12.54616438	0.015328515	NA	0.092425
0.25	Well 319	C3	7072022	40	WT (Kan plasmid)	3	0.025% arabinose	10	1.046454696	0.006207027	1.208472913	4.238019809	0.57357279	16.48904664	12.54616438	0.015328515	NA	0.092875
0.5	Well 319	C3	7072022	40	WT (Kan plasmid)	3	0.025% arabinose	10	1.046454696	0.006207027	1.208472913	4.238019809	0.57357279	16.48904664	12.54616438	0.015328515	NA	0.094175
0.75	Well 319	C3	7072022	40	WT (Kan plasmid)	3	0.025% arabinose	10	1.046454696	0.006207027	1.208472913	4.238019809	0.57357279	16.48904664	12.54616438	0.015328515	NA	0.0967
1	Well 319	C3	7072022	40	WT (Kan plasmid)	3	0.025% arabinose	10	1.046454696	0.006207027	1.208472913	4.238019809	0.57357279	16.48904664	12.54616438	0.015328515	NA	0.1012
1.25	Well 319	C3	7072022	40	WT (Kan plasmid)	3	0.025% arabinose	10	1.046454696	0.006207027	1.208472913	4.238019809	0.57357279	16.48904664	12.54616438	0.015328515	NA	0.10805
1.5	Well 319	C3	7072022	40	WT (Kan plasmid)	3	0.025% arabinose	10	1.046454696	0.006207027	1.208472913	4.238019809	0.57357279	16.48904664	12.54616438	0.015328515	NA	0.11875
1.75	Well 319	C3	7072022	40	WT (Kan plasmid)	3	0.025% arabinose	10	1.046454696	0.006207027	1.208472913	4.238019809	0.57357279	16.48904664	12.54616438	0.015328515	NA	0.13373
2	Well 319	C3	7072022	40	WT (Kan plasmid)	3	0.025% arabinose	10	1.046454696	0.006207027	1.208472913	4.238019809	0.57357279	16.48904664	12.54616438	0.015328515	NA	0.15298
2.25	Well 319	C3	7072022	40	WT (Kan plasmid)	3	0.025% arabinose	10	1.046454696	0.006207027	1.208472913	4.238019809	0.57357279	16.48904664	12.54616438	0.015328515	NA	0.17638
2.5	Well 319	C3	7072022	40	WT (Kan plasmid)	3	0.025% arabinose	10	1.046454696	0.006207027	1.208472913	4.238019809	0.57357279	16.48904664	12.54616438	0.015328515	NA	0.2035
2.75	Well 319	C3	7072022	40	WT (Kan plasmid)	3	0.025% arabinose	10	1.046454696	0.006207027	1.208472913	4.238019809	0.57357279	16.48904664	12.54616438	0.015328515	NA	0.23385
3	Well 319	C3	7072022	40	WT (Kan plasmid)	3	0.025% arabinose	10	1.046454696	0.006207027	1.208472913	4.238019809	0.57357279	16.48904664	12.54616438	0.015328515	NA	0.27885
3.25	Well 319	C3	7072022	40	WT (Kan plasmid)	3	0.025% arabinose	10	1.046454696	0.006207027	1.208472913	4.238019809	0.57357279	16.48904664	12.54616438	0.015328515	NA	0.32822
3.5	Well 319	C3	7072022	40	WT (Kan plasmid)	3	0.025% arabinose	10	1.046454696	0.006207027	1.208472913	4.238019809	0.57357279	16.48904664	12.54616438	0.015328515	NA	0.39415
3.75	Well 319	C3	7072022	40	WT (Kan plasmid)	3	0.025% arabinose	10	1.046454696	0.006207027	1.208472913	4.238019809	0.57357279	16.48904664	12.54616438	0.015328515	NA	0.46983
4	Well 319	C3	7072022	40	WT (Kan plasmid)	3	0.025% arabinose	10	1.046454696	0.006207027	1.208472913	4.238019809	0.57357279	16.48904664	12.54616438	0.015328515	NA	0.55068
4.25	Well 319	C3	7072022	40	WT (Kan plasmid)	3	0.025% arabinose	10	1.046454696	0.006207027	1.208472913	4.238019809	0.57357279	16.48904664	12.54616438	0.015328515	NA	0.63
4.5	Well 319	C3	7072022	40	WT (Kan plasmid)	3	0.025% arabinose	10	1.046454696	0.006207027	1.208472913	4.238019809	0.57357279	16.48904664	12.54616438	0.015328515	NA	0.69983
4.75	Well 319	C3	7072022	40	WT (Kan plasmid)	3	0.025% arabinose	10	1.046454696	0.006207027	1.208472913	4.238019809	0.57357279	16.48904664	12.54616438	0.015328515	NA	0.79037
5	Well 319	C3	7072022	40	WT (Kan plasmid)	3	0.025% arabinose	10	1.046454696	0.006207027	1.208472913	4.238019809	0.57357279	16.48904664	12.54616438	0.015328515	NA	0.85645
5.25	Well 319	C3	7072022	40	WT (Kan plasmid)	3	0.025% arabinose	10	1.046454696	0.006207027	1.208472913	4.238019809	0.57357279	16.48904664	12.54616438	0.015328515	NA	0.90775
5.5	Well 319	C3	7072022	40	WT (Kan plasmid)	3	0.025% arabinose	10	1.046454696	0.006207027	1.208472913	4.238019809	0.57357279	16.48904664	12.54616438	0.015328515	NA	0.9469
5.75	Well 319	C3	7072022	40	WT (Kan plasmid)	3	0.025% arabinose	10	1.046454696	0.006207027	1.208472913	4.238019809	0.57357279	16.48904664	12.54616438	0.015328515	NA	0.97915
6	Well 319	C3	7072022	40	WT (Kan plasmid)	3	0.025% arabinose	10	1.046454696	0.006207027	1.208472913	4.238019809	0.57357279	16.48904664	12.54616438	0.015328515	NA	1.0054
6.25	Well 319	C3	7072022	40	WT (Kan plasmid)	3	0.025% arabinose	10	1.046454696	0.006207027	1.208472913	4.238019809	0.57357279	16.48904664	12.54616438	0.015328515	NA	1.0277
6.5	Well 319	C3	7072022	40	WT (Kan plasmid)	3	0.025% arabinose	10	1.046454696	0.006207027	1.208472913	4.238019809	0.57357279	16.48904664	12.54616438	0.015328515	NA	1.0491
6.75	Well 319	C3	7072022	40	WT (Kan plasmid)	3	0.025% arabinose	10	1.046454696	0.006207027	1.208472913	4.238019809	0.57357279	16.48904664	12.54616438	0.015328515	NA	1.0674
7	Well 319	C3	7072022	40	WT (Kan plasmid)	3	0.025% arabinose	10	1.046454696	0.006207027	1.208472913	4.238019809	0.57357279	16.48904664	12.54616438	0.015328515	NA	1.0854
7.25	Well 319	C3	7072022	40	WT (Kan plasmid)	3	0.025% arabinose	10	1.046454696	0.006207027	1.208472913	4.238019809	0.57357279	16.48904664	12.54616438	0.015328515	NA	1.0989
7.5	Well 319	C3	7072022	40	WT (Kan plasmid)	3	0.025% arabinose	10	1.046454696	0.006207027	1.208472913	4.238019809	0.57357279	16.48904664	12.54616438	0.015328515	NA	1.1095
7.75	Well 319	C3	7072022	40	WT (Kan plasmid)	3	0.025% arabinose	10	1.046454696	0.006207027	1.208472913	4.238019809	0.57357279	16.48904664	12.54616438	0.015328515	NA	1.1233
8	Well 319	C3	7072022	40	WT (Kan plasmid)	3	0.025% arabinose	10	1.046454696	0.006207027	1.208472913	4.238019809	0.57357279	16.48904664	12.54616438	0.015328515	NA	1.1583
8.25	Well 319	C3	7072022	40	WT (Kan plasmid)	3	0.025% arabinose	10	1.046454696	0.006207027	1.208472913	4.238019809	0.57357279	16.48904664	12.54616438	0.015328515	NA	1.1682
8.5	Well 319	C3	7072022	40	WT (Kan plasmid)	3	0.025% arabinose	10	1.046454696	0.006207027	1.208472913	4.238019809	0.57357279	16.48904664	12.54616438	0.015328515	NA	1.1702
8.75	Well 319	C3	7072022	40	WT (Kan plasmid)	3	0.025% arabinose	10	1.046454696	0.006207027	1.208472913	4.238019809	0.57357279	16.48904664	12.54616438	0.015328515	NA	1.168
9	Well 319	C3	7072022	40	WT (Kan plasmid)	3	0.025% arabinose	10	1.046454696	0.006207027	1.208472913	4.238019809	0.57357279	16.48904664	12.54616438	0.015328515	NA	1.1648
9.25	Well 319	C3	7072022	40	WT (Kan plasmid)	3	0.025% arabinose	10	1.046454696	0.006207027	1.208472913	4.238019809	0.57357279	16.48904664	12.54616438	0.015328515	NA	1.1613
9.5	Well 319	C3	7072022	40	WT (Kan plasmid)	3	0.025% arabinose	10	1.046454696	0.006207027	1.208472913	4.238019809	0.57357279	16.48904664	12.54616438	0.015328515	NA	1.1586
9.75	Well 319	C3	7072022	40	WT (Kan plasmid)	3	0.025% arabinose	10	1.046454696	0.006207027	1.208472913	4.238019809	0.57357279	16.48904664	12.54616438	0.015328515	NA	1.1563
10	Well 319	C3	7072022	40	WT (Kan plasmid)	3	0.025% arabinose	10	1.046454696	0.006207027	1.208472913	4.238019809	0.57357279	16.48904664	12.54616438	0.015328515	NA	1.1535
10.25	Well 319	C3	7072022	40	WT (Kan plasmid)	3	0.025% arabinose	10	1.046454696	0.006207027	1.208472913	4.238019809	0.57357279	16.48904664	12.54616438	0.015328515	NA	1.1511
10.5	Well 319	C3	7072022	40	WT (Kan plasmid)	3	0.025% arabinose	10	1.046454696	0.006207027	1.208472913	4.238019809	0.57357279	16.48904664	12.54616438	0.015328515	NA	1.1484
10.75	Well 319	C3	7072022	40	WT (Kan plasmid)	3	0.025% arabinose	10	1.046454696	0.006207027	1.208472913	4.238019809	0.57357279	16.48904664	12.54616438	0.015328515	NA	1.1457
11	Well 319	C3	7072022	40	WT (Kan plasmid)	3	0.025% arabinose	10	1.046454696	0.006207027	1.208472913	4.238019809	0.57357279	16.48904664	12.54616438	0.015328515	NA	1.1436
11.25	Well 319	C3	7072022	40	WT (Kan plasmid)	3	0.025% arabinose	10	1.046454696	0.006207027	1.208472913	4.238019809	0.57357279	16.48904664	12.54616438	0.015328515	NA	1.1414
11.5	Well 319	C3	7072022	40	WT (Kan plasmid)	3	0.025% arabinose	10	1.046454696	0.006207027	1.208472913	4.238019809	0.57357279	16.48904664	12.54616438	0.015328515	NA	1.1403
11.75	Well 319	C3	7072022	40	WT (Kan plasmid)	3	0.025% arabinose	10	1.046454696	0.006207027	1.208472913	4.238019809	0.57357279	16.48904664	12.54616438	0.015328515	NA	1.1387
12	Well 319	C3	7072022	40	WT (Kan plasmid)	3	0.025% arabinose	10	1.046454696	0.006207027	1.208472913	4.238019809	0.57357279	16.48904664	12.54616438	0.015328515	NA	1.1371
12.25	Well 319	C3	7072022	40	WT (Kan plasmid)	3	0.025% arabinose	10	1.046454696	0.006207027	1.208472913	4.238019809	0.57357279	16.48904664	12.54616438	0.015328515	NA	1.1357
12.5	Well 319	C3	7072022	40	WT (Kan plasmid)	3	0.025% arabinose	10	1.046454696	0.006207027	1.208472913	4.238019809	0.57357279	16.48904664	12.54616438	0.015328515	NA	1.1347
12.75	Well 319	C3	7072022	40	WT (Kan plasmid)	3	0.025% arabinose	10	1.046454696	0.006207027	1.208472913	4.238019809	0.57357279	16.48904664	12.54616438	0.015328515	NA	1.1331
13	Well 319	C3	7072022	40	WT (Kan plasmid)	3	0.025% arabinose	10	1.046454696	0.006207027	1.208472913	4.238019809	0.57357279	16.48904664	12.54616438	0.015328515	NA	1.1322
13.25	Well 319	C3	7072022	40	WT (Kan plasmid)	3	0.025% arabinose	10	1.046454696	0.006207027	1.208472913	4.238019809	0.57357279	16.48904664	12.54616438	0.015328515	NA	1.1317
13.5	Well 319	C3	7072022	40	WT (Kan plasmid)	3	0.025% arabinose	10	1.046454696	0.006207027	1.208472913	4.238019809	0.57357279	16.48904664	12.54616438	0.015328515	NA	1.1312
13.75	Well 319	C3	7072022	40	WT (Kan plasmid)	3	0.025% arabinose	10	1.046454696	0.006207027	1.208472913	4.238019809	0.57357279	16.48904664	12.54616438	0.015328515	NA	1.1312
14	Well 319	C3	7072022	40	WT (Kan plasmid)	3	0.025% arabinose	10	1.046454696	0.006207027	1.208472913	4.238019809	0.57357279	16.48904664	12.54616438	0.015328515	NA	1.1304
14.25	Well 319	C3	7072022	40	WT (Kan plasmid)	3	0.025% arabinose	10	1.046454696	0.006207027	1.208472913	4.238019809	0.57357279	16.48904664	12.54616438	0.015328515	NA	1.1297
14.5	Well 319	C3	7072022	40	WT (Kan plasmid)	3	0.025% arabinose	10	1.046454696	0.006207027	1.208472913	4.238019809	0.57357279	16.48904664	12.54616438	0.015328515	NA	1.129
14.75	Well 319	C3	7072022	40	WT (Kan plasmid)	3	0.025% arabinose	10	1.046454696	0.006207027	1.208472913	4.238019809	0.57357279	16.48904664	12.54616438	0.015328515	NA	1.1279
15	Well 319	C3	7072022	40	WT (Kan plasmid)	3	0.025% arabinose	10	1.046454696	0.006207027	1.208472913	4.238019809	0.57357279	16.48904664	12.54616438	0.015328515	NA	1.1274
15.25	Well 319	C3	7072022	40	WT (Kan plasmid)	3	0.025% arabinose	10	1.046454696	0.006207027	1.208472913	4.238019809	0.57357279	16.48904664	12.54616438	0.015328515	NA	1.1252
15.5	Well 319	C3	7072022	40	WT (Kan plasmid)	3	0.025% arabinose	10	1.046454696	0.006207027	1.208472913	4.238019809	0.57357279	16.48904664	12.54616438	0.015328515	NA	1.1242
15.75	Well 319	C3	7072022	40	WT (Kan plasmid)	3	0.025% arabinose	10	1.046454696	0.006207027	1.208472913	4.238019809	0.57357279	16.48904664	12.54616438	0.015328515	NA	1.1232
16	Well 319	C3	7072022	40	WT (Kan plasmid)	3	0.025% arabinose	10	1.046454696	0.006207027	1.208472913	4.238019809	0.57357279	16.48904664	12.54616438	0.015328515	NA	1.1223
16.25	Well 319	C3	7072022	40	WT (Kan plasmid)	3	0.025% arabinose	10	1.046454696	0.006207027	1.208472913	4.238019809	0.57357279	16.48904664	12.54616438	0.015328515	NA	1.1208
0	Well 329	D1	7072022	40	WT (Kan plasmid)	1	0.05% arabinose	10	1.031769189	0.005904672	1.331293595	3.87408686	0.520656888	16.6337723	12.74084688	0.019902834	NA	0.094975
0.25	Well 329	D1	7072022	40	WT (Kan plasmid)	1	0.05% arabinose	10	1.031769189	0.005904672	1.331293595	3.87408686	0.520656888	16.6337723	12.74084688	0.019902834	NA	0.096
0.5	Well 329	D1	7072022	40	WT (Kan plasmid)	1	0.05% arabinose	10	1.031769189	0.005904672	1.331293595	3.87408686	0.520656888	16.6337723	12.74084688	0.019902834	NA	0.0971
0.75	Well 329	D1	7072022	40	WT (Kan plasmid)	1	0.05% arabinose	10	1.031769189	0.005904672	1.331293595	3.87408686	0.520656888	16.6337723	12.74084688	0.019902834	NA	0.099925
1	Well 329	D1	7072022	40	WT (Kan plasmid)	1	0.05% arabinose	10	1.031769189	0.005904672	1.331293595	3.87408686	0.520656888	16.6337723	12.74084688	0.019902834	NA	0.10465
1.25	Well 329	D1	7072022	40	WT (Kan plasmid)	1	0.05% arabinose	10	1.031769189	0.005904672	1.331293595	3.87408686	0.520656888	16.6337723	12.74084688	0.019902834	NA	0.11245
1.5	Well 329	D1	7072022	40	WT (Kan plasmid)	1	0.05% arabinose	10	1.031769189	0.005904672	1.331293595	3.87408686	0.520656888	16.6337723	12.74084688	0.019902834	NA	0.12298
1.75	Well 329	D1	7072022	40	WT (Kan plasmid)	1	0.05% arabinose	10	1.031769189	0.005904672	1.331293595	3.87408686	0.520656888	16.6337723	12.74084688	0.019902834	NA	0.13847
2	Well 329	D1	7072022	40	WT (Kan plasmid)	1	0.05% arabinose	10	1.031769189	0.005904672	1.331293595	3.87408686	0.520656888	16.6337723	12.74084688	0.019902834	NA	0.1604
2.25	Well 329	D1	7072022	40	WT (Kan plasmid)	1	0.05% arabinose	10	1.031769189	0.005904672	1.331293595	3.87408686	0.520656888	16.6337723	12.74084688	0.019902834	NA	0.18758
2.5	Well 329	D1	7072022	40	WT (Kan plasmid)	1	0.05% arabinose	10	1.031769189	0.005904672	1.331293595	3.87408686	0.520656888	16.6337723	12.74084688	0.019902834	NA	0.22135
2.75	Well 329	D1	7072022	40	WT (Kan plasmid)	1	0.05% arabinose	10	1.031769189	0.005904672	1.331293595	3.87408686	0.520656888	16.6337723	12.74084688	0.019902834	NA	0.26753
3	Well 329	D1	7072022	40	WT (Kan plasmid)	1	0.05% arabinose	10	1.031769189	0.005904672	1.331293595	3.87408686	0.520656888	16.6337723	12.74084688	0.019902834	NA	0.33255
3.25	Well 329	D1	7072022	40	WT (Kan plasmid)	1	0.05% arabinose	10	1.031769189	0.005904672	1.331293595	3.87408686	0.520656888	16.6337723	12.74084688	0.019902834	NA	0.41413
3.5	Well 329	D1	7072022	40	WT (Kan plasmid)	1	0.05% arabinose	10	1.031769189	0.005904672	1.331293595	3.87408686	0.520656888	16.6337723	12.74084688	0.019902834	NA	0.49955
3.75	Well 329	D1	7072022	40	WT (Kan plasmid)	1	0.05% arabinose	10	1.031769189	0.005904672	1.331293595	3.87408686	0.520656888	16.6337723	12.74084688	0.019902834	NA	0.59325
4	Well 329	D1	7072022	40	WT (Kan plasmid)	1	0.05% arabinose	10	1.031769189	0.005904672	1.331293595	3.87408686	0.520656888	16.6337723	12.74084688	0.019902834	NA	0.6728
4.25	Well 329	D1	7072022	40	WT (Kan plasmid)	1	0.05% arabinose	10	1.031769189	0.005904672	1.331293595	3.87408686	0.520656888	16.6337723	12.74084688	0.019902834	NA	0.7489
4.5	Well 329	D1	7072022	40	WT (Kan plasmid)	1	0.05% arabinose	10	1.031769189	0.005904672	1.331293595	3.87408686	0.520656888	16.6337723	12.74084688	0.019902834	NA	0.81145
4.75	Well 329	D1	7072022	40	WT (Kan plasmid)	1	0.05% arabinose	10	1.031769189	0.005904672	1.331293595	3.87408686	0.520656888	16.6337723	12.74084688	0.019902834	NA	0.89243
5	Well 329	D1	7072022	40	WT (Kan plasmid)	1	0.05% arabinose	10	1.031769189	0.005904672	1.331293595	3.87408686	0.520656888	16.6337723	12.74084688	0.019902834	NA	0.92988
5.25	Well 329	D1	7072022	40	WT (Kan plasmid)	1	0.05% arabinose	10	1.031769189	0.005904672	1.331293595	3.87408686	0.520656888	16.6337723	12.74084688	0.019902834	NA	0.9743
5.5	Well 329	D1	7072022	40	WT (Kan plasmid)	1	0.05% arabinose	10	1.031769189	0.005904672	1.331293595	3.87408686	0.520656888	16.6337723	12.74084688	0.019902834	NA	1.0031
5.75	Well 329	D1	7072022	40	WT (Kan plasmid)	1	0.05% arabinose	10	1.031769189	0.005904672	1.331293595	3.87408686	0.520656888	16.6337723	12.74084688	0.019902834	NA	1.0242
6	Well 329	D1	7072022	40	WT (Kan plasmid)	1	0.05% arabinose	10	1.031769189	0.005904672	1.331293595	3.87408686	0.520656888	16.6337723	12.74084688	0.019902834	NA	1.041
6.25	Well 329	D1	7072022	40	WT (Kan plasmid)	1	0.05% arabinose	10	1.031769189	0.005904672	1.331293595	3.87408686	0.520656888	16.6337723	12.74084688	0.019902834	NA	1.0562
6.5	Well 329	D1	7072022	40	WT (Kan plasmid)	1	0.05% arabinose	10	1.031769189	0.005904672	1.331293595	3.87408686	0.520656888	16.6337723	12.74084688	0.019902834	NA	1.07
6.75	Well 329	D1	7072022	40	WT (Kan plasmid)	1	0.05% arabinose	10	1.031769189	0.005904672	1.331293595	3.87408686	0.520656888	16.6337723	12.74084688	0.019902834	NA	1.0816
7	Well 329	D1	7072022	40	WT (Kan plasmid)	1	0.05% arabinose	10	1.031769189	0.005904672	1.331293595	3.87408686	0.520656888	16.6337723	12.74084688	0.019902834	NA	1.0919
7.25	Well 329	D1	7072022	40	WT (Kan plasmid)	1	0.05% arabinose	10	1.031769189	0.005904672	1.331293595	3.87408686	0.520656888	16.6337723	12.74084688	0.019902834	NA	1.1041
7.5	Well 329	D1	7072022	40	WT (Kan plasmid)	1	0.05% arabinose	10	1.031769189	0.005904672	1.331293595	3.87408686	0.520656888	16.6337723	12.74084688	0.019902834	NA	1.1167
7.75	Well 329	D1	7072022	40	WT (Kan plasmid)	1	0.05% arabinose	10	1.031769189	0.005904672	1.331293595	3.87408686	0.520656888	16.6337723	12.74084688	0.019902834	NA	1.1476
8	Well 329	D1	7072022	40	WT (Kan plasmid)	1	0.05% arabinose	10	1.031769189	0.005904672	1.331293595	3.87408686	0.520656888	16.6337723	12.74084688	0.019902834	NA	1.1628
8.25	Well 329	D1	7072022	40	WT (Kan plasmid)	1	0.05% arabinose	10	1.031769189	0.005904672	1.331293595	3.87408686	0.520656888	16.6337723	12.74084688	0.019902834	NA	1.1648
8.5	Well 329	D1	7072022	40	WT (Kan plasmid)	1	0.05% arabinose	10	1.031769189	0.005904672	1.331293595	3.87408686	0.520656888	16.6337723	12.74084688	0.019902834	NA	1.1625
8.75	Well 329	D1	7072022	40	WT (Kan plasmid)	1	0.05% arabinose	10	1.031769189	0.005904672	1.331293595	3.87408686	0.520656888	16.6337723	12.74084688	0.019902834	NA	1.1606
9	Well 329	D1	7072022	40	WT (Kan plasmid)	1	0.05% arabinose	10	1.031769189	0.005904672	1.331293595	3.87408686	0.520656888	16.6337723	12.74084688	0.019902834	NA	1.1585
9.25	Well 329	D1	7072022	40	WT (Kan plasmid)	1	0.05% arabinose	10	1.031769189	0.005904672	1.331293595	3.87408686	0.520656888	16.6337723	12.74084688	0.019902834	NA	1.1571
9.5	Well 329	D1	7072022	40	WT (Kan plasmid)	1	0.05% arabinose	10	1.031769189	0.005904672	1.331293595	3.87408686	0.520656888	16.6337723	12.74084688	0.019902834	NA	1.1551
9.75	Well 329	D1	7072022	40	WT (Kan plasmid)	1	0.05% arabinose	10	1.031769189	0.005904672	1.331293595	3.87408686	0.520656888	16.6337723	12.74084688	0.019902834	NA	1.1533
10	Well 329	D1	7072022	40	WT (Kan plasmid)	1	0.05% arabinose	10	1.031769189	0.005904672	1.331293595	3.87408686	0.520656888	16.6337723	12.74084688	0.019902834	NA	1.1507
10.25	Well 329	D1	7072022	40	WT (Kan plasmid)	1	0.05% arabinose	10	1.031769189	0.005904672	1.331293595	3.87408686	0.520656888	16.6337723	12.74084688	0.019902834	NA	1.148
10.5	Well 329	D1	7072022	40	WT (Kan plasmid)	1	0.05% arabinose	10	1.031769189	0.005904672	1.331293595	3.87408686	0.520656888	16.6337723	12.74084688	0.019902834	NA	1.1447
10.75	Well 329	D1	7072022	40	WT (Kan plasmid)	1	0.05% arabinose	10	1.031769189	0.005904672	1.331293595	3.87408686	0.520656888	16.6337723	12.74084688	0.019902834	NA	1.1413
11	Well 329	D1	7072022	40	WT (Kan plasmid)	1	0.05% arabinose	10	1.031769189	0.005904672	1.331293595	3.87408686	0.520656888	16.6337723	12.74084688	0.019902834	NA	1.1388
11.25	Well 329	D1	7072022	40	WT (Kan plasmid)	1	0.05% arabinose	10	1.031769189	0.005904672	1.331293595	3.87408686	0.520656888	16.6337723	12.74084688	0.019902834	NA	1.1354
11.5	Well 329	D1	7072022	40	WT (Kan plasmid)	1	0.05% arabinose	10	1.031769189	0.005904672	1.331293595	3.87408686	0.520656888	16.6337723	12.74084688	0.019902834	NA	1.1331
11.75	Well 329	D1	7072022	40	WT (Kan plasmid)	1	0.05% arabinose	10	1.031769189	0.005904672	1.331293595	3.87408686	0.520656888	16.6337723	12.74084688	0.019902834	NA	1.1314
12	Well 329	D1	7072022	40	WT (Kan plasmid)	1	0.05% arabinose	10	1.031769189	0.005904672	1.331293595	3.87408686	0.520656888	16.6337723	12.74084688	0.019902834	NA	1.129
12.25	Well 329	D1	7072022	40	WT (Kan plasmid)	1	0.05% arabinose	10	1.031769189	0.005904672	1.331293595	3.87408686	0.520656888	16.6337723	12.74084688	0.019902834	NA	1.1268
12.5	Well 329	D1	7072022	40	WT (Kan plasmid)	1	0.05% arabinose	10	1.031769189	0.005904672	1.331293595	3.87408686	0.520656888	16.6337723	12.74084688	0.019902834	NA	1.1228
12.75	Well 329	D1	7072022	40	WT (Kan plasmid)	1	0.05% arabinose	10	1.031769189	0.005904672	1.331293595	3.87408686	0.520656888	16.6337723	12.74084688	0.019902834	NA	1.1216
13	Well 329	D1	7072022	40	WT (Kan plasmid)	1	0.05% arabinose	10	1.031769189	0.005904672	1.331293595	3.87408686	0.520656888	16.6337723	12.74084688	0.019902834	NA	1.1192
13.25	Well 329	D1	7072022	40	WT (Kan plasmid)	1	0.05% arabinose	10	1.031769189	0.005904672	1.331293595	3.87408686	0.520656888	16.6337723	12.74084688	0.019902834	NA	1.117
13.5	Well 329	D1	7072022	40	WT (Kan plasmid)	1	0.05% arabinose	10	1.031769189	0.005904672	1.331293595	3.87408686	0.520656888	16.6337723	12.74084688	0.019902834	NA	1.1157
13.75	Well 329	D1	7072022	40	WT (Kan plasmid)	1	0.05% arabinose	10	1.031769189	0.005904672	1.331293595	3.87408686	0.520656888	16.6337723	12.74084688	0.019902834	NA	1.1146
14	Well 329	D1	7072022	40	WT (Kan plasmid)	1	0.05% arabinose	10	1.031769189	0.005904672	1.331293595	3.87408686	0.520656888	16.6337723	12.74084688	0.019902834	NA	1.1128
14.25	Well 329	D1	7072022	40	WT (Kan plasmid)	1	0.05% arabinose	10	1.031769189	0.005904672	1.331293595	3.87408686	0.520656888	16.6337723	12.74084688	0.019902834	NA	1.1109
14.5	Well 329	D1	7072022	40	WT (Kan plasmid)	1	0.05% arabinose	10	1.031769189	0.005904672	1.331293595	3.87408686	0.520656888	16.6337723	12.74084688	0.019902834	NA	1.109
14.75	Well 329	D1	7072022	40	WT (Kan plasmid)	1	0.05% arabinose	10	1.031769189	0.005904672	1.331293595	3.87408686	0.520656888	16.6337723	12.74084688	0.019902834	NA	1.1074
15	Well 329	D1	7072022	40	WT (Kan plasmid)	1	0.05% arabinose	10	1.031769189	0.005904672	1.331293595	3.87408686	0.520656888	16.6337723	12.74084688	0.019902834	NA	1.1059
15.25	Well 329	D1	7072022	40	WT (Kan plasmid)	1	0.05% arabinose	10	1.031769189	0.005904672	1.331293595	3.87408686	0.520656888	16.6337723	12.74084688	0.019902834	NA	1.1044
15.5	Well 329	D1	7072022	40	WT (Kan plasmid)	1	0.05% arabinose	10	1.031769189	0.005904672	1.331293595	3.87408686	0.520656888	16.6337723	12.74084688	0.019902834	NA	1.1044
15.75	Well 329	D1	7072022	40	WT (Kan plasmid)	1	0.05% arabinose	10	1.031769189	0.005904672	1.331293595	3.87408686	0.520656888	16.6337723	12.74084688	0.019902834	NA	1.1035
16	Well 329	D1	7072022	40	WT (Kan plasmid)	1	0.05% arabinose	10	1.031769189	0.005904672	1.331293595	3.87408686	0.520656888	16.6337723	12.74084688	0.019902834	NA	1.102
16.25	Well 329	D1	7072022	40	WT (Kan plasmid)	1	0.05% arabinose	10	1.031769189	0.005904672	1.331293595	3.87408686	0.520656888	16.6337723	12.74084688	0.019902834	NA	1.1002
0	Well 330	D2	7072022	40	WT (Kan plasmid)	2	0.05% arabinose	10	1.064003173	0.006899918	1.297567245	3.877855355	0.534189795	17.14867817	13.12523875	0.024261468	NA	0.09465
0.25	Well 330	D2	7072022	40	WT (Kan plasmid)	2	0.05% arabinose	10	1.064003173	0.006899918	1.297567245	3.877855355	0.534189795	17.14867817	13.12523875	0.024261468	NA	0.09495
0.5	Well 330	D2	7072022	40	WT (Kan plasmid)	2	0.05% arabinose	10	1.064003173	0.006899918	1.297567245	3.877855355	0.534189795	17.14867817	13.12523875	0.024261468	NA	0.09645
0.75	Well 330	D2	7072022	40	WT (Kan plasmid)	2	0.05% arabinose	10	1.064003173	0.006899918	1.297567245	3.877855355	0.534189795	17.14867817	13.12523875	0.024261468	NA	0.0984
1	Well 330	D2	7072022	40	WT (Kan plasmid)	2	0.05% arabinose	10	1.064003173	0.006899918	1.297567245	3.877855355	0.534189795	17.14867817	13.12523875	0.024261468	NA	0.10367
1.25	Well 330	D2	7072022	40	WT (Kan plasmid)	2	0.05% arabinose	10	1.064003173	0.006899918	1.297567245	3.877855355	0.534189795	17.14867817	13.12523875	0.024261468	NA	0.11093
1.5	Well 330	D2	7072022	40	WT (Kan plasmid)	2	0.05% arabinose	10	1.064003173	0.006899918	1.297567245	3.877855355	0.534189795	17.14867817	13.12523875	0.024261468	NA	0.12163
1.75	Well 330	D2	7072022	40	WT (Kan plasmid)	2	0.05% arabinose	10	1.064003173	0.006899918	1.297567245	3.877855355	0.534189795	17.14867817	13.12523875	0.024261468	NA	0.13708
2	Well 330	D2	7072022	40	WT (Kan plasmid)	2	0.05% arabinose	10	1.064003173	0.006899918	1.297567245	3.877855355	0.534189795	17.14867817	13.12523875	0.024261468	NA	0.1596
2.25	Well 330	D2	7072022	40	WT (Kan plasmid)	2	0.05% arabinose	10	1.064003173	0.006899918	1.297567245	3.877855355	0.534189795	17.14867817	13.12523875	0.024261468	NA	0.1881
2.5	Well 330	D2	7072022	40	WT (Kan plasmid)	2	0.05% arabinose	10	1.064003173	0.006899918	1.297567245	3.877855355	0.534189795	17.14867817	13.12523875	0.024261468	NA	0.2226
2.75	Well 330	D2	7072022	40	WT (Kan plasmid)	2	0.05% arabinose	10	1.064003173	0.006899918	1.297567245	3.877855355	0.534189795	17.14867817	13.12523875	0.024261468	NA	0.27333
3	Well 330	D2	7072022	40	WT (Kan plasmid)	2	0.05% arabinose	10	1.064003173	0.006899918	1.297567245	3.877855355	0.534189795	17.14867817	13.12523875	0.024261468	NA	0.34315
3.25	Well 330	D2	7072022	40	WT (Kan plasmid)	2	0.05% arabinose	10	1.064003173	0.006899918	1.297567245	3.877855355	0.534189795	17.14867817	13.12523875	0.024261468	NA	0.4276
3.5	Well 330	D2	7072022	40	WT (Kan plasmid)	2	0.05% arabinose	10	1.064003173	0.006899918	1.297567245	3.877855355	0.534189795	17.14867817	13.12523875	0.024261468	NA	0.51685
3.75	Well 330	D2	7072022	40	WT (Kan plasmid)	2	0.05% arabinose	10	1.064003173	0.006899918	1.297567245	3.877855355	0.534189795	17.14867817	13.12523875	0.024261468	NA	0.6134
4	Well 330	D2	7072022	40	WT (Kan plasmid)	2	0.05% arabinose	10	1.064003173	0.006899918	1.297567245	3.877855355	0.534189795	17.14867817	13.12523875	0.024261468	NA	0.697
4.25	Well 330	D2	7072022	40	WT (Kan plasmid)	2	0.05% arabinose	10	1.064003173	0.006899918	1.297567245	3.877855355	0.534189795	17.14867817	13.12523875	0.024261468	NA	0.76798
4.5	Well 330	D2	7072022	40	WT (Kan plasmid)	2	0.05% arabinose	10	1.064003173	0.006899918	1.297567245	3.877855355	0.534189795	17.14867817	13.12523875	0.024261468	NA	0.85133
4.75	Well 330	D2	7072022	40	WT (Kan plasmid)	2	0.05% arabinose	10	1.064003173	0.006899918	1.297567245	3.877855355	0.534189795	17.14867817	13.12523875	0.024261468	NA	0.9067
5	Well 330	D2	7072022	40	WT (Kan plasmid)	2	0.05% arabinose	10	1.064003173	0.006899918	1.297567245	3.877855355	0.534189795	17.14867817	13.12523875	0.024261468	NA	0.94423
5.25	Well 330	D2	7072022	40	WT (Kan plasmid)	2	0.05% arabinose	10	1.064003173	0.006899918	1.297567245	3.877855355	0.534189795	17.14867817	13.12523875	0.024261468	NA	0.9888
5.5	Well 330	D2	7072022	40	WT (Kan plasmid)	2	0.05% arabinose	10	1.064003173	0.006899918	1.297567245	3.877855355	0.534189795	17.14867817	13.12523875	0.024261468	NA	1.0187
5.75	Well 330	D2	7072022	40	WT (Kan plasmid)	2	0.05% arabinose	10	1.064003173	0.006899918	1.297567245	3.877855355	0.534189795	17.14867817	13.12523875	0.024261468	NA	1.0404
6	Well 330	D2	7072022	40	WT (Kan plasmid)	2	0.05% arabinose	10	1.064003173	0.006899918	1.297567245	3.877855355	0.534189795	17.14867817	13.12523875	0.024261468	NA	1.0576
6.25	Well 330	D2	7072022	40	WT (Kan plasmid)	2	0.05% arabinose	10	1.064003173	0.006899918	1.297567245	3.877855355	0.534189795	17.14867817	13.12523875	0.024261468	NA	1.0721
6.5	Well 330	D2	7072022	40	WT (Kan plasmid)	2	0.05% arabinose	10	1.064003173	0.006899918	1.297567245	3.877855355	0.534189795	17.14867817	13.12523875	0.024261468	NA	1.0866
6.75	Well 330	D2	7072022	40	WT (Kan plasmid)	2	0.05% arabinose	10	1.064003173	0.006899918	1.297567245	3.877855355	0.534189795	17.14867817	13.12523875	0.024261468	NA	1.0994
7	Well 330	D2	7072022	40	WT (Kan plasmid)	2	0.05% arabinose	10	1.064003173	0.006899918	1.297567245	3.877855355	0.534189795	17.14867817	13.12523875	0.024261468	NA	1.1107
7.25	Well 330	D2	7072022	40	WT (Kan plasmid)	2	0.05% arabinose	10	1.064003173	0.006899918	1.297567245	3.877855355	0.534189795	17.14867817	13.12523875	0.024261468	NA	1.1228
7.5	Well 330	D2	7072022	40	WT (Kan plasmid)	2	0.05% arabinose	10	1.064003173	0.006899918	1.297567245	3.877855355	0.534189795	17.14867817	13.12523875	0.024261468	NA	1.1358
7.75	Well 330	D2	7072022	40	WT (Kan plasmid)	2	0.05% arabinose	10	1.064003173	0.006899918	1.297567245	3.877855355	0.534189795	17.14867817	13.12523875	0.024261468	NA	1.1569
8	Well 330	D2	7072022	40	WT (Kan plasmid)	2	0.05% arabinose	10	1.064003173	0.006899918	1.297567245	3.877855355	0.534189795	17.14867817	13.12523875	0.024261468	NA	1.1906
8.25	Well 330	D2	7072022	40	WT (Kan plasmid)	2	0.05% arabinose	10	1.064003173	0.006899918	1.297567245	3.877855355	0.534189795	17.14867817	13.12523875	0.024261468	NA	1.1993
8.5	Well 330	D2	7072022	40	WT (Kan plasmid)	2	0.05% arabinose	10	1.064003173	0.006899918	1.297567245	3.877855355	0.534189795	17.14867817	13.12523875	0.024261468	NA	1.1983
8.75	Well 330	D2	7072022	40	WT (Kan plasmid)	2	0.05% arabinose	10	1.064003173	0.006899918	1.297567245	3.877855355	0.534189795	17.14867817	13.12523875	0.024261468	NA	1.1958
9	Well 330	D2	7072022	40	WT (Kan plasmid)	2	0.05% arabinose	10	1.064003173	0.006899918	1.297567245	3.877855355	0.534189795	17.14867817	13.12523875	0.024261468	NA	1.1938
9.25	Well 330	D2	7072022	40	WT (Kan plasmid)	2	0.05% arabinose	10	1.064003173	0.006899918	1.297567245	3.877855355	0.534189795	17.14867817	13.12523875	0.024261468	NA	1.1927
9.5	Well 330	D2	7072022	40	WT (Kan plasmid)	2	0.05% arabinose	10	1.064003173	0.006899918	1.297567245	3.877855355	0.534189795	17.14867817	13.12523875	0.024261468	NA	1.1911
9.75	Well 330	D2	7072022	40	WT (Kan plasmid)	2	0.05% arabinose	10	1.064003173	0.006899918	1.297567245	3.877855355	0.534189795	17.14867817	13.12523875	0.024261468	NA	1.1898
10	Well 330	D2	7072022	40	WT (Kan plasmid)	2	0.05% arabinose	10	1.064003173	0.006899918	1.297567245	3.877855355	0.534189795	17.14867817	13.12523875	0.024261468	NA	1.1876
10.25	Well 330	D2	7072022	40	WT (Kan plasmid)	2	0.05% arabinose	10	1.064003173	0.006899918	1.297567245	3.877855355	0.534189795	17.14867817	13.12523875	0.024261468	NA	1.1857
10.5	Well 330	D2	7072022	40	WT (Kan plasmid)	2	0.05% arabinose	10	1.064003173	0.006899918	1.297567245	3.877855355	0.534189795	17.14867817	13.12523875	0.024261468	NA	1.1825
10.75	Well 330	D2	7072022	40	WT (Kan plasmid)	2	0.05% arabinose	10	1.064003173	0.006899918	1.297567245	3.877855355	0.534189795	17.14867817	13.12523875	0.024261468	NA	1.1793
11	Well 330	D2	7072022	40	WT (Kan plasmid)	2	0.05% arabinose	10	1.064003173	0.006899918	1.297567245	3.877855355	0.534189795	17.14867817	13.12523875	0.024261468	NA	1.1777
11.25	Well 330	D2	7072022	40	WT (Kan plasmid)	2	0.05% arabinose	10	1.064003173	0.006899918	1.297567245	3.877855355	0.534189795	17.14867817	13.12523875	0.024261468	NA	1.1752
11.5	Well 330	D2	7072022	40	WT (Kan plasmid)	2	0.05% arabinose	10	1.064003173	0.006899918	1.297567245	3.877855355	0.534189795	17.14867817	13.12523875	0.024261468	NA	1.1734
11.75	Well 330	D2	7072022	40	WT (Kan plasmid)	2	0.05% arabinose	10	1.064003173	0.006899918	1.297567245	3.877855355	0.534189795	17.14867817	13.12523875	0.024261468	NA	1.1718
12	Well 330	D2	7072022	40	WT (Kan plasmid)	2	0.05% arabinose	10	1.064003173	0.006899918	1.297567245	3.877855355	0.534189795	17.14867817	13.12523875	0.024261468	NA	1.169
12.25	Well 330	D2	7072022	40	WT (Kan plasmid)	2	0.05% arabinose	10	1.064003173	0.006899918	1.297567245	3.877855355	0.534189795	17.14867817	13.12523875	0.024261468	NA	1.1666
12.5	Well 330	D2	7072022	40	WT (Kan plasmid)	2	0.05% arabinose	10	1.064003173	0.006899918	1.297567245	3.877855355	0.534189795	17.14867817	13.12523875	0.024261468	NA	1.1624
12.75	Well 330	D2	7072022	40	WT (Kan plasmid)	2	0.05% arabinose	10	1.064003173	0.006899918	1.297567245	3.877855355	0.534189795	17.14867817	13.12523875	0.024261468	NA	1.1597
13	Well 330	D2	7072022	40	WT (Kan plasmid)	2	0.05% arabinose	10	1.064003173	0.006899918	1.297567245	3.877855355	0.534189795	17.14867817	13.12523875	0.024261468	NA	1.1567
13.25	Well 330	D2	7072022	40	WT (Kan plasmid)	2	0.05% arabinose	10	1.064003173	0.006899918	1.297567245	3.877855355	0.534189795	17.14867817	13.12523875	0.024261468	NA	1.1533
13.5	Well 330	D2	7072022	40	WT (Kan plasmid)	2	0.05% arabinose	10	1.064003173	0.006899918	1.297567245	3.877855355	0.534189795	17.14867817	13.12523875	0.024261468	NA	1.1512
13.75	Well 330	D2	7072022	40	WT (Kan plasmid)	2	0.05% arabinose	10	1.064003173	0.006899918	1.297567245	3.877855355	0.534189795	17.14867817	13.12523875	0.024261468	NA	1.1487
14	Well 330	D2	7072022	40	WT (Kan plasmid)	2	0.05% arabinose	10	1.064003173	0.006899918	1.297567245	3.877855355	0.534189795	17.14867817	13.12523875	0.024261468	NA	1.1459
14.25	Well 330	D2	7072022	40	WT (Kan plasmid)	2	0.05% arabinose	10	1.064003173	0.006899918	1.297567245	3.877855355	0.534189795	17.14867817	13.12523875	0.024261468	NA	1.1426
14.5	Well 330	D2	7072022	40	WT (Kan plasmid)	2	0.05% arabinose	10	1.064003173	0.006899918	1.297567245	3.877855355	0.534189795	17.14867817	13.12523875	0.024261468	NA	1.1395
14.75	Well 330	D2	7072022	40	WT (Kan plasmid)	2	0.05% arabinose	10	1.064003173	0.006899918	1.297567245	3.877855355	0.534189795	17.14867817	13.12523875	0.024261468	NA	1.137
15	Well 330	D2	7072022	40	WT (Kan plasmid)	2	0.05% arabinose	10	1.064003173	0.006899918	1.297567245	3.877855355	0.534189795	17.14867817	13.12523875	0.024261468	NA	1.1345
15.25	Well 330	D2	7072022	40	WT (Kan plasmid)	2	0.05% arabinose	10	1.064003173	0.006899918	1.297567245	3.877855355	0.534189795	17.14867817	13.12523875	0.024261468	NA	1.133
15.5	Well 330	D2	7072022	40	WT (Kan plasmid)	2	0.05% arabinose	10	1.064003173	0.006899918	1.297567245	3.877855355	0.534189795	17.14867817	13.12523875	0.024261468	NA	1.133
15.75	Well 330	D2	7072022	40	WT (Kan plasmid)	2	0.05% arabinose	10	1.064003173	0.006899918	1.297567245	3.877855355	0.534189795	17.14867817	13.12523875	0.024261468	NA	1.1307
16	Well 330	D2	7072022	40	WT (Kan plasmid)	2	0.05% arabinose	10	1.064003173	0.006899918	1.297567245	3.877855355	0.534189795	17.14867817	13.12523875	0.024261468	NA	1.129
16.25	Well 330	D2	7072022	40	WT (Kan plasmid)	2	0.05% arabinose	10	1.064003173	0.006899918	1.297567245	3.877855355	0.534189795	17.14867817	13.12523875	0.024261468	NA	1.1274
0	Well 331	D3	7072022	40	WT (Kan plasmid)	3	0.05% arabinose	10	1.086176096	0.008431576	1.238062941	3.917928419	0.55986425	17.46112486	13.34323938	0.023789578	NA	0.092875
0.25	Well 331	D3	7072022	40	WT (Kan plasmid)	3	0.05% arabinose	10	1.086176096	0.008431576	1.238062941	3.917928419	0.55986425	17.46112486	13.34323938	0.023789578	NA	0.09335
0.5	Well 331	D3	7072022	40	WT (Kan plasmid)	3	0.05% arabinose	10	1.086176096	0.008431576	1.238062941	3.917928419	0.55986425	17.46112486	13.34323938	0.023789578	NA	0.0947
0.75	Well 331	D3	7072022	40	WT (Kan plasmid)	3	0.05% arabinose	10	1.086176096	0.008431576	1.238062941	3.917928419	0.55986425	17.46112486	13.34323938	0.023789578	NA	0.097125
1	Well 331	D3	7072022	40	WT (Kan plasmid)	3	0.05% arabinose	10	1.086176096	0.008431576	1.238062941	3.917928419	0.55986425	17.46112486	13.34323938	0.023789578	NA	0.10183
1.25	Well 331	D3	7072022	40	WT (Kan plasmid)	3	0.05% arabinose	10	1.086176096	0.008431576	1.238062941	3.917928419	0.55986425	17.46112486	13.34323938	0.023789578	NA	0.10898
1.5	Well 331	D3	7072022	40	WT (Kan plasmid)	3	0.05% arabinose	10	1.086176096	0.008431576	1.238062941	3.917928419	0.55986425	17.46112486	13.34323938	0.023789578	NA	0.1199
1.75	Well 331	D3	7072022	40	WT (Kan plasmid)	3	0.05% arabinose	10	1.086176096	0.008431576	1.238062941	3.917928419	0.55986425	17.46112486	13.34323938	0.023789578	NA	0.1356
2	Well 331	D3	7072022	40	WT (Kan plasmid)	3	0.05% arabinose	10	1.086176096	0.008431576	1.238062941	3.917928419	0.55986425	17.46112486	13.34323938	0.023789578	NA	0.15748
2.25	Well 331	D3	7072022	40	WT (Kan plasmid)	3	0.05% arabinose	10	1.086176096	0.008431576	1.238062941	3.917928419	0.55986425	17.46112486	13.34323938	0.023789578	NA	0.18653
2.5	Well 331	D3	7072022	40	WT (Kan plasmid)	3	0.05% arabinose	10	1.086176096	0.008431576	1.238062941	3.917928419	0.55986425	17.46112486	13.34323938	0.023789578	NA	0.22185
2.75	Well 331	D3	7072022	40	WT (Kan plasmid)	3	0.05% arabinose	10	1.086176096	0.008431576	1.238062941	3.917928419	0.55986425	17.46112486	13.34323938	0.023789578	NA	0.27308
3	Well 331	D3	7072022	40	WT (Kan plasmid)	3	0.05% arabinose	10	1.086176096	0.008431576	1.238062941	3.917928419	0.55986425	17.46112486	13.34323938	0.023789578	NA	0.3442
3.25	Well 331	D3	7072022	40	WT (Kan plasmid)	3	0.05% arabinose	10	1.086176096	0.008431576	1.238062941	3.917928419	0.55986425	17.46112486	13.34323938	0.023789578	NA	0.42953
3.5	Well 331	D3	7072022	40	WT (Kan plasmid)	3	0.05% arabinose	10	1.086176096	0.008431576	1.238062941	3.917928419	0.55986425	17.46112486	13.34323938	0.023789578	NA	0.51957
3.75	Well 331	D3	7072022	40	WT (Kan plasmid)	3	0.05% arabinose	10	1.086176096	0.008431576	1.238062941	3.917928419	0.55986425	17.46112486	13.34323938	0.023789578	NA	0.61688
4	Well 331	D3	7072022	40	WT (Kan plasmid)	3	0.05% arabinose	10	1.086176096	0.008431576	1.238062941	3.917928419	0.55986425	17.46112486	13.34323938	0.023789578	NA	0.70095
4.25	Well 331	D3	7072022	40	WT (Kan plasmid)	3	0.05% arabinose	10	1.086176096	0.008431576	1.238062941	3.917928419	0.55986425	17.46112486	13.34323938	0.023789578	NA	0.7697
4.5	Well 331	D3	7072022	40	WT (Kan plasmid)	3	0.05% arabinose	10	1.086176096	0.008431576	1.238062941	3.917928419	0.55986425	17.46112486	13.34323938	0.023789578	NA	0.85028
4.75	Well 331	D3	7072022	40	WT (Kan plasmid)	3	0.05% arabinose	10	1.086176096	0.008431576	1.238062941	3.917928419	0.55986425	17.46112486	13.34323938	0.023789578	NA	0.90713
5	Well 331	D3	7072022	40	WT (Kan plasmid)	3	0.05% arabinose	10	1.086176096	0.008431576	1.238062941	3.917928419	0.55986425	17.46112486	13.34323938	0.023789578	NA	0.94413
5.25	Well 331	D3	7072022	40	WT (Kan plasmid)	3	0.05% arabinose	10	1.086176096	0.008431576	1.238062941	3.917928419	0.55986425	17.46112486	13.34323938	0.023789578	NA	0.98815
5.5	Well 331	D3	7072022	40	WT (Kan plasmid)	3	0.05% arabinose	10	1.086176096	0.008431576	1.238062941	3.917928419	0.55986425	17.46112486	13.34323938	0.023789578	NA	1.0188
5.75	Well 331	D3	7072022	40	WT (Kan plasmid)	3	0.05% arabinose	10	1.086176096	0.008431576	1.238062941	3.917928419	0.55986425	17.46112486	13.34323938	0.023789578	NA	1.043
6	Well 331	D3	7072022	40	WT (Kan plasmid)	3	0.05% arabinose	10	1.086176096	0.008431576	1.238062941	3.917928419	0.55986425	17.46112486	13.34323938	0.023789578	NA	1.0614
6.25	Well 331	D3	7072022	40	WT (Kan plasmid)	3	0.05% arabinose	10	1.086176096	0.008431576	1.238062941	3.917928419	0.55986425	17.46112486	13.34323938	0.023789578	NA	1.0751
6.5	Well 331	D3	7072022	40	WT (Kan plasmid)	3	0.05% arabinose	10	1.086176096	0.008431576	1.238062941	3.917928419	0.55986425	17.46112486	13.34323938	0.023789578	NA	1.0888
6.75	Well 331	D3	7072022	40	WT (Kan plasmid)	3	0.05% arabinose	10	1.086176096	0.008431576	1.238062941	3.917928419	0.55986425	17.46112486	13.34323938	0.023789578	NA	1.1023
7	Well 331	D3	7072022	40	WT (Kan plasmid)	3	0.05% arabinose	10	1.086176096	0.008431576	1.238062941	3.917928419	0.55986425	17.46112486	13.34323938	0.023789578	NA	1.1137
7.25	Well 331	D3	7072022	40	WT (Kan plasmid)	3	0.05% arabinose	10	1.086176096	0.008431576	1.238062941	3.917928419	0.55986425	17.46112486	13.34323938	0.023789578	NA	1.1245
7.5	Well 331	D3	7072022	40	WT (Kan plasmid)	3	0.05% arabinose	10	1.086176096	0.008431576	1.238062941	3.917928419	0.55986425	17.46112486	13.34323938	0.023789578	NA	1.1367
7.75	Well 331	D3	7072022	40	WT (Kan plasmid)	3	0.05% arabinose	10	1.086176096	0.008431576	1.238062941	3.917928419	0.55986425	17.46112486	13.34323938	0.023789578	NA	1.1501
8	Well 331	D3	7072022	40	WT (Kan plasmid)	3	0.05% arabinose	10	1.086176096	0.008431576	1.238062941	3.917928419	0.55986425	17.46112486	13.34323938	0.023789578	NA	1.1829
8.25	Well 331	D3	7072022	40	WT (Kan plasmid)	3	0.05% arabinose	10	1.086176096	0.008431576	1.238062941	3.917928419	0.55986425	17.46112486	13.34323938	0.023789578	NA	1.2057
8.5	Well 331	D3	7072022	40	WT (Kan plasmid)	3	0.05% arabinose	10	1.086176096	0.008431576	1.238062941	3.917928419	0.55986425	17.46112486	13.34323938	0.023789578	NA	1.2096
8.75	Well 331	D3	7072022	40	WT (Kan plasmid)	3	0.05% arabinose	10	1.086176096	0.008431576	1.238062941	3.917928419	0.55986425	17.46112486	13.34323938	0.023789578	NA	1.2086
9	Well 331	D3	7072022	40	WT (Kan plasmid)	3	0.05% arabinose	10	1.086176096	0.008431576	1.238062941	3.917928419	0.55986425	17.46112486	13.34323938	0.023789578	NA	1.2073
9.25	Well 331	D3	7072022	40	WT (Kan plasmid)	3	0.05% arabinose	10	1.086176096	0.008431576	1.238062941	3.917928419	0.55986425	17.46112486	13.34323938	0.023789578	NA	1.2063
9.5	Well 331	D3	7072022	40	WT (Kan plasmid)	3	0.05% arabinose	10	1.086176096	0.008431576	1.238062941	3.917928419	0.55986425	17.46112486	13.34323938	0.023789578	NA	1.2046
9.75	Well 331	D3	7072022	40	WT (Kan plasmid)	3	0.05% arabinose	10	1.086176096	0.008431576	1.238062941	3.917928419	0.55986425	17.46112486	13.34323938	0.023789578	NA	1.2038
10	Well 331	D3	7072022	40	WT (Kan plasmid)	3	0.05% arabinose	10	1.086176096	0.008431576	1.238062941	3.917928419	0.55986425	17.46112486	13.34323938	0.023789578	NA	1.202
10.25	Well 331	D3	7072022	40	WT (Kan plasmid)	3	0.05% arabinose	10	1.086176096	0.008431576	1.238062941	3.917928419	0.55986425	17.46112486	13.34323938	0.023789578	NA	1.2007
10.5	Well 331	D3	7072022	40	WT (Kan plasmid)	3	0.05% arabinose	10	1.086176096	0.008431576	1.238062941	3.917928419	0.55986425	17.46112486	13.34323938	0.023789578	NA	1.1982
10.75	Well 331	D3	7072022	40	WT (Kan plasmid)	3	0.05% arabinose	10	1.086176096	0.008431576	1.238062941	3.917928419	0.55986425	17.46112486	13.34323938	0.023789578	NA	1.1961
11	Well 331	D3	7072022	40	WT (Kan plasmid)	3	0.05% arabinose	10	1.086176096	0.008431576	1.238062941	3.917928419	0.55986425	17.46112486	13.34323938	0.023789578	NA	1.1948
11.25	Well 331	D3	7072022	40	WT (Kan plasmid)	3	0.05% arabinose	10	1.086176096	0.008431576	1.238062941	3.917928419	0.55986425	17.46112486	13.34323938	0.023789578	NA	1.1929
11.5	Well 331	D3	7072022	40	WT (Kan plasmid)	3	0.05% arabinose	10	1.086176096	0.008431576	1.238062941	3.917928419	0.55986425	17.46112486	13.34323938	0.023789578	NA	1.1915
11.75	Well 331	D3	7072022	40	WT (Kan plasmid)	3	0.05% arabinose	10	1.086176096	0.008431576	1.238062941	3.917928419	0.55986425	17.46112486	13.34323938	0.023789578	NA	1.19
12	Well 331	D3	7072022	40	WT (Kan plasmid)	3	0.05% arabinose	10	1.086176096	0.008431576	1.238062941	3.917928419	0.55986425	17.46112486	13.34323938	0.023789578	NA	1.1881
12.25	Well 331	D3	7072022	40	WT (Kan plasmid)	3	0.05% arabinose	10	1.086176096	0.008431576	1.238062941	3.917928419	0.55986425	17.46112486	13.34323938	0.023789578	NA	1.1863
12.5	Well 331	D3	7072022	40	WT (Kan plasmid)	3	0.05% arabinose	10	1.086176096	0.008431576	1.238062941	3.917928419	0.55986425	17.46112486	13.34323938	0.023789578	NA	1.1842
12.75	Well 331	D3	7072022	40	WT (Kan plasmid)	3	0.05% arabinose	10	1.086176096	0.008431576	1.238062941	3.917928419	0.55986425	17.46112486	13.34323938	0.023789578	NA	1.1827
13	Well 331	D3	7072022	40	WT (Kan plasmid)	3	0.05% arabinose	10	1.086176096	0.008431576	1.238062941	3.917928419	0.55986425	17.46112486	13.34323938	0.023789578	NA	1.1814
13.25	Well 331	D3	7072022	40	WT (Kan plasmid)	3	0.05% arabinose	10	1.086176096	0.008431576	1.238062941	3.917928419	0.55986425	17.46112486	13.34323938	0.023789578	NA	1.1802
13.5	Well 331	D3	7072022	40	WT (Kan plasmid)	3	0.05% arabinose	10	1.086176096	0.008431576	1.238062941	3.917928419	0.55986425	17.46112486	13.34323938	0.023789578	NA	1.1803
13.75	Well 331	D3	7072022	40	WT (Kan plasmid)	3	0.05% arabinose	10	1.086176096	0.008431576	1.238062941	3.917928419	0.55986425	17.46112486	13.34323938	0.023789578	NA	1.1794
14	Well 331	D3	7072022	40	WT (Kan plasmid)	3	0.05% arabinose	10	1.086176096	0.008431576	1.238062941	3.917928419	0.55986425	17.46112486	13.34323938	0.023789578	NA	1.1783
14.25	Well 331	D3	7072022	40	WT (Kan plasmid)	3	0.05% arabinose	10	1.086176096	0.008431576	1.238062941	3.917928419	0.55986425	17.46112486	13.34323938	0.023789578	NA	1.1764
14.5	Well 331	D3	7072022	40	WT (Kan plasmid)	3	0.05% arabinose	10	1.086176096	0.008431576	1.238062941	3.917928419	0.55986425	17.46112486	13.34323938	0.023789578	NA	1.1746
14.75	Well 331	D3	7072022	40	WT (Kan plasmid)	3	0.05% arabinose	10	1.086176096	0.008431576	1.238062941	3.917928419	0.55986425	17.46112486	13.34323938	0.023789578	NA	1.173
15	Well 331	D3	7072022	40	WT (Kan plasmid)	3	0.05% arabinose	10	1.086176096	0.008431576	1.238062941	3.917928419	0.55986425	17.46112486	13.34323938	0.023789578	NA	1.1716
15.25	Well 331	D3	7072022	40	WT (Kan plasmid)	3	0.05% arabinose	10	1.086176096	0.008431576	1.238062941	3.917928419	0.55986425	17.46112486	13.34323938	0.023789578	NA	1.1706
15.5	Well 331	D3	7072022	40	WT (Kan plasmid)	3	0.05% arabinose	10	1.086176096	0.008431576	1.238062941	3.917928419	0.55986425	17.46112486	13.34323938	0.023789578	NA	1.17
15.75	Well 331	D3	7072022	40	WT (Kan plasmid)	3	0.05% arabinose	10	1.086176096	0.008431576	1.238062941	3.917928419	0.55986425	17.46112486	13.34323938	0.023789578	NA	1.1681
16	Well 331	D3	7072022	40	WT (Kan plasmid)	3	0.05% arabinose	10	1.086176096	0.008431576	1.238062941	3.917928419	0.55986425	17.46112486	13.34323938	0.023789578	NA	1.166
16.25	Well 331	D3	7072022	40	WT (Kan plasmid)	3	0.05% arabinose	10	1.086176096	0.008431576	1.238062941	3.917928419	0.55986425	17.46112486	13.34323938	0.023789578	NA	1.1637
0	Well 341	E1	7072022	40	WT (Kan plasmid)	1	0.2% arabinose	10	0.922890845	0.011873102	1.375268212	3.155956671	0.504008727	15.53652407	12.0382	0.034301379	NA	0.09575
0.25	Well 341	E1	7072022	40	WT (Kan plasmid)	1	0.2% arabinose	10	0.922890845	0.011873102	1.375268212	3.155956671	0.504008727	15.53652407	12.0382	0.034301379	NA	0.0968
0.5	Well 341	E1	7072022	40	WT (Kan plasmid)	1	0.2% arabinose	10	0.922890845	0.011873102	1.375268212	3.155956671	0.504008727	15.53652407	12.0382	0.034301379	NA	0.099125
0.75	Well 341	E1	7072022	40	WT (Kan plasmid)	1	0.2% arabinose	10	0.922890845	0.011873102	1.375268212	3.155956671	0.504008727	15.53652407	12.0382	0.034301379	NA	0.1033
1	Well 341	E1	7072022	40	WT (Kan plasmid)	1	0.2% arabinose	10	0.922890845	0.011873102	1.375268212	3.155956671	0.504008727	15.53652407	12.0382	0.034301379	NA	0.1111
1.25	Well 341	E1	7072022	40	WT (Kan plasmid)	1	0.2% arabinose	10	0.922890845	0.011873102	1.375268212	3.155956671	0.504008727	15.53652407	12.0382	0.034301379	NA	0.12388
1.5	Well 341	E1	7072022	40	WT (Kan plasmid)	1	0.2% arabinose	10	0.922890845	0.011873102	1.375268212	3.155956671	0.504008727	15.53652407	12.0382	0.034301379	NA	0.14458
1.75	Well 341	E1	7072022	40	WT (Kan plasmid)	1	0.2% arabinose	10	0.922890845	0.011873102	1.375268212	3.155956671	0.504008727	15.53652407	12.0382	0.034301379	NA	0.17672
2	Well 341	E1	7072022	40	WT (Kan plasmid)	1	0.2% arabinose	10	0.922890845	0.011873102	1.375268212	3.155956671	0.504008727	15.53652407	12.0382	0.034301379	NA	0.22228
2.25	Well 341	E1	7072022	40	WT (Kan plasmid)	1	0.2% arabinose	10	0.922890845	0.011873102	1.375268212	3.155956671	0.504008727	15.53652407	12.0382	0.034301379	NA	0.28235
2.5	Well 341	E1	7072022	40	WT (Kan plasmid)	1	0.2% arabinose	10	0.922890845	0.011873102	1.375268212	3.155956671	0.504008727	15.53652407	12.0382	0.034301379	NA	0.36038
2.75	Well 341	E1	7072022	40	WT (Kan plasmid)	1	0.2% arabinose	10	0.922890845	0.011873102	1.375268212	3.155956671	0.504008727	15.53652407	12.0382	0.034301379	NA	0.4491
3	Well 341	E1	7072022	40	WT (Kan plasmid)	1	0.2% arabinose	10	0.922890845	0.011873102	1.375268212	3.155956671	0.504008727	15.53652407	12.0382	0.034301379	NA	0.54688
3.25	Well 341	E1	7072022	40	WT (Kan plasmid)	1	0.2% arabinose	10	0.922890845	0.011873102	1.375268212	3.155956671	0.504008727	15.53652407	12.0382	0.034301379	NA	0.63367
3.5	Well 341	E1	7072022	40	WT (Kan plasmid)	1	0.2% arabinose	10	0.922890845	0.011873102	1.375268212	3.155956671	0.504008727	15.53652407	12.0382	0.034301379	NA	0.71473
3.75	Well 341	E1	7072022	40	WT (Kan plasmid)	1	0.2% arabinose	10	0.922890845	0.011873102	1.375268212	3.155956671	0.504008727	15.53652407	12.0382	0.034301379	NA	0.76955
4	Well 341	E1	7072022	40	WT (Kan plasmid)	1	0.2% arabinose	10	0.922890845	0.011873102	1.375268212	3.155956671	0.504008727	15.53652407	12.0382	0.034301379	NA	0.80798
4.25	Well 341	E1	7072022	40	WT (Kan plasmid)	1	0.2% arabinose	10	0.922890845	0.011873102	1.375268212	3.155956671	0.504008727	15.53652407	12.0382	0.034301379	NA	0.82627
4.5	Well 341	E1	7072022	40	WT (Kan plasmid)	1	0.2% arabinose	10	0.922890845	0.011873102	1.375268212	3.155956671	0.504008727	15.53652407	12.0382	0.034301379	NA	0.83725
4.75	Well 341	E1	7072022	40	WT (Kan plasmid)	1	0.2% arabinose	10	0.922890845	0.011873102	1.375268212	3.155956671	0.504008727	15.53652407	12.0382	0.034301379	NA	0.85172
5	Well 341	E1	7072022	40	WT (Kan plasmid)	1	0.2% arabinose	10	0.922890845	0.011873102	1.375268212	3.155956671	0.504008727	15.53652407	12.0382	0.034301379	NA	0.8683
5.25	Well 341	E1	7072022	40	WT (Kan plasmid)	1	0.2% arabinose	10	0.922890845	0.011873102	1.375268212	3.155956671	0.504008727	15.53652407	12.0382	0.034301379	NA	0.89425
5.5	Well 341	E1	7072022	40	WT (Kan plasmid)	1	0.2% arabinose	10	0.922890845	0.011873102	1.375268212	3.155956671	0.504008727	15.53652407	12.0382	0.034301379	NA	0.94488
5.75	Well 341	E1	7072022	40	WT (Kan plasmid)	1	0.2% arabinose	10	0.922890845	0.011873102	1.375268212	3.155956671	0.504008727	15.53652407	12.0382	0.034301379	NA	1.0087
6	Well 341	E1	7072022	40	WT (Kan plasmid)	1	0.2% arabinose	10	0.922890845	0.011873102	1.375268212	3.155956671	0.504008727	15.53652407	12.0382	0.034301379	NA	1.0179
6.25	Well 341	E1	7072022	40	WT (Kan plasmid)	1	0.2% arabinose	10	0.922890845	0.011873102	1.375268212	3.155956671	0.504008727	15.53652407	12.0382	0.034301379	NA	1.0294
6.5	Well 341	E1	7072022	40	WT (Kan plasmid)	1	0.2% arabinose	10	0.922890845	0.011873102	1.375268212	3.155956671	0.504008727	15.53652407	12.0382	0.034301379	NA	1.0418
6.75	Well 341	E1	7072022	40	WT (Kan plasmid)	1	0.2% arabinose	10	0.922890845	0.011873102	1.375268212	3.155956671	0.504008727	15.53652407	12.0382	0.034301379	NA	1.0364
7	Well 341	E1	7072022	40	WT (Kan plasmid)	1	0.2% arabinose	10	0.922890845	0.011873102	1.375268212	3.155956671	0.504008727	15.53652407	12.0382	0.034301379	NA	1.0358
7.25	Well 341	E1	7072022	40	WT (Kan plasmid)	1	0.2% arabinose	10	0.922890845	0.011873102	1.375268212	3.155956671	0.504008727	15.53652407	12.0382	0.034301379	NA	1.0428
7.5	Well 341	E1	7072022	40	WT (Kan plasmid)	1	0.2% arabinose	10	0.922890845	0.011873102	1.375268212	3.155956671	0.504008727	15.53652407	12.0382	0.034301379	NA	1.045
7.75	Well 341	E1	7072022	40	WT (Kan plasmid)	1	0.2% arabinose	10	0.922890845	0.011873102	1.375268212	3.155956671	0.504008727	15.53652407	12.0382	0.034301379	NA	1.045
8	Well 341	E1	7072022	40	WT (Kan plasmid)	1	0.2% arabinose	10	0.922890845	0.011873102	1.375268212	3.155956671	0.504008727	15.53652407	12.0382	0.034301379	NA	1.044
8.25	Well 341	E1	7072022	40	WT (Kan plasmid)	1	0.2% arabinose	10	0.922890845	0.011873102	1.375268212	3.155956671	0.504008727	15.53652407	12.0382	0.034301379	NA	1.0434
8.5	Well 341	E1	7072022	40	WT (Kan plasmid)	1	0.2% arabinose	10	0.922890845	0.011873102	1.375268212	3.155956671	0.504008727	15.53652407	12.0382	0.034301379	NA	1.0437
8.75	Well 341	E1	7072022	40	WT (Kan plasmid)	1	0.2% arabinose	10	0.922890845	0.011873102	1.375268212	3.155956671	0.504008727	15.53652407	12.0382	0.034301379	NA	1.0504
9	Well 341	E1	7072022	40	WT (Kan plasmid)	1	0.2% arabinose	10	0.922890845	0.011873102	1.375268212	3.155956671	0.504008727	15.53652407	12.0382	0.034301379	NA	1.0487
9.25	Well 341	E1	7072022	40	WT (Kan plasmid)	1	0.2% arabinose	10	0.922890845	0.011873102	1.375268212	3.155956671	0.504008727	15.53652407	12.0382	0.034301379	NA	1.0475
9.5	Well 341	E1	7072022	40	WT (Kan plasmid)	1	0.2% arabinose	10	0.922890845	0.011873102	1.375268212	3.155956671	0.504008727	15.53652407	12.0382	0.034301379	NA	1.0463
9.75	Well 341	E1	7072022	40	WT (Kan plasmid)	1	0.2% arabinose	10	0.922890845	0.011873102	1.375268212	3.155956671	0.504008727	15.53652407	12.0382	0.034301379	NA	1.0485
10	Well 341	E1	7072022	40	WT (Kan plasmid)	1	0.2% arabinose	10	0.922890845	0.011873102	1.375268212	3.155956671	0.504008727	15.53652407	12.0382	0.034301379	NA	1.0494
10.25	Well 341	E1	7072022	40	WT (Kan plasmid)	1	0.2% arabinose	10	0.922890845	0.011873102	1.375268212	3.155956671	0.504008727	15.53652407	12.0382	0.034301379	NA	1.0516
10.5	Well 341	E1	7072022	40	WT (Kan plasmid)	1	0.2% arabinose	10	0.922890845	0.011873102	1.375268212	3.155956671	0.504008727	15.53652407	12.0382	0.034301379	NA	1.0517
10.75	Well 341	E1	7072022	40	WT (Kan plasmid)	1	0.2% arabinose	10	0.922890845	0.011873102	1.375268212	3.155956671	0.504008727	15.53652407	12.0382	0.034301379	NA	1.0518
11	Well 341	E1	7072022	40	WT (Kan plasmid)	1	0.2% arabinose	10	0.922890845	0.011873102	1.375268212	3.155956671	0.504008727	15.53652407	12.0382	0.034301379	NA	1.051
11.25	Well 341	E1	7072022	40	WT (Kan plasmid)	1	0.2% arabinose	10	0.922890845	0.011873102	1.375268212	3.155956671	0.504008727	15.53652407	12.0382	0.034301379	NA	1.048
11.5	Well 341	E1	7072022	40	WT (Kan plasmid)	1	0.2% arabinose	10	0.922890845	0.011873102	1.375268212	3.155956671	0.504008727	15.53652407	12.0382	0.034301379	NA	1.0432
11.75	Well 341	E1	7072022	40	WT (Kan plasmid)	1	0.2% arabinose	10	0.922890845	0.011873102	1.375268212	3.155956671	0.504008727	15.53652407	12.0382	0.034301379	NA	1.0372
12	Well 341	E1	7072022	40	WT (Kan plasmid)	1	0.2% arabinose	10	0.922890845	0.011873102	1.375268212	3.155956671	0.504008727	15.53652407	12.0382	0.034301379	NA	1.0299
12.25	Well 341	E1	7072022	40	WT (Kan plasmid)	1	0.2% arabinose	10	0.922890845	0.011873102	1.375268212	3.155956671	0.504008727	15.53652407	12.0382	0.034301379	NA	1.0235
12.5	Well 341	E1	7072022	40	WT (Kan plasmid)	1	0.2% arabinose	10	0.922890845	0.011873102	1.375268212	3.155956671	0.504008727	15.53652407	12.0382	0.034301379	NA	1.0168
12.75	Well 341	E1	7072022	40	WT (Kan plasmid)	1	0.2% arabinose	10	0.922890845	0.011873102	1.375268212	3.155956671	0.504008727	15.53652407	12.0382	0.034301379	NA	1.0116
13	Well 341	E1	7072022	40	WT (Kan plasmid)	1	0.2% arabinose	10	0.922890845	0.011873102	1.375268212	3.155956671	0.504008727	15.53652407	12.0382	0.034301379	NA	1.0063
13.25	Well 341	E1	7072022	40	WT (Kan plasmid)	1	0.2% arabinose	10	0.922890845	0.011873102	1.375268212	3.155956671	0.504008727	15.53652407	12.0382	0.034301379	NA	1.0018
13.5	Well 341	E1	7072022	40	WT (Kan plasmid)	1	0.2% arabinose	10	0.922890845	0.011873102	1.375268212	3.155956671	0.504008727	15.53652407	12.0382	0.034301379	NA	0.99922
13.75	Well 341	E1	7072022	40	WT (Kan plasmid)	1	0.2% arabinose	10	0.922890845	0.011873102	1.375268212	3.155956671	0.504008727	15.53652407	12.0382	0.034301379	NA	0.99595
14	Well 341	E1	7072022	40	WT (Kan plasmid)	1	0.2% arabinose	10	0.922890845	0.011873102	1.375268212	3.155956671	0.504008727	15.53652407	12.0382	0.034301379	NA	0.99277
14.25	Well 341	E1	7072022	40	WT (Kan plasmid)	1	0.2% arabinose	10	0.922890845	0.011873102	1.375268212	3.155956671	0.504008727	15.53652407	12.0382	0.034301379	NA	0.98928
14.5	Well 341	E1	7072022	40	WT (Kan plasmid)	1	0.2% arabinose	10	0.922890845	0.011873102	1.375268212	3.155956671	0.504008727	15.53652407	12.0382	0.034301379	NA	0.9859
14.75	Well 341	E1	7072022	40	WT (Kan plasmid)	1	0.2% arabinose	10	0.922890845	0.011873102	1.375268212	3.155956671	0.504008727	15.53652407	12.0382	0.034301379	NA	0.98272
15	Well 341	E1	7072022	40	WT (Kan plasmid)	1	0.2% arabinose	10	0.922890845	0.011873102	1.375268212	3.155956671	0.504008727	15.53652407	12.0382	0.034301379	NA	0.98045
15.25	Well 341	E1	7072022	40	WT (Kan plasmid)	1	0.2% arabinose	10	0.922890845	0.011873102	1.375268212	3.155956671	0.504008727	15.53652407	12.0382	0.034301379	NA	0.978
15.5	Well 341	E1	7072022	40	WT (Kan plasmid)	1	0.2% arabinose	10	0.922890845	0.011873102	1.375268212	3.155956671	0.504008727	15.53652407	12.0382	0.034301379	NA	0.97705
15.75	Well 341	E1	7072022	40	WT (Kan plasmid)	1	0.2% arabinose	10	0.922890845	0.011873102	1.375268212	3.155956671	0.504008727	15.53652407	12.0382	0.034301379	NA	0.97513
16	Well 341	E1	7072022	40	WT (Kan plasmid)	1	0.2% arabinose	10	0.922890845	0.011873102	1.375268212	3.155956671	0.504008727	15.53652407	12.0382	0.034301379	NA	0.9728
16.25	Well 341	E1	7072022	40	WT (Kan plasmid)	1	0.2% arabinose	10	0.922890845	0.011873102	1.375268212	3.155956671	0.504008727	15.53652407	12.0382	0.034301379	NA	0.97042
0	Well 342	E2	7072022	40	WT (Kan plasmid)	2	0.2% arabinose	10	0.979859185	0.017646372	1.24599726	3.209240955	0.556299121	16.43828795	12.71227625	0.037465253	NA	0.09735
0.25	Well 342	E2	7072022	40	WT (Kan plasmid)	2	0.2% arabinose	10	0.979859185	0.017646372	1.24599726	3.209240955	0.556299121	16.43828795	12.71227625	0.037465253	NA	0.09865
0.5	Well 342	E2	7072022	40	WT (Kan plasmid)	2	0.2% arabinose	10	0.979859185	0.017646372	1.24599726	3.209240955	0.556299121	16.43828795	12.71227625	0.037465253	NA	0.10125
0.75	Well 342	E2	7072022	40	WT (Kan plasmid)	2	0.2% arabinose	10	0.979859185	0.017646372	1.24599726	3.209240955	0.556299121	16.43828795	12.71227625	0.037465253	NA	0.10595
1	Well 342	E2	7072022	40	WT (Kan plasmid)	2	0.2% arabinose	10	0.979859185	0.017646372	1.24599726	3.209240955	0.556299121	16.43828795	12.71227625	0.037465253	NA	0.11468
1.25	Well 342	E2	7072022	40	WT (Kan plasmid)	2	0.2% arabinose	10	0.979859185	0.017646372	1.24599726	3.209240955	0.556299121	16.43828795	12.71227625	0.037465253	NA	0.1282
1.5	Well 342	E2	7072022	40	WT (Kan plasmid)	2	0.2% arabinose	10	0.979859185	0.017646372	1.24599726	3.209240955	0.556299121	16.43828795	12.71227625	0.037465253	NA	0.1507
1.75	Well 342	E2	7072022	40	WT (Kan plasmid)	2	0.2% arabinose	10	0.979859185	0.017646372	1.24599726	3.209240955	0.556299121	16.43828795	12.71227625	0.037465253	NA	0.18592
2	Well 342	E2	7072022	40	WT (Kan plasmid)	2	0.2% arabinose	10	0.979859185	0.017646372	1.24599726	3.209240955	0.556299121	16.43828795	12.71227625	0.037465253	NA	0.23465
2.25	Well 342	E2	7072022	40	WT (Kan plasmid)	2	0.2% arabinose	10	0.979859185	0.017646372	1.24599726	3.209240955	0.556299121	16.43828795	12.71227625	0.037465253	NA	0.30165
2.5	Well 342	E2	7072022	40	WT (Kan plasmid)	2	0.2% arabinose	10	0.979859185	0.017646372	1.24599726	3.209240955	0.556299121	16.43828795	12.71227625	0.037465253	NA	0.38632
2.75	Well 342	E2	7072022	40	WT (Kan plasmid)	2	0.2% arabinose	10	0.979859185	0.017646372	1.24599726	3.209240955	0.556299121	16.43828795	12.71227625	0.037465253	NA	0.47683
3	Well 342	E2	7072022	40	WT (Kan plasmid)	2	0.2% arabinose	10	0.979859185	0.017646372	1.24599726	3.209240955	0.556299121	16.43828795	12.71227625	0.037465253	NA	0.58123
3.25	Well 342	E2	7072022	40	WT (Kan plasmid)	2	0.2% arabinose	10	0.979859185	0.017646372	1.24599726	3.209240955	0.556299121	16.43828795	12.71227625	0.037465253	NA	0.66573
3.5	Well 342	E2	7072022	40	WT (Kan plasmid)	2	0.2% arabinose	10	0.979859185	0.017646372	1.24599726	3.209240955	0.556299121	16.43828795	12.71227625	0.037465253	NA	0.73938
3.75	Well 342	E2	7072022	40	WT (Kan plasmid)	2	0.2% arabinose	10	0.979859185	0.017646372	1.24599726	3.209240955	0.556299121	16.43828795	12.71227625	0.037465253	NA	0.7916
4	Well 342	E2	7072022	40	WT (Kan plasmid)	2	0.2% arabinose	10	0.979859185	0.017646372	1.24599726	3.209240955	0.556299121	16.43828795	12.71227625	0.037465253	NA	0.82705
4.25	Well 342	E2	7072022	40	WT (Kan plasmid)	2	0.2% arabinose	10	0.979859185	0.017646372	1.24599726	3.209240955	0.556299121	16.43828795	12.71227625	0.037465253	NA	0.84468
4.5	Well 342	E2	7072022	40	WT (Kan plasmid)	2	0.2% arabinose	10	0.979859185	0.017646372	1.24599726	3.209240955	0.556299121	16.43828795	12.71227625	0.037465253	NA	0.85638
4.75	Well 342	E2	7072022	40	WT (Kan plasmid)	2	0.2% arabinose	10	0.979859185	0.017646372	1.24599726	3.209240955	0.556299121	16.43828795	12.71227625	0.037465253	NA	0.8721
5	Well 342	E2	7072022	40	WT (Kan plasmid)	2	0.2% arabinose	10	0.979859185	0.017646372	1.24599726	3.209240955	0.556299121	16.43828795	12.71227625	0.037465253	NA	0.88958
5.25	Well 342	E2	7072022	40	WT (Kan plasmid)	2	0.2% arabinose	10	0.979859185	0.017646372	1.24599726	3.209240955	0.556299121	16.43828795	12.71227625	0.037465253	NA	0.91568
5.5	Well 342	E2	7072022	40	WT (Kan plasmid)	2	0.2% arabinose	10	0.979859185	0.017646372	1.24599726	3.209240955	0.556299121	16.43828795	12.71227625	0.037465253	NA	0.96657
5.75	Well 342	E2	7072022	40	WT (Kan plasmid)	2	0.2% arabinose	10	0.979859185	0.017646372	1.24599726	3.209240955	0.556299121	16.43828795	12.71227625	0.037465253	NA	1.0461
6	Well 342	E2	7072022	40	WT (Kan plasmid)	2	0.2% arabinose	10	0.979859185	0.017646372	1.24599726	3.209240955	0.556299121	16.43828795	12.71227625	0.037465253	NA	1.0539
6.25	Well 342	E2	7072022	40	WT (Kan plasmid)	2	0.2% arabinose	10	0.979859185	0.017646372	1.24599726	3.209240955	0.556299121	16.43828795	12.71227625	0.037465253	NA	1.0654
6.5	Well 342	E2	7072022	40	WT (Kan plasmid)	2	0.2% arabinose	10	0.979859185	0.017646372	1.24599726	3.209240955	0.556299121	16.43828795	12.71227625	0.037465253	NA	1.0823
6.75	Well 342	E2	7072022	40	WT (Kan plasmid)	2	0.2% arabinose	10	0.979859185	0.017646372	1.24599726	3.209240955	0.556299121	16.43828795	12.71227625	0.037465253	NA	1.0761
7	Well 342	E2	7072022	40	WT (Kan plasmid)	2	0.2% arabinose	10	0.979859185	0.017646372	1.24599726	3.209240955	0.556299121	16.43828795	12.71227625	0.037465253	NA	1.0766
7.25	Well 342	E2	7072022	40	WT (Kan plasmid)	2	0.2% arabinose	10	0.979859185	0.017646372	1.24599726	3.209240955	0.556299121	16.43828795	12.71227625	0.037465253	NA	1.0841
7.5	Well 342	E2	7072022	40	WT (Kan plasmid)	2	0.2% arabinose	10	0.979859185	0.017646372	1.24599726	3.209240955	0.556299121	16.43828795	12.71227625	0.037465253	NA	1.0856
7.75	Well 342	E2	7072022	40	WT (Kan plasmid)	2	0.2% arabinose	10	0.979859185	0.017646372	1.24599726	3.209240955	0.556299121	16.43828795	12.71227625	0.037465253	NA	1.0855
8	Well 342	E2	7072022	40	WT (Kan plasmid)	2	0.2% arabinose	10	0.979859185	0.017646372	1.24599726	3.209240955	0.556299121	16.43828795	12.71227625	0.037465253	NA	1.0857
8.25	Well 342	E2	7072022	40	WT (Kan plasmid)	2	0.2% arabinose	10	0.979859185	0.017646372	1.24599726	3.209240955	0.556299121	16.43828795	12.71227625	0.037465253	NA	1.0905
8.5	Well 342	E2	7072022	40	WT (Kan plasmid)	2	0.2% arabinose	10	0.979859185	0.017646372	1.24599726	3.209240955	0.556299121	16.43828795	12.71227625	0.037465253	NA	1.0999
8.75	Well 342	E2	7072022	40	WT (Kan plasmid)	2	0.2% arabinose	10	0.979859185	0.017646372	1.24599726	3.209240955	0.556299121	16.43828795	12.71227625	0.037465253	NA	1.1012
9	Well 342	E2	7072022	40	WT (Kan plasmid)	2	0.2% arabinose	10	0.979859185	0.017646372	1.24599726	3.209240955	0.556299121	16.43828795	12.71227625	0.037465253	NA	1.1011
9.25	Well 342	E2	7072022	40	WT (Kan plasmid)	2	0.2% arabinose	10	0.979859185	0.017646372	1.24599726	3.209240955	0.556299121	16.43828795	12.71227625	0.037465253	NA	1.1031
9.5	Well 342	E2	7072022	40	WT (Kan plasmid)	2	0.2% arabinose	10	0.979859185	0.017646372	1.24599726	3.209240955	0.556299121	16.43828795	12.71227625	0.037465253	NA	1.1061
9.75	Well 342	E2	7072022	40	WT (Kan plasmid)	2	0.2% arabinose	10	0.979859185	0.017646372	1.24599726	3.209240955	0.556299121	16.43828795	12.71227625	0.037465253	NA	1.1113
10	Well 342	E2	7072022	40	WT (Kan plasmid)	2	0.2% arabinose	10	0.979859185	0.017646372	1.24599726	3.209240955	0.556299121	16.43828795	12.71227625	0.037465253	NA	1.1153
10.25	Well 342	E2	7072022	40	WT (Kan plasmid)	2	0.2% arabinose	10	0.979859185	0.017646372	1.24599726	3.209240955	0.556299121	16.43828795	12.71227625	0.037465253	NA	1.1189
10.5	Well 342	E2	7072022	40	WT (Kan plasmid)	2	0.2% arabinose	10	0.979859185	0.017646372	1.24599726	3.209240955	0.556299121	16.43828795	12.71227625	0.037465253	NA	1.1203
10.75	Well 342	E2	7072022	40	WT (Kan plasmid)	2	0.2% arabinose	10	0.979859185	0.017646372	1.24599726	3.209240955	0.556299121	16.43828795	12.71227625	0.037465253	NA	1.1216
11	Well 342	E2	7072022	40	WT (Kan plasmid)	2	0.2% arabinose	10	0.979859185	0.017646372	1.24599726	3.209240955	0.556299121	16.43828795	12.71227625	0.037465253	NA	1.1205
11.25	Well 342	E2	7072022	40	WT (Kan plasmid)	2	0.2% arabinose	10	0.979859185	0.017646372	1.24599726	3.209240955	0.556299121	16.43828795	12.71227625	0.037465253	NA	1.1157
11.5	Well 342	E2	7072022	40	WT (Kan plasmid)	2	0.2% arabinose	10	0.979859185	0.017646372	1.24599726	3.209240955	0.556299121	16.43828795	12.71227625	0.037465253	NA	1.109
11.75	Well 342	E2	7072022	40	WT (Kan plasmid)	2	0.2% arabinose	10	0.979859185	0.017646372	1.24599726	3.209240955	0.556299121	16.43828795	12.71227625	0.037465253	NA	1.1018
12	Well 342	E2	7072022	40	WT (Kan plasmid)	2	0.2% arabinose	10	0.979859185	0.017646372	1.24599726	3.209240955	0.556299121	16.43828795	12.71227625	0.037465253	NA	1.0938
12.25	Well 342	E2	7072022	40	WT (Kan plasmid)	2	0.2% arabinose	10	0.979859185	0.017646372	1.24599726	3.209240955	0.556299121	16.43828795	12.71227625	0.037465253	NA	1.0863
12.5	Well 342	E2	7072022	40	WT (Kan plasmid)	2	0.2% arabinose	10	0.979859185	0.017646372	1.24599726	3.209240955	0.556299121	16.43828795	12.71227625	0.037465253	NA	1.0782
12.75	Well 342	E2	7072022	40	WT (Kan plasmid)	2	0.2% arabinose	10	0.979859185	0.017646372	1.24599726	3.209240955	0.556299121	16.43828795	12.71227625	0.037465253	NA	1.0714
13	Well 342	E2	7072022	40	WT (Kan plasmid)	2	0.2% arabinose	10	0.979859185	0.017646372	1.24599726	3.209240955	0.556299121	16.43828795	12.71227625	0.037465253	NA	1.0659
13.25	Well 342	E2	7072022	40	WT (Kan plasmid)	2	0.2% arabinose	10	0.979859185	0.017646372	1.24599726	3.209240955	0.556299121	16.43828795	12.71227625	0.037465253	NA	1.0617
13.5	Well 342	E2	7072022	40	WT (Kan plasmid)	2	0.2% arabinose	10	0.979859185	0.017646372	1.24599726	3.209240955	0.556299121	16.43828795	12.71227625	0.037465253	NA	1.0592
13.75	Well 342	E2	7072022	40	WT (Kan plasmid)	2	0.2% arabinose	10	0.979859185	0.017646372	1.24599726	3.209240955	0.556299121	16.43828795	12.71227625	0.037465253	NA	1.0566
14	Well 342	E2	7072022	40	WT (Kan plasmid)	2	0.2% arabinose	10	0.979859185	0.017646372	1.24599726	3.209240955	0.556299121	16.43828795	12.71227625	0.037465253	NA	1.0548
14.25	Well 342	E2	7072022	40	WT (Kan plasmid)	2	0.2% arabinose	10	0.979859185	0.017646372	1.24599726	3.209240955	0.556299121	16.43828795	12.71227625	0.037465253	NA	1.0516
14.5	Well 342	E2	7072022	40	WT (Kan plasmid)	2	0.2% arabinose	10	0.979859185	0.017646372	1.24599726	3.209240955	0.556299121	16.43828795	12.71227625	0.037465253	NA	1.0501
14.75	Well 342	E2	7072022	40	WT (Kan plasmid)	2	0.2% arabinose	10	0.979859185	0.017646372	1.24599726	3.209240955	0.556299121	16.43828795	12.71227625	0.037465253	NA	1.0482
15	Well 342	E2	7072022	40	WT (Kan plasmid)	2	0.2% arabinose	10	0.979859185	0.017646372	1.24599726	3.209240955	0.556299121	16.43828795	12.71227625	0.037465253	NA	1.0463
15.25	Well 342	E2	7072022	40	WT (Kan plasmid)	2	0.2% arabinose	10	0.979859185	0.017646372	1.24599726	3.209240955	0.556299121	16.43828795	12.71227625	0.037465253	NA	1.0449
15.5	Well 342	E2	7072022	40	WT (Kan plasmid)	2	0.2% arabinose	10	0.979859185	0.017646372	1.24599726	3.209240955	0.556299121	16.43828795	12.71227625	0.037465253	NA	1.0438
15.75	Well 342	E2	7072022	40	WT (Kan plasmid)	2	0.2% arabinose	10	0.979859185	0.017646372	1.24599726	3.209240955	0.556299121	16.43828795	12.71227625	0.037465253	NA	1.0425
16	Well 342	E2	7072022	40	WT (Kan plasmid)	2	0.2% arabinose	10	0.979859185	0.017646372	1.24599726	3.209240955	0.556299121	16.43828795	12.71227625	0.037465253	NA	1.041
16.25	Well 342	E2	7072022	40	WT (Kan plasmid)	2	0.2% arabinose	10	0.979859185	0.017646372	1.24599726	3.209240955	0.556299121	16.43828795	12.71227625	0.037465253	NA	1.039
0	Well 343	E3	7072022	40	WT (Kan plasmid)	3	0.2% arabinose	10	0.994337417	0.021963933	1.166867085	3.248303381	0.594024109	16.63780476	12.84920438	0.040046747	NA	0.094375
0.25	Well 343	E3	7072022	40	WT (Kan plasmid)	3	0.2% arabinose	10	0.994337417	0.021963933	1.166867085	3.248303381	0.594024109	16.63780476	12.84920438	0.040046747	NA	0.095475
0.5	Well 343	E3	7072022	40	WT (Kan plasmid)	3	0.2% arabinose	10	0.994337417	0.021963933	1.166867085	3.248303381	0.594024109	16.63780476	12.84920438	0.040046747	NA	0.09825
0.75	Well 343	E3	7072022	40	WT (Kan plasmid)	3	0.2% arabinose	10	0.994337417	0.021963933	1.166867085	3.248303381	0.594024109	16.63780476	12.84920438	0.040046747	NA	0.10293
1	Well 343	E3	7072022	40	WT (Kan plasmid)	3	0.2% arabinose	10	0.994337417	0.021963933	1.166867085	3.248303381	0.594024109	16.63780476	12.84920438	0.040046747	NA	0.1116
1.25	Well 343	E3	7072022	40	WT (Kan plasmid)	3	0.2% arabinose	10	0.994337417	0.021963933	1.166867085	3.248303381	0.594024109	16.63780476	12.84920438	0.040046747	NA	0.12555
1.5	Well 343	E3	7072022	40	WT (Kan plasmid)	3	0.2% arabinose	10	0.994337417	0.021963933	1.166867085	3.248303381	0.594024109	16.63780476	12.84920438	0.040046747	NA	0.14848
1.75	Well 343	E3	7072022	40	WT (Kan plasmid)	3	0.2% arabinose	10	0.994337417	0.021963933	1.166867085	3.248303381	0.594024109	16.63780476	12.84920438	0.040046747	NA	0.18467
2	Well 343	E3	7072022	40	WT (Kan plasmid)	3	0.2% arabinose	10	0.994337417	0.021963933	1.166867085	3.248303381	0.594024109	16.63780476	12.84920438	0.040046747	NA	0.23467
2.25	Well 343	E3	7072022	40	WT (Kan plasmid)	3	0.2% arabinose	10	0.994337417	0.021963933	1.166867085	3.248303381	0.594024109	16.63780476	12.84920438	0.040046747	NA	0.30395
2.5	Well 343	E3	7072022	40	WT (Kan plasmid)	3	0.2% arabinose	10	0.994337417	0.021963933	1.166867085	3.248303381	0.594024109	16.63780476	12.84920438	0.040046747	NA	0.39148
2.75	Well 343	E3	7072022	40	WT (Kan plasmid)	3	0.2% arabinose	10	0.994337417	0.021963933	1.166867085	3.248303381	0.594024109	16.63780476	12.84920438	0.040046747	NA	0.4825
3	Well 343	E3	7072022	40	WT (Kan plasmid)	3	0.2% arabinose	10	0.994337417	0.021963933	1.166867085	3.248303381	0.594024109	16.63780476	12.84920438	0.040046747	NA	0.587
3.25	Well 343	E3	7072022	40	WT (Kan plasmid)	3	0.2% arabinose	10	0.994337417	0.021963933	1.166867085	3.248303381	0.594024109	16.63780476	12.84920438	0.040046747	NA	0.66955
3.5	Well 343	E3	7072022	40	WT (Kan plasmid)	3	0.2% arabinose	10	0.994337417	0.021963933	1.166867085	3.248303381	0.594024109	16.63780476	12.84920438	0.040046747	NA	0.73947
3.75	Well 343	E3	7072022	40	WT (Kan plasmid)	3	0.2% arabinose	10	0.994337417	0.021963933	1.166867085	3.248303381	0.594024109	16.63780476	12.84920438	0.040046747	NA	0.78932
4	Well 343	E3	7072022	40	WT (Kan plasmid)	3	0.2% arabinose	10	0.994337417	0.021963933	1.166867085	3.248303381	0.594024109	16.63780476	12.84920438	0.040046747	NA	0.82253
4.25	Well 343	E3	7072022	40	WT (Kan plasmid)	3	0.2% arabinose	10	0.994337417	0.021963933	1.166867085	3.248303381	0.594024109	16.63780476	12.84920438	0.040046747	NA	0.83973
4.5	Well 343	E3	7072022	40	WT (Kan plasmid)	3	0.2% arabinose	10	0.994337417	0.021963933	1.166867085	3.248303381	0.594024109	16.63780476	12.84920438	0.040046747	NA	0.85092
4.75	Well 343	E3	7072022	40	WT (Kan plasmid)	3	0.2% arabinose	10	0.994337417	0.021963933	1.166867085	3.248303381	0.594024109	16.63780476	12.84920438	0.040046747	NA	0.86583
5	Well 343	E3	7072022	40	WT (Kan plasmid)	3	0.2% arabinose	10	0.994337417	0.021963933	1.166867085	3.248303381	0.594024109	16.63780476	12.84920438	0.040046747	NA	0.88257
5.25	Well 343	E3	7072022	40	WT (Kan plasmid)	3	0.2% arabinose	10	0.994337417	0.021963933	1.166867085	3.248303381	0.594024109	16.63780476	12.84920438	0.040046747	NA	0.90388
5.5	Well 343	E3	7072022	40	WT (Kan plasmid)	3	0.2% arabinose	10	0.994337417	0.021963933	1.166867085	3.248303381	0.594024109	16.63780476	12.84920438	0.040046747	NA	0.95293
5.75	Well 343	E3	7072022	40	WT (Kan plasmid)	3	0.2% arabinose	10	0.994337417	0.021963933	1.166867085	3.248303381	0.594024109	16.63780476	12.84920438	0.040046747	NA	0.99287
6	Well 343	E3	7072022	40	WT (Kan plasmid)	3	0.2% arabinose	10	0.994337417	0.021963933	1.166867085	3.248303381	0.594024109	16.63780476	12.84920438	0.040046747	NA	1.0582
6.25	Well 343	E3	7072022	40	WT (Kan plasmid)	3	0.2% arabinose	10	0.994337417	0.021963933	1.166867085	3.248303381	0.594024109	16.63780476	12.84920438	0.040046747	NA	1.0576
6.5	Well 343	E3	7072022	40	WT (Kan plasmid)	3	0.2% arabinose	10	0.994337417	0.021963933	1.166867085	3.248303381	0.594024109	16.63780476	12.84920438	0.040046747	NA	1.0718
6.75	Well 343	E3	7072022	40	WT (Kan plasmid)	3	0.2% arabinose	10	0.994337417	0.021963933	1.166867085	3.248303381	0.594024109	16.63780476	12.84920438	0.040046747	NA	1.0783
7	Well 343	E3	7072022	40	WT (Kan plasmid)	3	0.2% arabinose	10	0.994337417	0.021963933	1.166867085	3.248303381	0.594024109	16.63780476	12.84920438	0.040046747	NA	1.0749
7.25	Well 343	E3	7072022	40	WT (Kan plasmid)	3	0.2% arabinose	10	0.994337417	0.021963933	1.166867085	3.248303381	0.594024109	16.63780476	12.84920438	0.040046747	NA	1.08
7.5	Well 343	E3	7072022	40	WT (Kan plasmid)	3	0.2% arabinose	10	0.994337417	0.021963933	1.166867085	3.248303381	0.594024109	16.63780476	12.84920438	0.040046747	NA	1.085
7.75	Well 343	E3	7072022	40	WT (Kan plasmid)	3	0.2% arabinose	10	0.994337417	0.021963933	1.166867085	3.248303381	0.594024109	16.63780476	12.84920438	0.040046747	NA	1.0845
8	Well 343	E3	7072022	40	WT (Kan plasmid)	3	0.2% arabinose	10	0.994337417	0.021963933	1.166867085	3.248303381	0.594024109	16.63780476	12.84920438	0.040046747	NA	1.0842
8.25	Well 343	E3	7072022	40	WT (Kan plasmid)	3	0.2% arabinose	10	0.994337417	0.021963933	1.166867085	3.248303381	0.594024109	16.63780476	12.84920438	0.040046747	NA	1.086
8.5	Well 343	E3	7072022	40	WT (Kan plasmid)	3	0.2% arabinose	10	0.994337417	0.021963933	1.166867085	3.248303381	0.594024109	16.63780476	12.84920438	0.040046747	NA	1.0959
8.75	Well 343	E3	7072022	40	WT (Kan plasmid)	3	0.2% arabinose	10	0.994337417	0.021963933	1.166867085	3.248303381	0.594024109	16.63780476	12.84920438	0.040046747	NA	1.0989
9	Well 343	E3	7072022	40	WT (Kan plasmid)	3	0.2% arabinose	10	0.994337417	0.021963933	1.166867085	3.248303381	0.594024109	16.63780476	12.84920438	0.040046747	NA	1.0993
9.25	Well 343	E3	7072022	40	WT (Kan plasmid)	3	0.2% arabinose	10	0.994337417	0.021963933	1.166867085	3.248303381	0.594024109	16.63780476	12.84920438	0.040046747	NA	1.1011
9.5	Well 343	E3	7072022	40	WT (Kan plasmid)	3	0.2% arabinose	10	0.994337417	0.021963933	1.166867085	3.248303381	0.594024109	16.63780476	12.84920438	0.040046747	NA	1.1047
9.75	Well 343	E3	7072022	40	WT (Kan plasmid)	3	0.2% arabinose	10	0.994337417	0.021963933	1.166867085	3.248303381	0.594024109	16.63780476	12.84920438	0.040046747	NA	1.1123
10	Well 343	E3	7072022	40	WT (Kan plasmid)	3	0.2% arabinose	10	0.994337417	0.021963933	1.166867085	3.248303381	0.594024109	16.63780476	12.84920438	0.040046747	NA	1.1166
10.25	Well 343	E3	7072022	40	WT (Kan plasmid)	3	0.2% arabinose	10	0.994337417	0.021963933	1.166867085	3.248303381	0.594024109	16.63780476	12.84920438	0.040046747	NA	1.1209
10.5	Well 343	E3	7072022	40	WT (Kan plasmid)	3	0.2% arabinose	10	0.994337417	0.021963933	1.166867085	3.248303381	0.594024109	16.63780476	12.84920438	0.040046747	NA	1.1238
10.75	Well 343	E3	7072022	40	WT (Kan plasmid)	3	0.2% arabinose	10	0.994337417	0.021963933	1.166867085	3.248303381	0.594024109	16.63780476	12.84920438	0.040046747	NA	1.1275
11	Well 343	E3	7072022	40	WT (Kan plasmid)	3	0.2% arabinose	10	0.994337417	0.021963933	1.166867085	3.248303381	0.594024109	16.63780476	12.84920438	0.040046747	NA	1.1331
11.25	Well 343	E3	7072022	40	WT (Kan plasmid)	3	0.2% arabinose	10	0.994337417	0.021963933	1.166867085	3.248303381	0.594024109	16.63780476	12.84920438	0.040046747	NA	1.1349
11.5	Well 343	E3	7072022	40	WT (Kan plasmid)	3	0.2% arabinose	10	0.994337417	0.021963933	1.166867085	3.248303381	0.594024109	16.63780476	12.84920438	0.040046747	NA	1.1324
11.75	Well 343	E3	7072022	40	WT (Kan plasmid)	3	0.2% arabinose	10	0.994337417	0.021963933	1.166867085	3.248303381	0.594024109	16.63780476	12.84920438	0.040046747	NA	1.1286
12	Well 343	E3	7072022	40	WT (Kan plasmid)	3	0.2% arabinose	10	0.994337417	0.021963933	1.166867085	3.248303381	0.594024109	16.63780476	12.84920438	0.040046747	NA	1.1231
12.25	Well 343	E3	7072022	40	WT (Kan plasmid)	3	0.2% arabinose	10	0.994337417	0.021963933	1.166867085	3.248303381	0.594024109	16.63780476	12.84920438	0.040046747	NA	1.1184
12.5	Well 343	E3	7072022	40	WT (Kan plasmid)	3	0.2% arabinose	10	0.994337417	0.021963933	1.166867085	3.248303381	0.594024109	16.63780476	12.84920438	0.040046747	NA	1.1129
12.75	Well 343	E3	7072022	40	WT (Kan plasmid)	3	0.2% arabinose	10	0.994337417	0.021963933	1.166867085	3.248303381	0.594024109	16.63780476	12.84920438	0.040046747	NA	1.1087
13	Well 343	E3	7072022	40	WT (Kan plasmid)	3	0.2% arabinose	10	0.994337417	0.021963933	1.166867085	3.248303381	0.594024109	16.63780476	12.84920438	0.040046747	NA	1.1035
13.25	Well 343	E3	7072022	40	WT (Kan plasmid)	3	0.2% arabinose	10	0.994337417	0.021963933	1.166867085	3.248303381	0.594024109	16.63780476	12.84920438	0.040046747	NA	1.0992
13.5	Well 343	E3	7072022	40	WT (Kan plasmid)	3	0.2% arabinose	10	0.994337417	0.021963933	1.166867085	3.248303381	0.594024109	16.63780476	12.84920438	0.040046747	NA	1.0941
13.75	Well 343	E3	7072022	40	WT (Kan plasmid)	3	0.2% arabinose	10	0.994337417	0.021963933	1.166867085	3.248303381	0.594024109	16.63780476	12.84920438	0.040046747	NA	1.0875
14	Well 343	E3	7072022	40	WT (Kan plasmid)	3	0.2% arabinose	10	0.994337417	0.021963933	1.166867085	3.248303381	0.594024109	16.63780476	12.84920438	0.040046747	NA	1.0796
14.25	Well 343	E3	7072022	40	WT (Kan plasmid)	3	0.2% arabinose	10	0.994337417	0.021963933	1.166867085	3.248303381	0.594024109	16.63780476	12.84920438	0.040046747	NA	1.0726
14.5	Well 343	E3	7072022	40	WT (Kan plasmid)	3	0.2% arabinose	10	0.994337417	0.021963933	1.166867085	3.248303381	0.594024109	16.63780476	12.84920438	0.040046747	NA	1.066
14.75	Well 343	E3	7072022	40	WT (Kan plasmid)	3	0.2% arabinose	10	0.994337417	0.021963933	1.166867085	3.248303381	0.594024109	16.63780476	12.84920438	0.040046747	NA	1.0614
15	Well 343	E3	7072022	40	WT (Kan plasmid)	3	0.2% arabinose	10	0.994337417	0.021963933	1.166867085	3.248303381	0.594024109	16.63780476	12.84920438	0.040046747	NA	1.0582
15.25	Well 343	E3	7072022	40	WT (Kan plasmid)	3	0.2% arabinose	10	0.994337417	0.021963933	1.166867085	3.248303381	0.594024109	16.63780476	12.84920438	0.040046747	NA	1.0556
15.5	Well 343	E3	7072022	40	WT (Kan plasmid)	3	0.2% arabinose	10	0.994337417	0.021963933	1.166867085	3.248303381	0.594024109	16.63780476	12.84920438	0.040046747	NA	1.0541
15.75	Well 343	E3	7072022	40	WT (Kan plasmid)	3	0.2% arabinose	10	0.994337417	0.021963933	1.166867085	3.248303381	0.594024109	16.63780476	12.84920438	0.040046747	NA	1.0512
16	Well 343	E3	7072022	40	WT (Kan plasmid)	3	0.2% arabinose	10	0.994337417	0.021963933	1.166867085	3.248303381	0.594024109	16.63780476	12.84920438	0.040046747	NA	1.0484
16.25	Well 343	E3	7072022	40	WT (Kan plasmid)	3	0.2% arabinose	10	0.994337417	0.021963933	1.166867085	3.248303381	0.594024109	16.63780476	12.84920438	0.040046747	NA	1.0457
